Comparison,Observed t,Abundance null median t,Abundance null percentile,Abundance measure,Class null median t,Class null percentile
"Human vastus lateralis metabolite, EE–CON 15–45 min",5.3553521965342545,0.1423716935196741,100.0,baseline (column),0.06836030983818925,100.0
"Human vastus lateralis metabolite, EE–CON 3.5–4 h",2.6757242429593813,0.2561448278243529,98.7,baseline (column),0.2610085506366352,99.3
"Human vastus lateralis metabolite, EE–CON 24 h",-0.07601129796105595,0.168473369428715,40.6,baseline (column),-0.06808859728579462,49.9
"Human vastus lateralis metabolite, RE–CON 15–45 min",4.870993472637752,0.2782829825941155,99.9,baseline (column),0.20471227937279085,100.0
"Human vastus lateralis metabolite, RE–CON 3.5–4 h",1.5712994223022672,0.01746061889793844,92.5,baseline (column),-0.038793152625984,94.8
"Human vastus lateralis metabolite, RE–CON 24 h",-0.5939248922762527,-0.14069300569785537,31.8,baseline (column),0.023770168028307174,26.400000000000002
"Human blood metabolite, EE–CON 20 min during",4.798602309393752,-0.4339835339373709,100.0,baseline (column),-0.4559653576246422,100.0
"Human blood metabolite, EE–CON 40 min during",6.342512817256592,-0.3504694998181833,100.0,baseline (column),-0.3755212655900252,100.0
"Human blood metabolite, EE–CON 10 min",6.6289499308050654,-0.11447558897251928,100.0,baseline (column),-0.17670262855580898,100.0
"Human blood metabolite, EE–CON 15–45 min",7.668986094542568,0.11194531211595773,100.0,baseline (column),-0.05981718977602739,100.0
"Human blood metabolite, EE–CON 3.5–4 h",1.9114856394560273,-0.271378093122011,98.7,baseline (column),-0.056184367808518446,96.8
"Human blood metabolite, EE–CON 24 h",0.9945847744614381,-0.06491393141183896,85.5,baseline (column),-0.00497943260097554,85.39999999999999
"Human blood metabolite, RE–CON 10 min",7.483934021427935,-0.2489609171101104,100.0,baseline (column),-0.2609730121597742,100.0
"Human blood metabolite, RE–CON 15–45 min",5.9579486770799335,-0.09942180084585236,100.0,baseline (column),-0.11296869878309676,100.0
"Human blood metabolite, RE–CON 3.5–4 h",1.9590052616518632,-0.15515409790760676,98.4,baseline (column),-0.0651268124643048,98.4
"Human blood metabolite, RE–CON 24 h",2.9073057878076822,0.21480909436256784,99.9,baseline (column),0.13270315337151814,99.8
"Rat gastrocnemius metabolite, female 1 wk",-2.9955509613776643,0.22303337351316685,0.0,baseline (column),0.17266008725682513,0.0
"Rat gastrocnemius metabolite, female 2 wk",-2.3847321055448987,0.0605139772231148,0.3,baseline (column),0.07502146958033724,0.1
"Rat gastrocnemius metabolite, female 4 wk",-3.052929872226829,0.13981414450076457,0.0,baseline (column),0.17992073823000673,0.0
"Rat gastrocnemius metabolite, female 8 wk",2.03520542676032,0.10185327283533942,97.89999999999999,baseline (column),0.08187993866666698,96.89999999999999
"Rat gastrocnemius metabolite, male 1 wk",-3.706690645415114,-0.08160269724061317,0.0,baseline (column),-0.08335785286301871,0.0
"Rat gastrocnemius metabolite, male 2 wk",-1.5773511237959499,-0.0937905704347623,5.8999999999999995,baseline (column),0.11513638649676808,4.9
"Rat gastrocnemius metabolite, male 4 wk",0.71165493173796,-0.16179747300120034,83.1,baseline (column),-0.15609779737700413,84.3
"Rat gastrocnemius metabolite, male 8 wk",0.639082117294817,-0.136335035442739,81.2,baseline (column),-0.05890373884933922,78.7
"Rat vastus lateralis metabolite, female 1 wk",,,,,,
"Rat vastus lateralis metabolite, female 2 wk",,,,,,
"Rat vastus lateralis metabolite, female 4 wk",,,,,,
"Rat vastus lateralis metabolite, female 8 wk",,,,,,
"Rat vastus lateralis metabolite, male 1 wk",,,,,,
"Rat vastus lateralis metabolite, male 2 wk",,,,,,
"Rat vastus lateralis metabolite, male 4 wk",,,,,,
"Rat vastus lateralis metabolite, male 8 wk",,,,,,
"Rat heart metabolite, female 1 wk",1.0620184022412216,0.053138234484038975,84.1,baseline (column),-0.1172939968454828,88.2
"Rat heart metabolite, female 2 wk",1.8475924623836752,0.07485983630591746,96.0,baseline (column),0.023936543491492303,96.89999999999999
"Rat heart metabolite, female 4 wk",0.9902452609464937,-0.23815830643897112,90.4,baseline (column),-0.0698009259482976,87.2
"Rat heart metabolite, female 8 wk",1.1328538776911128,-0.10664746813845324,90.10000000000001,baseline (column),-0.055934750236578665,89.5
"Rat heart metabolite, male 1 wk",1.2885786240545083,-0.13629970486359427,93.89999999999999,baseline (column),-0.04191168135771509,90.7
"Rat heart metabolite, male 2 wk",0.6281379513082206,-0.3817390339161464,86.4,baseline (column),-0.1357367738399206,78.7
"Rat heart metabolite, male 4 wk",-0.059446505112948904,-0.15352761031262702,54.1,baseline (column),-0.09496353632344762,51.6
"Rat heart metabolite, male 8 wk",-0.6737827602978779,-0.13832733021000487,26.900000000000002,baseline (column),-0.22239896247027396,31.7
"Rat plasma metabolite, female 1 wk",-2.253973208827121,-0.2635586500742212,1.2,baseline (column),-0.05821027248734964,1.3
"Rat plasma metabolite, female 2 wk",-1.6501514876921952,-0.39826804580342057,7.9,baseline (column),-0.1165447436910485,6.1
"Rat plasma metabolite, female 4 wk",-5.250326522812178,0.2693796283834401,0.0,baseline (column),0.11051681775932966,0.0
"Rat plasma metabolite, female 8 wk",-2.6597991582395815,0.11361996371028325,0.0,baseline (column),0.09604285590410366,0.3
"Rat plasma metabolite, male 1 wk",-1.9413315145634114,-0.05924617251955451,3.6999999999999997,baseline (column),-0.08249594847205813,2.9000000000000004
"Rat plasma metabolite, male 2 wk",-1.4981487230107169,0.007440468160890359,6.5,baseline (column),0.006259694222925501,4.6
"Rat plasma metabolite, male 4 wk",-1.177832087967214,0.35189955097383835,5.1,baseline (column),0.18877489884865628,7.6
"Rat plasma metabolite, male 8 wk",-2.9725317853144513,0.3219709707330327,0.0,baseline (column),0.035767315856799264,0.0
