"paper_symbol","uniprot_accession","pah_to_control_protein_ratio","motrpac_current_symbol","go_oxphos_member","motrpac_24h_rna_logFC","motrpac_24h_rna_bh_q","go_set_name","source_doi","motrpac_package_version"
"NDUFA9","Q16795",0.71,"NDUFA9","yes",0.175012301327756,0.0258691802887827,"GOBP_OXIDATIVE_PHOSPHORYLATION","10.1007/s00109-014-1244-0","2.0.8"
"UQCRC2","P22695",0.74,"UQCRC2","yes",0.129322266969305,0.0865978564453658,"GOBP_OXIDATIVE_PHOSPHORYLATION","10.1007/s00109-014-1244-0","2.0.8"
"UQCRC1","P31930",0.74,"UQCRC1","yes",0.170085047828218,0.0167479725236241,"GOBP_OXIDATIVE_PHOSPHORYLATION","10.1007/s00109-014-1244-0","2.0.8"
"ATP5L","O75964",0.7,"ATP5MG","yes",0.269602339273148,9.22355197139107e-06,"GOBP_OXIDATIVE_PHOSPHORYLATION","10.1007/s00109-014-1244-0","2.0.8"
"ATP5B","P06576",0.74,"ATP5F1B","yes",0.188737885439888,0.00588779645481743,"GOBP_OXIDATIVE_PHOSPHORYLATION","10.1007/s00109-014-1244-0","2.0.8"
"IDH2","P48735",0.74,"IDH2","no",0.0369796675290797,0.74461901689186,"GOBP_OXIDATIVE_PHOSPHORYLATION","10.1007/s00109-014-1244-0","2.0.8"
"OGDH","Q02218",0.77,"OGDH","no",0.193558293033515,0.00110037521102387,"GOBP_OXIDATIVE_PHOSPHORYLATION","10.1007/s00109-014-1244-0","2.0.8"
"SLC25A4","P12235",0.65,"SLC25A4","no",0.425084302337558,3.86528588460645e-07,"GOBP_OXIDATIVE_PHOSPHORYLATION","10.1007/s00109-014-1244-0","2.0.8"
"ECH1","Q13011",0.57,"ECH1","no",0.202842210715107,0.0249604560642305,"GOBP_OXIDATIVE_PHOSPHORYLATION","10.1007/s00109-014-1244-0","2.0.8"
