gene_symbol,direction,group,weight,source
ALAS2,1,erythroid (EDS subset),2.4691,"Cheadle 2012 (GSE33463) erythroid development signature, subset of the 149-gene EDS (Table S2); weight = IPAH-vs-healthy limma logFC in GSE33463 (30 IPAH, 41 healthy) from the team's re-analysis (pah_blood_gene_ranked)"
AHSP,1,erythroid (EDS subset),2.1223,"Cheadle 2012 (GSE33463) erythroid development signature, subset of the 149-gene EDS (Table S2); weight = IPAH-vs-healthy limma logFC in GSE33463 (30 IPAH, 41 healthy) from the team's re-analysis (pah_blood_gene_ranked)"
CA1,1,erythroid (EDS subset),1.5678,"Cheadle 2012 (GSE33463) erythroid development signature, subset of the 149-gene EDS (Table S2); weight = IPAH-vs-healthy limma logFC in GSE33463 (30 IPAH, 41 healthy) from the team's re-analysis (pah_blood_gene_ranked)"
EPB42,1,erythroid (EDS subset),1.0711,"Cheadle 2012 (GSE33463) erythroid development signature, subset of the 149-gene EDS (Table S2); weight = IPAH-vs-healthy limma logFC in GSE33463 (30 IPAH, 41 healthy) from the team's re-analysis (pah_blood_gene_ranked)"
FECH,1,erythroid (EDS subset),0.3409,"Cheadle 2012 (GSE33463) erythroid development signature, subset of the 149-gene EDS (Table S2); weight = IPAH-vs-healthy limma logFC in GSE33463 (30 IPAH, 41 healthy) from the team's re-analysis (pah_blood_gene_ranked)"
GLRX5,1,erythroid (EDS subset),0.4311,"Cheadle 2012 (GSE33463) erythroid development signature, subset of the 149-gene EDS (Table S2); weight = IPAH-vs-healthy limma logFC in GSE33463 (30 IPAH, 41 healthy) from the team's re-analysis (pah_blood_gene_ranked)"
GSPT1,1,erythroid (EDS subset),0.0337,"Cheadle 2012 (GSE33463) erythroid development signature, subset of the 149-gene EDS (Table S2); weight = IPAH-vs-healthy limma logFC in GSE33463 (30 IPAH, 41 healthy) from the team's re-analysis (pah_blood_gene_ranked)"
GYPB,1,erythroid (EDS subset),0.6354,"Cheadle 2012 (GSE33463) erythroid development signature, subset of the 149-gene EDS (Table S2); weight = IPAH-vs-healthy limma logFC in GSE33463 (30 IPAH, 41 healthy) from the team's re-analysis (pah_blood_gene_ranked)"
GYPE,1,erythroid (EDS subset),0.8374,"Cheadle 2012 (GSE33463) erythroid development signature, subset of the 149-gene EDS (Table S2); weight = IPAH-vs-healthy limma logFC in GSE33463 (30 IPAH, 41 healthy) from the team's re-analysis (pah_blood_gene_ranked)"
HBA2,1,erythroid (EDS subset),0.7493,"Cheadle 2012 (GSE33463) erythroid development signature, subset of the 149-gene EDS (Table S2); weight = IPAH-vs-healthy limma logFC in GSE33463 (30 IPAH, 41 healthy) from the team's re-analysis (pah_blood_gene_ranked)"
HBB,1,erythroid (EDS subset),0.1625,"Cheadle 2012 (GSE33463) erythroid development signature, subset of the 149-gene EDS (Table S2); weight = IPAH-vs-healthy limma logFC in GSE33463 (30 IPAH, 41 healthy) from the team's re-analysis (pah_blood_gene_ranked)"
HBD,1,erythroid (EDS subset),2.6181,"Cheadle 2012 (GSE33463) erythroid development signature, subset of the 149-gene EDS (Table S2); weight = IPAH-vs-healthy limma logFC in GSE33463 (30 IPAH, 41 healthy) from the team's re-analysis (pah_blood_gene_ranked)"
HBM,1,erythroid (EDS subset),1.9092,"Cheadle 2012 (GSE33463) erythroid development signature, subset of the 149-gene EDS (Table S2); weight = IPAH-vs-healthy limma logFC in GSE33463 (30 IPAH, 41 healthy) from the team's re-analysis (pah_blood_gene_ranked)"
HBQ1,1,erythroid (EDS subset),1.5241,"Cheadle 2012 (GSE33463) erythroid development signature, subset of the 149-gene EDS (Table S2); weight = IPAH-vs-healthy limma logFC in GSE33463 (30 IPAH, 41 healthy) from the team's re-analysis (pah_blood_gene_ranked)"
BPGM,1,erythroid (EDS subset),0.6657,"Cheadle 2012 (GSE33463) erythroid development signature, subset of the 149-gene EDS (Table S2); weight = IPAH-vs-healthy limma logFC in GSE33463 (30 IPAH, 41 healthy) from the team's re-analysis (pah_blood_gene_ranked)"
MYL4,1,erythroid (EDS subset),1.0663,"Cheadle 2012 (GSE33463) erythroid development signature, subset of the 149-gene EDS (Table S2); weight = IPAH-vs-healthy limma logFC in GSE33463 (30 IPAH, 41 healthy) from the team's re-analysis (pah_blood_gene_ranked)"
SELENBP1,1,erythroid (EDS subset),0.9872,"Cheadle 2012 (GSE33463) erythroid development signature, subset of the 149-gene EDS (Table S2); weight = IPAH-vs-healthy limma logFC in GSE33463 (30 IPAH, 41 healthy) from the team's re-analysis (pah_blood_gene_ranked)"
SLC25A37,1,erythroid (EDS subset),0.9029,"Cheadle 2012 (GSE33463) erythroid development signature, subset of the 149-gene EDS (Table S2); weight = IPAH-vs-healthy limma logFC in GSE33463 (30 IPAH, 41 healthy) from the team's re-analysis (pah_blood_gene_ranked)"
SNCA,1,erythroid (EDS subset),1.3891,"Cheadle 2012 (GSE33463) erythroid development signature, subset of the 149-gene EDS (Table S2); weight = IPAH-vs-healthy limma logFC in GSE33463 (30 IPAH, 41 healthy) from the team's re-analysis (pah_blood_gene_ranked)"
TMCC2,1,erythroid (EDS subset),0.3858,"Cheadle 2012 (GSE33463) erythroid development signature, subset of the 149-gene EDS (Table S2); weight = IPAH-vs-healthy limma logFC in GSE33463 (30 IPAH, 41 healthy) from the team's re-analysis (pah_blood_gene_ranked)"
TSPAN5,1,erythroid (EDS subset),0.3924,"Cheadle 2012 (GSE33463) erythroid development signature, subset of the 149-gene EDS (Table S2); weight = IPAH-vs-healthy limma logFC in GSE33463 (30 IPAH, 41 healthy) from the team's re-analysis (pah_blood_gene_ranked)"
GATA1,1,erythroid (EDS subset),0.2597,"Cheadle 2012 (GSE33463) erythroid development signature, subset of the 149-gene EDS (Table S2); weight = IPAH-vs-healthy limma logFC in GSE33463 (30 IPAH, 41 healthy) from the team's re-analysis (pah_blood_gene_ranked)"
