Layer,Group / sex,Time,Features measured,Features at BH FDR < 0.05,Fraction
RNA,F,1 wk,13002,4,0.00030764497769573913
RNA,F,2 wk,13000,35,0.002692307692307692
RNA,F,4 wk,12999,62,0.004769597661358566
RNA,F,8 wk,12999,236,0.018155242710977768
RNA,M,1 wk,12997,34,0.00261598830499346
RNA,M,2 wk,12997,124,0.009540663229976149
RNA,M,4 wk,13000,95,0.007307692307692308
RNA,M,8 wk,12999,395,0.03038695284252635
protein,F,1 wk,8428,0,0.0
protein,F,2 wk,8428,0,0.0
protein,F,4 wk,8428,71,0.008424299952539155
protein,F,8 wk,8428,191,0.022662553393450403
protein,M,1 wk,8428,4,0.00047460844803037496
protein,M,2 wk,8428,110,0.013051732320835311
protein,M,4 wk,8428,236,0.02800189843379212
protein,M,8 wk,8428,519,0.06158044613194115
phosphosite,F,1 wk,7204,1,0.000138811771238201
phosphosite,F,2 wk,7204,0,0.0
phosphosite,F,4 wk,7204,1,0.000138811771238201
phosphosite,F,8 wk,7204,9,0.001249305941143809
phosphosite,M,1 wk,7204,0,0.0
phosphosite,M,2 wk,7204,201,0.0279011660188784
phosphosite,M,4 wk,7204,65,0.009022765130483066
phosphosite,M,8 wk,7204,127,0.01762909494725153
metabolite,F,1 wk,1198,22,0.018363939899833055
metabolite,F,2 wk,1198,70,0.05843071786310518
metabolite,F,4 wk,1198,4,0.00333889816360601
metabolite,F,8 wk,1198,0,0.0
metabolite,M,1 wk,1198,64,0.05342237061769616
metabolite,M,2 wk,1198,198,0.1652754590984975
metabolite,M,4 wk,1198,181,0.15108514190317196
metabolite,M,8 wk,1198,277,0.23121869782971619
