gene_symbol_human,logFC_rna,stat_rna,fdr_bh_rna,logFC_prot,stat_prot,fdr_bh_prot,direction,rna_opposed,prot_opposed,layer_class,pair,rna,prot,cross
ATP5F1B,-0.0387026599805811,-0.75953952074253,0.7820110820286984,-0.0906574163874255,-1.3808796651633,0.9976662116187048,-1.0,False,False,ns,"Human vastus lateralis, EE–CON 15–45 min",human_acute|VL|RNA|EE_vs_CON_15to45min,human_acute|VL|PROT|EE_vs_CON_15to45min,False
ATP5MG,-0.0863941282226417,-1.75305020375238,0.3781116371709496,0.0521308034725734,0.493063835620251,0.9976662116187048,-1.0,False,True,ns,"Human vastus lateralis, EE–CON 15–45 min",human_acute|VL|RNA|EE_vs_CON_15to45min,human_acute|VL|PROT|EE_vs_CON_15to45min,False
ECH1,-0.151888268974886,-2.36176631963919,0.1714509193479188,-0.0809234594022405,-1.07892473565678,0.9976662116187048,-1.0,False,False,ns,"Human vastus lateralis, EE–CON 15–45 min",human_acute|VL|RNA|EE_vs_CON_15to45min,human_acute|VL|PROT|EE_vs_CON_15to45min,False
IDH2,-0.0546538807853487,-1.13216977908504,0.6381971486638389,-0.0383981196903274,-0.48916487575965,0.9976662116187048,-1.0,False,False,ns,"Human vastus lateralis, EE–CON 15–45 min",human_acute|VL|RNA|EE_vs_CON_15to45min,human_acute|VL|PROT|EE_vs_CON_15to45min,False
NDUFA9,-0.0787444725767905,-1.41070687650261,0.520876578924404,-0.070492294365845,-1.1584349433261,0.9976662116187048,-1.0,False,False,ns,"Human vastus lateralis, EE–CON 15–45 min",human_acute|VL|RNA|EE_vs_CON_15to45min,human_acute|VL|PROT|EE_vs_CON_15to45min,False
OGDH,-0.0787788418061073,-1.72433157093753,0.3903103997456761,-0.0523081133405244,-0.825136856295554,0.9976662116187048,-1.0,False,False,ns,"Human vastus lateralis, EE–CON 15–45 min",human_acute|VL|RNA|EE_vs_CON_15to45min,human_acute|VL|PROT|EE_vs_CON_15to45min,False
SLC25A4,-0.0262334246173559,-0.382662667957943,0.9142284142373324,-0.0949301767503419,-1.12032472273901,0.9976662116187048,-1.0,False,False,ns,"Human vastus lateralis, EE–CON 15–45 min",human_acute|VL|RNA|EE_vs_CON_15to45min,human_acute|VL|PROT|EE_vs_CON_15to45min,False
UQCRC1,-0.0336902299054476,-0.656738626930771,0.8198021520486043,-0.0556017046076682,-0.782479728747967,0.9976662116187048,-1.0,False,False,ns,"Human vastus lateralis, EE–CON 15–45 min",human_acute|VL|RNA|EE_vs_CON_15to45min,human_acute|VL|PROT|EE_vs_CON_15to45min,False
UQCRC2,-0.0714655122063537,-1.42157396229414,0.5161517985266529,-0.0817632081724289,-1.14847021214731,0.9976662116187048,-1.0,False,False,ns,"Human vastus lateralis, EE–CON 15–45 min",human_acute|VL|RNA|EE_vs_CON_15to45min,human_acute|VL|PROT|EE_vs_CON_15to45min,False
ATP5F1B,0.018906106971297,0.351916926702047,0.8834971321844273,0.0096552867185505,0.132520230227883,0.9992395295828024,-1.0,True,True,ns,"Human vastus lateralis, EE–CON 3.5–4 h",human_acute|VL|RNA|EE_vs_CON_3.5to4h,human_acute|VL|PROT|EE_vs_CON_3.5to4h,False
ATP5MG,0.0146768890447992,0.282834748767144,0.911478254380663,0.0951804932205744,0.811292047035975,0.9992395295828024,-1.0,True,True,ns,"Human vastus lateralis, EE–CON 3.5–4 h",human_acute|VL|RNA|EE_vs_CON_3.5to4h,human_acute|VL|PROT|EE_vs_CON_3.5to4h,False
ECH1,-0.0094037475673616,-0.138856327366241,0.9572273946436808,0.0187599892468362,0.22519249239671,0.9992395295828024,-1.0,False,True,ns,"Human vastus lateralis, EE–CON 3.5–4 h",human_acute|VL|RNA|EE_vs_CON_3.5to4h,human_acute|VL|PROT|EE_vs_CON_3.5to4h,False
IDH2,0.0269234942642118,0.528747368203763,0.8123434368050523,-0.0518081772517665,-0.595416053242771,0.9992395295828024,-1.0,True,False,ns,"Human vastus lateralis, EE–CON 3.5–4 h",human_acute|VL|RNA|EE_vs_CON_3.5to4h,human_acute|VL|PROT|EE_vs_CON_3.5to4h,False
NDUFA9,0.0112788330457834,0.191815399616556,0.939728695482172,0.0121858143809827,0.180352863061458,0.9992395295828024,-1.0,True,True,ns,"Human vastus lateralis, EE–CON 3.5–4 h",human_acute|VL|RNA|EE_vs_CON_3.5to4h,human_acute|VL|PROT|EE_vs_CON_3.5to4h,False
OGDH,-0.0077620709050734,-0.161308159733191,0.9503930493296682,-0.0132752256580239,-0.188776331282174,0.9992395295828024,-1.0,False,False,ns,"Human vastus lateralis, EE–CON 3.5–4 h",human_acute|VL|RNA|EE_vs_CON_3.5to4h,human_acute|VL|PROT|EE_vs_CON_3.5to4h,False
SLC25A4,0.126404759742476,1.74970787401906,0.2699631327980166,0.105698134707934,1.12537275299887,0.9992395295828024,-1.0,True,True,ns,"Human vastus lateralis, EE–CON 3.5–4 h",human_acute|VL|RNA|EE_vs_CON_3.5to4h,human_acute|VL|PROT|EE_vs_CON_3.5to4h,False
UQCRC1,0.0215986140427873,0.399677291164303,0.864155970419926,-0.0074264977329282,-0.0944037187701095,0.9992395295828024,-1.0,True,False,ns,"Human vastus lateralis, EE–CON 3.5–4 h",human_acute|VL|RNA|EE_vs_CON_3.5to4h,human_acute|VL|PROT|EE_vs_CON_3.5to4h,False
UQCRC2,0.0117093491247022,0.221339806050278,0.930900039309649,-0.0146908980253867,-0.18630519818531,0.9992395295828024,-1.0,True,False,ns,"Human vastus lateralis, EE–CON 3.5–4 h",human_acute|VL|RNA|EE_vs_CON_3.5to4h,human_acute|VL|PROT|EE_vs_CON_3.5to4h,False
ATP5F1B,0.188737885439888,3.78013013880638,0.0058877964548154,-0.0424076616510718,-0.669243434148941,0.8935449698646466,-1.0,True,False,RNA_only,"Human vastus lateralis, EE–CON 24 h",human_acute|VL|RNA|EE_vs_CON_24h,human_acute|VL|PROT|EE_vs_CON_24h,False
ATP5MG,0.269602339273148,5.6003884869213,9.223551971391062e-06,0.0156172115605807,0.153001295391212,0.9822777886359844,-1.0,True,True,RNA_only,"Human vastus lateralis, EE–CON 24 h",human_acute|VL|RNA|EE_vs_CON_24h,human_acute|VL|PROT|EE_vs_CON_24h,False
ECH1,0.202842210715107,3.22675052417384,0.0249604560642297,-0.0568195029262178,-0.786386326587196,0.8750832203452097,-1.0,True,False,RNA_only,"Human vastus lateralis, EE–CON 24 h",human_acute|VL|RNA|EE_vs_CON_24h,human_acute|VL|PROT|EE_vs_CON_24h,False
IDH2,0.0369796675290797,0.781450126687144,0.7446190168918597,-0.0284323145376457,-0.374561974399406,0.950086651496282,-1.0,True,False,ns,"Human vastus lateralis, EE–CON 24 h",human_acute|VL|RNA|EE_vs_CON_24h,human_acute|VL|PROT|EE_vs_CON_24h,False
NDUFA9,0.175012301327756,3.20686243161604,0.0258691802887826,-0.0344670935311253,-0.58749366187543,0.9157996436321848,-1.0,True,False,RNA_only,"Human vastus lateralis, EE–CON 24 h",human_acute|VL|RNA|EE_vs_CON_24h,human_acute|VL|PROT|EE_vs_CON_24h,False
OGDH,0.193558293033515,4.32091194041795,0.0011003752110238,-0.0368217406767818,-0.601341848733608,0.9119713973954172,-1.0,True,False,RNA_only,"Human vastus lateralis, EE–CON 24 h",human_acute|VL|RNA|EE_vs_CON_24h,human_acute|VL|PROT|EE_vs_CON_24h,False
SLC25A4,0.425084302337558,6.3275173898988,3.865285884606438e-07,-0.0774765562081877,-0.945494377641577,0.8466607986713013,-1.0,True,False,RNA_only,"Human vastus lateralis, EE–CON 24 h",human_acute|VL|RNA|EE_vs_CON_24h,human_acute|VL|PROT|EE_vs_CON_24h,False
UQCRC1,0.170085047828218,3.38577209163927,0.0167479725236229,-0.0680600543124908,-0.988961923796049,0.8340097386981494,-1.0,True,False,RNA_only,"Human vastus lateralis, EE–CON 24 h",human_acute|VL|RNA|EE_vs_CON_24h,human_acute|VL|PROT|EE_vs_CON_24h,False
UQCRC2,0.129322266969305,2.62770021744143,0.0865978564453651,-0.0507662229389955,-0.73666962434862,0.8754438075386997,-1.0,True,False,ns,"Human vastus lateralis, EE–CON 24 h",human_acute|VL|RNA|EE_vs_CON_24h,human_acute|VL|PROT|EE_vs_CON_24h,False
ATP5F1B,-0.0441261707007001,-0.89391915645689,0.7347736584976324,-0.1168802248356,-1.8078188928786,0.8067779026272052,-1.0,False,False,ns,"Human vastus lateralis, RE–CON 15–45 min",human_acute|VL|RNA|RE_vs_CON_15to45min,human_acute|VL|PROT|RE_vs_CON_15to45min,False
ATP5MG,-0.0707020315755056,-1.48077388191683,0.4936791832998033,0.0114456048269566,0.109918692991394,0.9790912211498982,-1.0,False,True,ns,"Human vastus lateralis, RE–CON 15–45 min",human_acute|VL|RNA|RE_vs_CON_15to45min,human_acute|VL|PROT|RE_vs_CON_15to45min,False
ECH1,-0.121109236190783,-1.9443145228833,0.3144310308875708,-0.15167855051077,-2.05500839750712,0.8067779026272052,-1.0,False,False,ns,"Human vastus lateralis, RE–CON 15–45 min",human_acute|VL|RNA|RE_vs_CON_15to45min,human_acute|VL|PROT|RE_vs_CON_15to45min,False
IDH2,-0.0245463504427104,-0.525530112158146,0.8617475886306237,-0.0843941919827349,-1.09103455103313,0.8198826973135804,-1.0,False,False,ns,"Human vastus lateralis, RE–CON 15–45 min",human_acute|VL|RNA|RE_vs_CON_15to45min,human_acute|VL|PROT|RE_vs_CON_15to45min,False
NDUFA9,-0.0934461849923087,-1.72868506235345,0.3975075051420998,-0.0832872714226839,-1.39042303493782,0.8067779026272052,-1.0,False,False,ns,"Human vastus lateralis, RE–CON 15–45 min",human_acute|VL|RNA|RE_vs_CON_15to45min,human_acute|VL|PROT|RE_vs_CON_15to45min,False
OGDH,-0.0814912897980484,-1.84100219682814,0.3522038814696708,-0.0834389190417044,-1.33620026751643,0.8067779026272052,-1.0,False,False,ns,"Human vastus lateralis, RE–CON 15–45 min",human_acute|VL|RNA|RE_vs_CON_15to45min,human_acute|VL|PROT|RE_vs_CON_15to45min,False
SLC25A4,-0.0264849289313087,-0.398901334487249,0.9007051951545739,-0.0917524247000989,-1.0988345285711,0.8198826973135804,-1.0,False,False,ns,"Human vastus lateralis, RE–CON 15–45 min",human_acute|VL|RNA|RE_vs_CON_15to45min,human_acute|VL|PROT|RE_vs_CON_15to45min,False
UQCRC1,-0.0276362101539487,-0.556097919518682,0.8512099923974435,-0.0528699968108396,-0.754699178641426,0.8820405383276115,-1.0,False,False,ns,"Human vastus lateralis, RE–CON 15–45 min",human_acute|VL|RNA|RE_vs_CON_15to45min,human_acute|VL|PROT|RE_vs_CON_15to45min,False
UQCRC2,-0.0729017300187138,-1.4968185496559,0.4870501714030372,-0.053988598189753,-0.769327298371436,0.8792626895834241,-1.0,False,False,ns,"Human vastus lateralis, RE–CON 15–45 min",human_acute|VL|RNA|RE_vs_CON_15to45min,human_acute|VL|PROT|RE_vs_CON_15to45min,False
ATP5F1B,0.0401843941324866,0.782916568776113,0.5946590963485933,-0.0292133882997308,-0.413074641393836,0.9999070318892754,-1.0,True,False,ns,"Human vastus lateralis, RE–CON 3.5–4 h",human_acute|VL|RNA|RE_vs_CON_3.5to4h,human_acute|VL|PROT|RE_vs_CON_3.5to4h,False
ATP5MG,0.0516699924685344,1.04071541033058,0.4582619758871875,0.0174572193862147,0.153311055093877,0.9999070318892754,-1.0,True,True,ns,"Human vastus lateralis, RE–CON 3.5–4 h",human_acute|VL|RNA|RE_vs_CON_3.5to4h,human_acute|VL|PROT|RE_vs_CON_3.5to4h,False
ECH1,-0.0671737313262737,-1.03834020371159,0.4593106168334847,-0.0421898002881714,-0.521311670915349,0.9999070318892754,-1.0,False,False,ns,"Human vastus lateralis, RE–CON 3.5–4 h",human_acute|VL|RNA|RE_vs_CON_3.5to4h,human_acute|VL|PROT|RE_vs_CON_3.5to4h,False
IDH2,-0.0068632596512703,-0.141249793981988,0.9350247667680606,-0.0630038433913265,-0.746439679755477,0.9999070318892754,-1.0,False,False,ns,"Human vastus lateralis, RE–CON 3.5–4 h",human_acute|VL|RNA|RE_vs_CON_3.5to4h,human_acute|VL|PROT|RE_vs_CON_3.5to4h,False
NDUFA9,-0.0128474695064948,-0.228469995265931,0.890272359498343,-0.0588931295050903,-0.897561403853438,0.9999070318892754,-1.0,False,False,ns,"Human vastus lateralis, RE–CON 3.5–4 h",human_acute|VL|RNA|RE_vs_CON_3.5to4h,human_acute|VL|PROT|RE_vs_CON_3.5to4h,False
OGDH,0.0138807049425207,0.301861870264941,0.8530164524429834,-0.0479816932528561,-0.703121477459533,0.9999070318892754,-1.0,True,False,ns,"Human vastus lateralis, RE–CON 3.5–4 h",human_acute|VL|RNA|RE_vs_CON_3.5to4h,human_acute|VL|PROT|RE_vs_CON_3.5to4h,False
SLC25A4,0.0829959180382787,1.20319910901612,0.3792067008026783,0.0216928616490111,0.238098281240343,0.9999070318892754,-1.0,True,True,ns,"Human vastus lateralis, RE–CON 3.5–4 h",human_acute|VL|RNA|RE_vs_CON_3.5to4h,human_acute|VL|PROT|RE_vs_CON_3.5to4h,False
UQCRC1,0.0190323889020085,0.368578095699442,0.8203530645815527,0.0056498227827681,0.0740641977549405,0.9999070318892754,-1.0,True,True,ns,"Human vastus lateralis, RE–CON 3.5–4 h",human_acute|VL|RNA|RE_vs_CON_3.5to4h,human_acute|VL|PROT|RE_vs_CON_3.5to4h,False
UQCRC2,0.0406980489382249,0.805032428578818,0.5828614637961904,0.0119107425799159,0.155751668069685,0.9999070318892754,-1.0,True,True,ns,"Human vastus lateralis, RE–CON 3.5–4 h",human_acute|VL|RNA|RE_vs_CON_3.5to4h,human_acute|VL|PROT|RE_vs_CON_3.5to4h,False
ATP5F1B,0.0483666094271502,0.992684707914495,0.5642689808004642,-0.0922595780750429,-1.50502502715684,0.6990027023426052,-1.0,True,False,ns,"Human vastus lateralis, RE–CON 24 h",human_acute|VL|RNA|RE_vs_CON_24h,human_acute|VL|PROT|RE_vs_CON_24h,False
ATP5MG,0.176044706124032,3.73990568426026,0.0023320774689334,-0.0867924570882158,-0.878921000814364,0.8785442844356873,-1.0,True,False,RNA_only,"Human vastus lateralis, RE–CON 24 h",human_acute|VL|RNA|RE_vs_CON_24h,human_acute|VL|PROT|RE_vs_CON_24h,False
ECH1,0.0238716971317956,0.389110741014893,0.8534410598603582,-0.141285506209311,-2.02180824279233,0.5573744382284216,-1.0,True,False,ns,"Human vastus lateralis, RE–CON 24 h",human_acute|VL|RNA|RE_vs_CON_24h,human_acute|VL|PROT|RE_vs_CON_24h,False
IDH2,-0.11448937534224,-2.48157434141077,0.0620001441133358,-0.117752819600303,-1.60300494503238,0.667526744585029,-1.0,False,False,ns,"Human vastus lateralis, RE–CON 24 h",human_acute|VL|RNA|RE_vs_CON_24h,human_acute|VL|PROT|RE_vs_CON_24h,False
NDUFA9,0.0402914727925623,0.755549146011485,0.6823763310605303,-0.0943038717316952,-1.66183830886515,0.6547742576118869,-1.0,True,False,ns,"Human vastus lateralis, RE–CON 24 h",human_acute|VL|RNA|RE_vs_CON_24h,human_acute|VL|PROT|RE_vs_CON_24h,False
OGDH,0.112191907122543,2.56409241556393,0.0516687562233968,-0.103298707487273,-1.7436207144372,0.6334788487079539,-1.0,True,False,ns,"Human vastus lateralis, RE–CON 24 h",human_acute|VL|RNA|RE_vs_CON_24h,human_acute|VL|PROT|RE_vs_CON_24h,False
SLC25A4,0.194261860490863,2.96471192631424,0.0202066651389129,-0.178890915370991,-2.2559307919194,0.480731314927185,-1.0,True,False,RNA_only,"Human vastus lateralis, RE–CON 24 h",human_acute|VL|RNA|RE_vs_CON_24h,human_acute|VL|PROT|RE_vs_CON_24h,False
UQCRC1,0.0794642855965009,1.61947247823196,0.2779668150428733,-0.127196187949123,-1.90932677480311,0.5778482305476768,-1.0,True,False,ns,"Human vastus lateralis, RE–CON 24 h",human_acute|VL|RNA|RE_vs_CON_24h,human_acute|VL|PROT|RE_vs_CON_24h,False
UQCRC2,0.0275124538418314,0.572006489054066,0.768483944214582,-0.116764905031807,-1.75056344405146,0.6324652399220552,-1.0,True,False,ns,"Human vastus lateralis, RE–CON 24 h",human_acute|VL|RNA|RE_vs_CON_24h,human_acute|VL|PROT|RE_vs_CON_24h,False
ATP5F1B,-0.003168736263925,-0.073988445436373,0.994940157788738,-0.26355727352287,-2.52300996197647,0.13704069708913066,-1.0,False,False,ns,"Human subcutaneous adipose, EE–CON 3.5–4 h",human_acute|ADIPOSE|RNA|EE_vs_CON_3.5to4h,human_acute|ADIPOSE|PROT|EE_vs_CON_3.5to4h,False
ATP5MG,0.0396390818143768,0.986302948278709,0.9166083631643173,-0.132640639588591,-0.908332550330622,0.6273290990957896,-1.0,True,False,ns,"Human subcutaneous adipose, EE–CON 3.5–4 h",human_acute|ADIPOSE|RNA|EE_vs_CON_3.5to4h,human_acute|ADIPOSE|PROT|EE_vs_CON_3.5to4h,False
ECH1,0.0287267335232979,0.648409208876048,0.9577893791893163,-0.367259438311748,-2.74325422855476,0.1074728369022245,-1.0,True,False,ns,"Human subcutaneous adipose, EE–CON 3.5–4 h",human_acute|ADIPOSE|RNA|EE_vs_CON_3.5to4h,human_acute|ADIPOSE|PROT|EE_vs_CON_3.5to4h,False
IDH2,0.027918385650695,0.394337661689963,0.9784526717617585,0.163894177900032,1.17474188784217,0.5192389088280446,-1.0,True,True,ns,"Human subcutaneous adipose, EE–CON 3.5–4 h",human_acute|ADIPOSE|RNA|EE_vs_CON_3.5to4h,human_acute|ADIPOSE|PROT|EE_vs_CON_3.5to4h,False
NDUFA9,-0.0002682773829407,-0.0045665524030105,0.99997047843314,-0.0781909455633526,-0.613815147611589,0.7654292300719584,-1.0,False,False,ns,"Human subcutaneous adipose, EE–CON 3.5–4 h",human_acute|ADIPOSE|RNA|EE_vs_CON_3.5to4h,human_acute|ADIPOSE|PROT|EE_vs_CON_3.5to4h,False
OGDH,-0.0154538518225609,-0.375849664927165,0.9784526717617585,0.0058621383060624,0.0626969932845444,0.9791759800663073,-1.0,False,True,ns,"Human subcutaneous adipose, EE–CON 3.5–4 h",human_acute|ADIPOSE|RNA|EE_vs_CON_3.5to4h,human_acute|ADIPOSE|PROT|EE_vs_CON_3.5to4h,False
SLC25A4,0.0174455104144027,0.369319138028337,0.9784526717617585,-0.317400265805903,-1.62990951279449,0.34735730697894734,-1.0,True,False,ns,"Human subcutaneous adipose, EE–CON 3.5–4 h",human_acute|ADIPOSE|RNA|EE_vs_CON_3.5to4h,human_acute|ADIPOSE|PROT|EE_vs_CON_3.5to4h,False
UQCRC1,-0.0069907087023999,-0.172497193859596,0.9871094323404829,-0.0084272835035379,-0.0640487139192575,0.9789087951119521,-1.0,False,False,ns,"Human subcutaneous adipose, EE–CON 3.5–4 h",human_acute|ADIPOSE|RNA|EE_vs_CON_3.5to4h,human_acute|ADIPOSE|PROT|EE_vs_CON_3.5to4h,False
UQCRC2,0.0041336285663584,0.119903107677783,0.9920664093235382,-0.229070361481539,-2.21365968509026,0.1901066242495463,-1.0,True,False,ns,"Human subcutaneous adipose, EE–CON 3.5–4 h",human_acute|ADIPOSE|RNA|EE_vs_CON_3.5to4h,human_acute|ADIPOSE|PROT|EE_vs_CON_3.5to4h,False
ATP5F1B,-0.0040608416356331,-0.098901560173381,0.9949144543087569,-0.18581218603583,-1.77814027879609,0.5946022257512298,-1.0,False,False,ns,"Human subcutaneous adipose, RE–CON 3.5–4 h",human_acute|ADIPOSE|RNA|RE_vs_CON_3.5to4h,human_acute|ADIPOSE|PROT|RE_vs_CON_3.5to4h,False
ATP5MG,0.0705560922358401,1.83713564753208,0.5912196465698879,-0.217388566718153,-1.48812701469198,0.6588627865505124,-1.0,True,False,ns,"Human subcutaneous adipose, RE–CON 3.5–4 h",human_acute|ADIPOSE|RNA|RE_vs_CON_3.5to4h,human_acute|ADIPOSE|PROT|RE_vs_CON_3.5to4h,False
ECH1,0.0441701418951643,1.04090835971574,0.843537807656601,-0.295542324187526,-2.20688528305972,0.5057445017181648,-1.0,True,False,ns,"Human subcutaneous adipose, RE–CON 3.5–4 h",human_acute|ADIPOSE|RNA|RE_vs_CON_3.5to4h,human_acute|ADIPOSE|PROT|RE_vs_CON_3.5to4h,False
IDH2,0.0737368055414587,1.09471712242682,0.8290573642646195,0.0436189239655653,0.31257691908685,0.9471286267306032,-1.0,True,True,ns,"Human subcutaneous adipose, RE–CON 3.5–4 h",human_acute|ADIPOSE|RNA|RE_vs_CON_3.5to4h,human_acute|ADIPOSE|PROT|RE_vs_CON_3.5to4h,False
NDUFA9,-0.0060764076276607,-0.10837225455181,0.9936025600491971,-0.160937755637313,-1.26308258905181,0.7090743555810943,-1.0,False,False,ns,"Human subcutaneous adipose, RE–CON 3.5–4 h",human_acute|ADIPOSE|RNA|RE_vs_CON_3.5to4h,human_acute|ADIPOSE|PROT|RE_vs_CON_3.5to4h,False
OGDH,-0.0268822842273098,-0.681832711805534,0.9164796945331873,0.0114201945434997,0.122097330447272,0.9820387977309429,-1.0,False,True,ns,"Human subcutaneous adipose, RE–CON 3.5–4 h",human_acute|ADIPOSE|RNA|RE_vs_CON_3.5to4h,human_acute|ADIPOSE|PROT|RE_vs_CON_3.5to4h,False
SLC25A4,0.0066345605750948,0.147211968464963,0.9912528738581015,-0.247183982174798,-1.26891650966187,0.7087285575563437,-1.0,True,False,ns,"Human subcutaneous adipose, RE–CON 3.5–4 h",human_acute|ADIPOSE|RNA|RE_vs_CON_3.5to4h,human_acute|ADIPOSE|PROT|RE_vs_CON_3.5to4h,False
UQCRC1,0.009185890274046,0.236821205126747,0.9806358708863161,-0.0989672895106862,-0.751884465799481,0.8477454110299113,-1.0,True,False,ns,"Human subcutaneous adipose, RE–CON 3.5–4 h",human_acute|ADIPOSE|RNA|RE_vs_CON_3.5to4h,human_acute|ADIPOSE|PROT|RE_vs_CON_3.5to4h,False
UQCRC2,0.0176066824661723,0.533146524749412,0.9429807371246122,-0.157534495981733,-1.52187835845868,0.6566432967005624,-1.0,True,False,ns,"Human subcutaneous adipose, RE–CON 3.5–4 h",human_acute|ADIPOSE|RNA|RE_vs_CON_3.5to4h,human_acute|ADIPOSE|PROT|RE_vs_CON_3.5to4h,False
ATP5F1B,0.0360605792164151,0.538192000649495,0.9661242089693568,0.131486400006449,1.51513445577806,0.7799803502047103,-1.0,True,True,ns,"Rat gastrocnemius, female 1 wk",rat_train|SKM-GN|RNA|F_1w,rat_train|SKM-GN|PROT|F_1w,False
ATP5MG,-0.0913779662008941,-1.20027088267079,0.8672407261336884,0.0999005760047156,0.664851342224007,0.9177418606631288,-1.0,False,True,ns,"Rat gastrocnemius, female 1 wk",rat_train|SKM-GN|RNA|F_1w,rat_train|SKM-GN|PROT|F_1w,False
ECH1,0.169653837537607,2.02001734936413,0.5921221303042862,0.239842187473373,3.06777778034723,0.5363632539289831,-1.0,True,True,ns,"Rat gastrocnemius, female 1 wk",rat_train|SKM-GN|RNA|F_1w,rat_train|SKM-GN|PROT|F_1w,False
IDH2,-0.104318968269502,-1.11464256099344,0.8844086136364951,0.116808802316947,1.57174176440122,0.7799803502047103,-1.0,False,True,ns,"Rat gastrocnemius, female 1 wk",rat_train|SKM-GN|RNA|F_1w,rat_train|SKM-GN|PROT|F_1w,False
NDUFA9,0.0884129756493463,1.11818370818997,0.8829015065524238,0.235691069934563,2.75450531411025,0.5748706596584547,-1.0,True,True,ns,"Rat gastrocnemius, female 1 wk",rat_train|SKM-GN|RNA|F_1w,rat_train|SKM-GN|PROT|F_1w,False
OGDH,0.0852121765543449,1.09269435903828,0.8935948604864314,0.181367015368376,2.1219875232175,0.6804649772731747,-1.0,True,True,ns,"Rat gastrocnemius, female 1 wk",rat_train|SKM-GN|RNA|F_1w,rat_train|SKM-GN|PROT|F_1w,False
SLC25A4,0.0805503430975529,1.19696905933164,0.8690014434557847,0.26370952048997,1.22519256552636,0.8159434081004341,-1.0,True,True,ns,"Rat gastrocnemius, female 1 wk",rat_train|SKM-GN|RNA|F_1w,rat_train|SKM-GN|PROT|F_1w,False
UQCRC1,0.0243433426946459,0.261436082254712,0.9902478442526024,0.167437336733108,1.79435272963894,0.7566379997089054,-1.0,True,True,ns,"Rat gastrocnemius, female 1 wk",rat_train|SKM-GN|RNA|F_1w,rat_train|SKM-GN|PROT|F_1w,False
UQCRC2,0.0378604514319336,0.498703166608212,0.9692584089214836,0.196055114523958,1.4649985877004,0.792925602750855,-1.0,True,True,ns,"Rat gastrocnemius, female 1 wk",rat_train|SKM-GN|RNA|F_1w,rat_train|SKM-GN|PROT|F_1w,False
ATP5F1B,0.0766932368410761,0.840996972009039,0.9990421786671966,0.131486400006449,1.51513445577806,0.7799803502047103,-1.0,True,True,ns,"Rat vastus lateralis RNA vs gastrocnemius protein, female 1 wk",rat_train|SKM-VL|RNA|F_1w,rat_train|SKM-GN|PROT|F_1w,True
ATP5MG,0.0231558633386874,0.227781257545317,0.9990421786671966,0.0999005760047156,0.664851342224007,0.9177418606631288,-1.0,True,True,ns,"Rat vastus lateralis RNA vs gastrocnemius protein, female 1 wk",rat_train|SKM-VL|RNA|F_1w,rat_train|SKM-GN|PROT|F_1w,True
ECH1,0.323909372387134,2.67512814749239,0.4157941628451262,0.239842187473373,3.06777778034723,0.5363632539289831,-1.0,True,True,ns,"Rat vastus lateralis RNA vs gastrocnemius protein, female 1 wk",rat_train|SKM-VL|RNA|F_1w,rat_train|SKM-GN|PROT|F_1w,True
IDH2,0.0222082649474509,0.209388881176706,0.9990421786671966,0.116808802316947,1.57174176440122,0.7799803502047103,-1.0,True,True,ns,"Rat vastus lateralis RNA vs gastrocnemius protein, female 1 wk",rat_train|SKM-VL|RNA|F_1w,rat_train|SKM-GN|PROT|F_1w,True
NDUFA9,0.180724891252593,1.79587598173118,0.8732850857053971,0.235691069934563,2.75450531411025,0.5748706596584547,-1.0,True,True,ns,"Rat vastus lateralis RNA vs gastrocnemius protein, female 1 wk",rat_train|SKM-VL|RNA|F_1w,rat_train|SKM-GN|PROT|F_1w,True
OGDH,0.192493143661497,1.89282833084304,0.841730540146673,0.181367015368376,2.1219875232175,0.6804649772731747,-1.0,True,True,ns,"Rat vastus lateralis RNA vs gastrocnemius protein, female 1 wk",rat_train|SKM-VL|RNA|F_1w,rat_train|SKM-GN|PROT|F_1w,True
SLC25A4,0.0926566284386911,1.16206494635685,0.9980570327468348,0.26370952048997,1.22519256552636,0.8159434081004341,-1.0,True,True,ns,"Rat vastus lateralis RNA vs gastrocnemius protein, female 1 wk",rat_train|SKM-VL|RNA|F_1w,rat_train|SKM-GN|PROT|F_1w,True
UQCRC1,0.131717788544337,1.32130707062542,0.9740442951655494,0.167437336733108,1.79435272963894,0.7566379997089054,-1.0,True,True,ns,"Rat vastus lateralis RNA vs gastrocnemius protein, female 1 wk",rat_train|SKM-VL|RNA|F_1w,rat_train|SKM-GN|PROT|F_1w,True
UQCRC2,0.103461665534322,1.14671348886441,0.9990421786671966,0.196055114523958,1.4649985877004,0.792925602750855,-1.0,True,True,ns,"Rat vastus lateralis RNA vs gastrocnemius protein, female 1 wk",rat_train|SKM-VL|RNA|F_1w,rat_train|SKM-GN|PROT|F_1w,True
ATP5F1B,0.0259399954113022,0.445331248392683,0.9973696164570588,0.216325618433196,2.49274752475965,0.2403844300879167,-1.0,True,True,ns,"Rat gastrocnemius, female 2 wk",rat_train|SKM-GN|RNA|F_2w,rat_train|SKM-GN|PROT|F_2w,False
ATP5MG,-0.121474383306805,-1.83346273658722,0.9222120706038648,-0.104441527976267,-0.695071968911063,0.8086246502922906,-1.0,False,False,ns,"Rat gastrocnemius, female 2 wk",rat_train|SKM-GN|RNA|F_2w,rat_train|SKM-GN|PROT|F_2w,False
ECH1,0.0221167538045607,0.303091237962431,0.9973696164570588,0.29749026225343,3.80514381571032,0.0744349029483689,-1.0,True,True,ns,"Rat gastrocnemius, female 2 wk",rat_train|SKM-GN|RNA|F_2w,rat_train|SKM-GN|PROT|F_2w,False
IDH2,-0.0665418884528169,-0.818019201383859,0.9973696164570588,0.113710039702104,1.53004580893292,0.51230564527233,-1.0,False,True,ns,"Rat gastrocnemius, female 2 wk",rat_train|SKM-GN|RNA|F_2w,rat_train|SKM-GN|PROT|F_2w,False
NDUFA9,0.0796917867423346,1.15889333591142,0.9973696164570588,0.0866017666000579,1.01210888633763,0.7054159179353575,-1.0,True,True,ns,"Rat gastrocnemius, female 2 wk",rat_train|SKM-GN|RNA|F_2w,rat_train|SKM-GN|PROT|F_2w,False
OGDH,0.0388729387137768,0.573376680467496,0.9973696164570588,0.0246467328570084,0.288365883423838,0.927669139481486,-1.0,True,True,ns,"Rat gastrocnemius, female 2 wk",rat_train|SKM-GN|RNA|F_2w,rat_train|SKM-GN|PROT|F_2w,False
SLC25A4,0.0246884950651969,0.422005485016434,0.9973696164570588,-0.294838270139618,-1.36981651605351,0.5752262615750018,-1.0,True,False,ns,"Rat gastrocnemius, female 2 wk",rat_train|SKM-GN|RNA|F_2w,rat_train|SKM-GN|PROT|F_2w,False
UQCRC1,0.0335691421412403,0.414793235367864,0.9973696164570588,0.134007647583657,1.43610136738803,0.5496188238577002,-1.0,True,True,ns,"Rat gastrocnemius, female 2 wk",rat_train|SKM-GN|RNA|F_2w,rat_train|SKM-GN|PROT|F_2w,False
UQCRC2,0.0323077700500655,0.489410464122469,0.9973696164570588,-0.108174836080926,-0.808323631179297,0.7817122743351475,-1.0,True,False,ns,"Rat gastrocnemius, female 2 wk",rat_train|SKM-GN|RNA|F_2w,rat_train|SKM-GN|PROT|F_2w,False
ATP5F1B,0.0555307428700151,0.571802719028405,0.9232704485652864,0.216325618433196,2.49274752475965,0.2403844300879167,-1.0,True,True,ns,"Rat vastus lateralis RNA vs gastrocnemius protein, female 2 wk",rat_train|SKM-VL|RNA|F_2w,rat_train|SKM-GN|PROT|F_2w,True
ATP5MG,0.0289889598702704,0.267815685515029,0.9620208834315724,-0.104441527976267,-0.695071968911063,0.8086246502922906,-1.0,True,False,ns,"Rat vastus lateralis RNA vs gastrocnemius protein, female 2 wk",rat_train|SKM-VL|RNA|F_2w,rat_train|SKM-GN|PROT|F_2w,True
ECH1,0.331494292566589,2.5709059081181,0.2970898924195642,0.29749026225343,3.80514381571032,0.0744349029483689,-1.0,True,True,ns,"Rat vastus lateralis RNA vs gastrocnemius protein, female 2 wk",rat_train|SKM-VL|RNA|F_2w,rat_train|SKM-GN|PROT|F_2w,True
IDH2,0.0409264564304261,0.362366631948824,0.9500942207723956,0.113710039702104,1.53004580893292,0.51230564527233,-1.0,True,True,ns,"Rat vastus lateralis RNA vs gastrocnemius protein, female 2 wk",rat_train|SKM-VL|RNA|F_2w,rat_train|SKM-GN|PROT|F_2w,True
NDUFA9,0.178868399197502,1.66924393255679,0.6311796518682409,0.0866017666000579,1.01210888633763,0.7054159179353575,-1.0,True,True,ns,"Rat vastus lateralis RNA vs gastrocnemius protein, female 2 wk",rat_train|SKM-VL|RNA|F_2w,rat_train|SKM-GN|PROT|F_2w,True
OGDH,0.118990595406167,1.09867776674961,0.8037162233469516,0.0246467328570084,0.288365883423838,0.927669139481486,-1.0,True,True,ns,"Rat vastus lateralis RNA vs gastrocnemius protein, female 2 wk",rat_train|SKM-VL|RNA|F_2w,rat_train|SKM-GN|PROT|F_2w,True
SLC25A4,0.0459218667139687,0.540812642905683,0.9254847903034932,-0.294838270139618,-1.36981651605351,0.5752262615750018,-1.0,True,False,ns,"Rat vastus lateralis RNA vs gastrocnemius protein, female 2 wk",rat_train|SKM-VL|RNA|F_2w,rat_train|SKM-GN|PROT|F_2w,True
UQCRC1,0.118390120869298,1.11523848233213,0.7999129872631141,0.134007647583657,1.43610136738803,0.5496188238577002,-1.0,True,True,ns,"Rat vastus lateralis RNA vs gastrocnemius protein, female 2 wk",rat_train|SKM-VL|RNA|F_2w,rat_train|SKM-GN|PROT|F_2w,True
UQCRC2,0.0815424978262649,0.848716362294632,0.8666182414415722,-0.108174836080926,-0.808323631179297,0.7817122743351475,-1.0,True,False,ns,"Rat vastus lateralis RNA vs gastrocnemius protein, female 2 wk",rat_train|SKM-VL|RNA|F_2w,rat_train|SKM-GN|PROT|F_2w,True
ATP5F1B,0.0596710361876659,1.02640538317738,1.0,0.361619349008557,4.16698560103572,0.0218053789187329,-1.0,True,True,PROT_only,"Rat gastrocnemius, female 4 wk",rat_train|SKM-GN|RNA|F_4w,rat_train|SKM-GN|PROT|F_4w,False
ATP5MG,0.0400970613015368,0.608044131274152,1.0,0.147710583267058,0.983033166306855,0.7137621446924226,-1.0,True,True,ns,"Rat gastrocnemius, female 4 wk",rat_train|SKM-GN|RNA|F_4w,rat_train|SKM-GN|PROT|F_4w,False
ECH1,0.104270871485135,1.43217005473167,1.0,0.385386232576696,4.92940517931929,0.0065031999367716,-1.0,True,True,PROT_only,"Rat gastrocnemius, female 4 wk",rat_train|SKM-GN|RNA|F_4w,rat_train|SKM-GN|PROT|F_4w,False
IDH2,0.02083892588329,0.256713643266662,1.0,0.191800379613629,2.58080436651316,0.1916249761877656,-1.0,True,True,ns,"Rat gastrocnemius, female 4 wk",rat_train|SKM-GN|RNA|F_4w,rat_train|SKM-GN|PROT|F_4w,False
NDUFA9,0.123906107313093,1.80732710200542,0.9614946143746648,0.353384050906082,4.12997508311564,0.0229703502278046,-1.0,True,True,PROT_only,"Rat gastrocnemius, female 4 wk",rat_train|SKM-GN|RNA|F_4w,rat_train|SKM-GN|PROT|F_4w,False
OGDH,0.10932424008111,1.61591862097907,1.0,0.27934000317387,3.26826793872379,0.0776344157141698,-1.0,True,True,ns,"Rat gastrocnemius, female 4 wk",rat_train|SKM-GN|RNA|F_4w,rat_train|SKM-GN|PROT|F_4w,False
SLC25A4,0.0972099284685667,1.66486534375987,1.0,0.29193134422927,1.35631095885074,0.5863287167623527,-1.0,True,True,ns,"Rat gastrocnemius, female 4 wk",rat_train|SKM-GN|RNA|F_4w,rat_train|SKM-GN|PROT|F_4w,False
UQCRC1,0.102285761813338,1.26658772232485,1.0,0.267412641790857,2.86574436203694,0.1316435130233887,-1.0,True,True,ns,"Rat gastrocnemius, female 4 wk",rat_train|SKM-GN|RNA|F_4w,rat_train|SKM-GN|PROT|F_4w,False
UQCRC2,0.114937332101226,1.74593437866266,0.9738037947703764,0.292716700115559,2.18729082027192,0.2981123806610403,-1.0,True,True,ns,"Rat gastrocnemius, female 4 wk",rat_train|SKM-GN|RNA|F_4w,rat_train|SKM-GN|PROT|F_4w,False
ATP5F1B,0.225245734873019,2.35361497113541,0.2898960272573114,0.361619349008557,4.16698560103572,0.0218053789187329,-1.0,True,True,PROT_only,"Rat vastus lateralis RNA vs gastrocnemius protein, female 4 wk",rat_train|SKM-VL|RNA|F_4w,rat_train|SKM-GN|PROT|F_4w,True
ATP5MG,0.277410809854442,2.60340686401788,0.1967142725678445,0.147710583267058,0.983033166306855,0.7137621446924226,-1.0,True,True,ns,"Rat vastus lateralis RNA vs gastrocnemius protein, female 4 wk",rat_train|SKM-VL|RNA|F_4w,rat_train|SKM-GN|PROT|F_4w,True
ECH1,0.494233284009789,3.89170679012495,0.0111255540592079,0.385386232576696,4.92940517931929,0.0065031999367716,-1.0,True,True,concordant,"Rat vastus lateralis RNA vs gastrocnemius protein, female 4 wk",rat_train|SKM-VL|RNA|F_4w,rat_train|SKM-GN|PROT|F_4w,True
IDH2,0.299685369676046,2.69312438277995,0.1710984759535029,0.191800379613629,2.58080436651316,0.1916249761877656,-1.0,True,True,ns,"Rat vastus lateralis RNA vs gastrocnemius protein, female 4 wk",rat_train|SKM-VL|RNA|F_4w,rat_train|SKM-GN|PROT|F_4w,True
NDUFA9,0.382007644415872,3.62009636530739,0.0215315796508046,0.353384050906082,4.12997508311564,0.0229703502278046,-1.0,True,True,concordant,"Rat vastus lateralis RNA vs gastrocnemius protein, female 4 wk",rat_train|SKM-VL|RNA|F_4w,rat_train|SKM-GN|PROT|F_4w,True
OGDH,0.307511698121082,2.88162069499965,0.1161223965604987,0.27934000317387,3.26826793872379,0.0776344157141698,-1.0,True,True,ns,"Rat vastus lateralis RNA vs gastrocnemius protein, female 4 wk",rat_train|SKM-VL|RNA|F_4w,rat_train|SKM-GN|PROT|F_4w,True
SLC25A4,0.190050510523033,2.27128475672946,0.3180640781228353,0.29193134422927,1.35631095885074,0.5863287167623527,-1.0,True,True,ns,"Rat vastus lateralis RNA vs gastrocnemius protein, female 4 wk",rat_train|SKM-VL|RNA|F_4w,rat_train|SKM-GN|PROT|F_4w,True
UQCRC1,0.341499887237738,3.26545120033408,0.0527954343771491,0.267412641790857,2.86574436203694,0.1316435130233887,-1.0,True,True,ns,"Rat vastus lateralis RNA vs gastrocnemius protein, female 4 wk",rat_train|SKM-VL|RNA|F_4w,rat_train|SKM-GN|PROT|F_4w,True
UQCRC2,0.271972136300235,2.87377961535324,0.1179009263650997,0.292716700115559,2.18729082027192,0.2981123806610403,-1.0,True,True,ns,"Rat vastus lateralis RNA vs gastrocnemius protein, female 4 wk",rat_train|SKM-VL|RNA|F_4w,rat_train|SKM-GN|PROT|F_4w,True
ATP5F1B,0.115403388273508,1.83118501748261,0.7909542761535526,0.613342041260307,7.06761809468629,2.7375197969036317e-05,-1.0,True,True,PROT_only,"Rat gastrocnemius, female 8 wk",rat_train|SKM-GN|RNA|F_8w,rat_train|SKM-GN|PROT|F_8w,False
ATP5MG,0.101935913435397,1.42617425821927,0.9140352459034398,0.161927592609904,1.07764921480248,0.598380698228089,-1.0,True,True,ns,"Rat gastrocnemius, female 8 wk",rat_train|SKM-GN|RNA|F_8w,rat_train|SKM-GN|PROT|F_8w,False
ECH1,-0.0185026916777731,-0.234796212805509,0.9989250472725932,0.474137717508487,6.06460927462382,0.0001661783940042,-1.0,False,True,PROT_only,"Rat gastrocnemius, female 8 wk",rat_train|SKM-GN|RNA|F_8w,rat_train|SKM-GN|PROT|F_8w,False
IDH2,0.0314276121296194,0.357187068005477,0.9989250472725932,0.385628920105875,5.18889901504803,0.000811676963235,-1.0,True,True,PROT_only,"Rat gastrocnemius, female 8 wk",rat_train|SKM-GN|RNA|F_8w,rat_train|SKM-GN|PROT|F_8w,False
NDUFA9,0.212061095593998,2.8555260580856,0.3400702305253392,0.518697789387156,6.06198536788364,0.0001661783940042,-1.0,True,True,PROT_only,"Rat gastrocnemius, female 8 wk",rat_train|SKM-GN|RNA|F_8w,rat_train|SKM-GN|PROT|F_8w,False
OGDH,0.129704561799605,1.76878426924558,0.8050747320753162,0.401749954360245,4.70045994236659,0.0020897386378295,-1.0,True,True,PROT_only,"Rat gastrocnemius, female 8 wk",rat_train|SKM-GN|RNA|F_8w,rat_train|SKM-GN|PROT|F_8w,False
SLC25A4,0.132773090732939,2.09775067701907,0.6833401484607782,0.187407259045453,0.870692798961331,0.6845843438749736,-1.0,True,True,ns,"Rat gastrocnemius, female 8 wk",rat_train|SKM-GN|RNA|F_8w,rat_train|SKM-GN|PROT|F_8w,False
UQCRC1,0.160227388742774,1.83113556925373,0.7909542761535526,0.450810237200054,4.83113620565098,0.0016411664765183,-1.0,True,True,PROT_only,"Rat gastrocnemius, female 8 wk",rat_train|SKM-GN|RNA|F_8w,rat_train|SKM-GN|PROT|F_8w,False
UQCRC2,0.171249223078889,2.40028026239303,0.5496161464853337,0.291453755955646,2.17785361984433,0.2062859655348412,-1.0,True,True,ns,"Rat gastrocnemius, female 8 wk",rat_train|SKM-GN|RNA|F_8w,rat_train|SKM-GN|PROT|F_8w,False
ATP5F1B,0.105012882066654,1.4800044306766,0.5960072899393631,0.613342041260307,7.06761809468629,2.7375197969036317e-05,-1.0,True,True,PROT_only,"Rat vastus lateralis RNA vs gastrocnemius protein, female 8 wk",rat_train|SKM-VL|RNA|F_8w,rat_train|SKM-GN|PROT|F_8w,True
ATP5MG,0.189763414784569,2.40094866282577,0.2190465786753131,0.161927592609904,1.07764921480248,0.598380698228089,-1.0,True,True,ns,"Rat vastus lateralis RNA vs gastrocnemius protein, female 8 wk",rat_train|SKM-VL|RNA|F_8w,rat_train|SKM-GN|PROT|F_8w,True
ECH1,0.126455293024091,1.34242847002373,0.6558187984586684,0.474137717508487,6.06460927462382,0.0001661783940042,-1.0,True,True,PROT_only,"Rat vastus lateralis RNA vs gastrocnemius protein, female 8 wk",rat_train|SKM-VL|RNA|F_8w,rat_train|SKM-GN|PROT|F_8w,True
IDH2,0.250260013326453,3.03325338319408,0.0649686907206083,0.385628920105875,5.18889901504803,0.000811676963235,-1.0,True,True,PROT_only,"Rat vastus lateralis RNA vs gastrocnemius protein, female 8 wk",rat_train|SKM-VL|RNA|F_8w,rat_train|SKM-GN|PROT|F_8w,True
NDUFA9,0.269027280981295,3.43747299303966,0.0226413462361173,0.518697789387156,6.06198536788364,0.0001661783940042,-1.0,True,True,concordant,"Rat vastus lateralis RNA vs gastrocnemius protein, female 8 wk",rat_train|SKM-VL|RNA|F_8w,rat_train|SKM-GN|PROT|F_8w,True
OGDH,0.206896752684562,2.61481689010819,0.1541737021223206,0.401749954360245,4.70045994236659,0.0020897386378295,-1.0,True,True,PROT_only,"Rat vastus lateralis RNA vs gastrocnemius protein, female 8 wk",rat_train|SKM-VL|RNA|F_8w,rat_train|SKM-GN|PROT|F_8w,True
SLC25A4,0.167496296847532,2.69989998254324,0.1313052970140129,0.187407259045453,0.870692798961331,0.6845843438749736,-1.0,True,True,ns,"Rat vastus lateralis RNA vs gastrocnemius protein, female 8 wk",rat_train|SKM-VL|RNA|F_8w,rat_train|SKM-GN|PROT|F_8w,True
UQCRC1,0.275479926037976,3.55235876741592,0.0163123140318561,0.450810237200054,4.83113620565098,0.0016411664765183,-1.0,True,True,concordant,"Rat vastus lateralis RNA vs gastrocnemius protein, female 8 wk",rat_train|SKM-VL|RNA|F_8w,rat_train|SKM-GN|PROT|F_8w,True
UQCRC2,0.226409180260181,3.22657523049768,0.0400856177866005,0.291453755955646,2.17785361984433,0.2062859655348412,-1.0,True,True,RNA_only,"Rat vastus lateralis RNA vs gastrocnemius protein, female 8 wk",rat_train|SKM-VL|RNA|F_8w,rat_train|SKM-GN|PROT|F_8w,True
ATP5F1B,0.11481268069028,2.50093256625561,0.3716812426752158,0.0997942962877353,1.07160948421459,0.6827308004344292,-1.0,True,True,ns,"Rat gastrocnemius, male 1 wk",rat_train|SKM-GN|RNA|M_1w,rat_train|SKM-GN|PROT|M_1w,False
ATP5MG,0.111924716018266,1.57731886093792,0.7701510985561295,-0.383333940854609,-2.05856077376854,0.3835411363141002,-1.0,True,False,ns,"Rat gastrocnemius, male 1 wk",rat_train|SKM-GN|RNA|M_1w,rat_train|SKM-GN|PROT|M_1w,False
ECH1,0.111099466735982,1.43819198471069,0.8173551999751484,0.270853592315498,4.42944651008886,0.0480362789737075,-1.0,True,True,PROT_only,"Rat gastrocnemius, male 1 wk",rat_train|SKM-GN|RNA|M_1w,rat_train|SKM-GN|PROT|M_1w,False
IDH2,0.0454265860564342,0.556070843359181,0.9830272277373476,0.0161535036659354,0.19556795539386,0.9607854450193908,-1.0,True,True,ns,"Rat gastrocnemius, male 1 wk",rat_train|SKM-GN|RNA|M_1w,rat_train|SKM-GN|PROT|M_1w,False
NDUFA9,0.166313286545411,3.34229445972537,0.1049892616041858,-0.0869442491269501,-0.761072125206482,0.7881936501439806,-1.0,True,False,ns,"Rat gastrocnemius, male 1 wk",rat_train|SKM-GN|RNA|M_1w,rat_train|SKM-GN|PROT|M_1w,False
OGDH,0.115167153904607,2.38610304362029,0.4317179512175747,0.0807499727775546,0.876572736724499,0.7540012131672624,-1.0,True,True,ns,"Rat gastrocnemius, male 1 wk",rat_train|SKM-GN|RNA|M_1w,rat_train|SKM-GN|PROT|M_1w,False
SLC25A4,0.115437901942949,2.30903814627581,0.4748337806993531,-0.587115768601554,-2.2521027943538,0.3344421433481416,-1.0,True,False,ns,"Rat gastrocnemius, male 1 wk",rat_train|SKM-GN|RNA|M_1w,rat_train|SKM-GN|PROT|M_1w,False
UQCRC1,0.154017702396387,2.4177714986904,0.409665834655126,-0.040787544535864,-0.388682368422224,0.9112695619353138,-1.0,True,False,ns,"Rat gastrocnemius, male 1 wk",rat_train|SKM-GN|RNA|M_1w,rat_train|SKM-GN|PROT|M_1w,False
UQCRC2,0.172122700813192,3.36366437410756,0.0990047237489758,-0.194127115494566,-1.19768189977472,0.6358849796003807,-1.0,True,False,ns,"Rat gastrocnemius, male 1 wk",rat_train|SKM-GN|RNA|M_1w,rat_train|SKM-GN|PROT|M_1w,False
ATP5F1B,0.0988703824495737,1.24705022384403,0.9110201148051884,0.0997942962877353,1.07160948421459,0.6827308004344292,-1.0,True,True,ns,"Rat vastus lateralis RNA vs gastrocnemius protein, male 1 wk",rat_train|SKM-VL|RNA|M_1w,rat_train|SKM-GN|PROT|M_1w,True
ATP5MG,0.0919373945498699,0.757097721226545,0.9679053502804988,-0.383333940854609,-2.05856077376854,0.3835411363141002,-1.0,True,False,ns,"Rat vastus lateralis RNA vs gastrocnemius protein, male 1 wk",rat_train|SKM-VL|RNA|M_1w,rat_train|SKM-GN|PROT|M_1w,True
ECH1,0.0315541970761647,0.176619620687194,0.995683298228862,0.270853592315498,4.42944651008886,0.0480362789737075,-1.0,True,True,PROT_only,"Rat vastus lateralis RNA vs gastrocnemius protein, male 1 wk",rat_train|SKM-VL|RNA|M_1w,rat_train|SKM-GN|PROT|M_1w,True
IDH2,-0.197043324085344,-1.0739316502601,0.9361666502500496,0.0161535036659354,0.19556795539386,0.9607854450193908,-1.0,False,True,ns,"Rat vastus lateralis RNA vs gastrocnemius protein, male 1 wk",rat_train|SKM-VL|RNA|M_1w,rat_train|SKM-GN|PROT|M_1w,True
NDUFA9,0.0911940676984194,0.720154469057264,0.9712682663251442,-0.0869442491269501,-0.761072125206482,0.7881936501439806,-1.0,True,False,ns,"Rat vastus lateralis RNA vs gastrocnemius protein, male 1 wk",rat_train|SKM-VL|RNA|M_1w,rat_train|SKM-GN|PROT|M_1w,True
OGDH,0.0557150420633111,0.580840049120103,0.9776860110233848,0.0807499727775546,0.876572736724499,0.7540012131672624,-1.0,True,True,ns,"Rat vastus lateralis RNA vs gastrocnemius protein, male 1 wk",rat_train|SKM-VL|RNA|M_1w,rat_train|SKM-GN|PROT|M_1w,True
SLC25A4,0.180923813730768,2.15746717145537,0.7269063501682106,-0.587115768601554,-2.2521027943538,0.3344421433481416,-1.0,True,False,ns,"Rat vastus lateralis RNA vs gastrocnemius protein, male 1 wk",rat_train|SKM-VL|RNA|M_1w,rat_train|SKM-GN|PROT|M_1w,True
UQCRC1,0.161642229629897,1.23062250963454,0.9153445293720748,-0.040787544535864,-0.388682368422224,0.9112695619353138,-1.0,True,False,ns,"Rat vastus lateralis RNA vs gastrocnemius protein, male 1 wk",rat_train|SKM-VL|RNA|M_1w,rat_train|SKM-GN|PROT|M_1w,True
UQCRC2,0.0566386670183884,0.528672849411231,0.9829975409473776,-0.194127115494566,-1.19768189977472,0.6358849796003807,-1.0,True,False,ns,"Rat vastus lateralis RNA vs gastrocnemius protein, male 1 wk",rat_train|SKM-VL|RNA|M_1w,rat_train|SKM-GN|PROT|M_1w,True
ATP5F1B,0.107724273283609,2.24079976940794,0.7275586640676494,0.20321789568942,2.18219109191392,0.3995860416987783,-1.0,True,True,ns,"Rat gastrocnemius, male 2 wk",rat_train|SKM-GN|RNA|M_2w,rat_train|SKM-GN|PROT|M_2w,False
ATP5MG,-0.0173031540120361,-0.232482815169543,0.9973799997489348,-0.0215587029650741,-0.115773469362739,0.9823904154042752,-1.0,False,False,ns,"Rat gastrocnemius, male 2 wk",rat_train|SKM-GN|RNA|M_2w,rat_train|SKM-GN|PROT|M_2w,False
ECH1,0.0092798534651451,0.114551008913567,0.9983165956203738,0.320507877949297,5.24147562268558,0.0083618755838359,-1.0,True,True,PROT_only,"Rat gastrocnemius, male 2 wk",rat_train|SKM-GN|RNA|M_2w,rat_train|SKM-GN|PROT|M_2w,False
IDH2,-0.156453833442051,-1.82829006517776,0.9151439570691582,-0.0006166726151431,-0.0074659593971087,0.9980916453822538,-1.0,False,False,ns,"Rat gastrocnemius, male 2 wk",rat_train|SKM-GN|RNA|M_2w,rat_train|SKM-GN|PROT|M_2w,False
NDUFA9,0.114543878840499,2.1940584491016,0.7594305197643604,0.148783283419724,1.30238412367114,0.6919029020900294,-1.0,True,True,ns,"Rat gastrocnemius, male 2 wk",rat_train|SKM-GN|RNA|M_2w,rat_train|SKM-GN|PROT|M_2w,False
OGDH,0.037792908999098,0.747383912252736,0.9934648698188544,0.24794239757759,2.69151231286896,0.2871418262112593,-1.0,True,True,ns,"Rat gastrocnemius, male 2 wk",rat_train|SKM-GN|RNA|M_2w,rat_train|SKM-GN|PROT|M_2w,False
SLC25A4,0.128031309853787,2.44562797350351,0.6342182977950576,-0.207192970162092,-0.794766368111604,0.8301536599890886,-1.0,True,False,ns,"Rat gastrocnemius, male 2 wk",rat_train|SKM-GN|RNA|M_2w,rat_train|SKM-GN|PROT|M_2w,False
UQCRC1,0.0602777392852488,0.903034306644379,0.9934648698188544,0.106977871007603,1.01943896709548,0.7670443908554828,-1.0,True,True,ns,"Rat gastrocnemius, male 2 wk",rat_train|SKM-GN|RNA|M_2w,rat_train|SKM-GN|PROT|M_2w,False
UQCRC2,0.0890893560338965,1.66037156018498,0.9338742296650592,0.176662504213181,1.08993266152417,0.7476875778537215,-1.0,True,True,ns,"Rat gastrocnemius, male 2 wk",rat_train|SKM-GN|RNA|M_2w,rat_train|SKM-GN|PROT|M_2w,False
ATP5F1B,0.117688459912869,1.3240458050837,0.8923088921604985,0.20321789568942,2.18219109191392,0.3995860416987783,-1.0,True,True,ns,"Rat vastus lateralis RNA vs gastrocnemius protein, male 2 wk",rat_train|SKM-VL|RNA|M_2w,rat_train|SKM-GN|PROT|M_2w,True
ATP5MG,0.0903769216898681,0.663685848511378,0.9696200897789052,-0.0215587029650741,-0.115773469362739,0.9823904154042752,-1.0,True,False,ns,"Rat vastus lateralis RNA vs gastrocnemius protein, male 2 wk",rat_train|SKM-VL|RNA|M_2w,rat_train|SKM-GN|PROT|M_2w,True
ECH1,0.0510398043982171,0.254803201789644,0.993500951817892,0.320507877949297,5.24147562268558,0.0083618755838359,-1.0,True,True,PROT_only,"Rat vastus lateralis RNA vs gastrocnemius protein, male 2 wk",rat_train|SKM-VL|RNA|M_2w,rat_train|SKM-GN|PROT|M_2w,True
IDH2,-0.241102354620196,-1.17207831036304,0.9234273469789652,-0.0006166726151431,-0.0074659593971087,0.9980916453822538,-1.0,False,False,ns,"Rat vastus lateralis RNA vs gastrocnemius protein, male 2 wk",rat_train|SKM-VL|RNA|M_2w,rat_train|SKM-GN|PROT|M_2w,True
NDUFA9,0.0832872851236341,0.586536005861035,0.9763682784684012,0.148783283419724,1.30238412367114,0.6919029020900294,-1.0,True,True,ns,"Rat vastus lateralis RNA vs gastrocnemius protein, male 2 wk",rat_train|SKM-VL|RNA|M_2w,rat_train|SKM-GN|PROT|M_2w,True
OGDH,0.0500099234319122,0.465009583790977,0.9869392451275716,0.24794239757759,2.69151231286896,0.2871418262112593,-1.0,True,True,ns,"Rat vastus lateralis RNA vs gastrocnemius protein, male 2 wk",rat_train|SKM-VL|RNA|M_2w,rat_train|SKM-GN|PROT|M_2w,True
SLC25A4,0.219005785226751,2.32947230123223,0.6541625259037929,-0.207192970162092,-0.794766368111604,0.8301536599890886,-1.0,True,False,ns,"Rat vastus lateralis RNA vs gastrocnemius protein, male 2 wk",rat_train|SKM-VL|RNA|M_2w,rat_train|SKM-GN|PROT|M_2w,True
UQCRC1,0.110462850521563,0.75004891579293,0.9634358562821028,0.106977871007603,1.01943896709548,0.7670443908554828,-1.0,True,True,ns,"Rat vastus lateralis RNA vs gastrocnemius protein, male 2 wk",rat_train|SKM-VL|RNA|M_2w,rat_train|SKM-GN|PROT|M_2w,True
UQCRC2,0.0383909978371291,0.319573506330765,0.99066250758455,0.176662504213181,1.08993266152417,0.7476875778537215,-1.0,True,True,ns,"Rat vastus lateralis RNA vs gastrocnemius protein, male 2 wk",rat_train|SKM-VL|RNA|M_2w,rat_train|SKM-GN|PROT|M_2w,True
ATP5F1B,0.116970021606535,2.71396607074775,0.2579751853638221,0.275669629184563,2.96019111445354,0.1314811361114966,-1.0,True,True,ns,"Rat gastrocnemius, male 4 wk",rat_train|SKM-GN|RNA|M_4w,rat_train|SKM-GN|PROT|M_4w,False
ATP5MG,0.0361839215650641,0.543030040783255,0.974200841076456,-0.294407530454945,-1.58101260834214,0.4827218792319009,-1.0,True,False,ns,"Rat gastrocnemius, male 4 wk",rat_train|SKM-GN|RNA|M_4w,rat_train|SKM-GN|PROT|M_4w,False
ECH1,-0.0058716533299073,-0.0808796420550496,0.9952790387521236,0.382897797679412,6.26177891588089,0.000611146646586,-1.0,False,True,PROT_only,"Rat gastrocnemius, male 4 wk",rat_train|SKM-GN|RNA|M_4w,rat_train|SKM-GN|PROT|M_4w,False
IDH2,-0.0262927273137851,-0.342791872668203,0.9757264256679192,0.0717727807054658,0.868941888136628,0.7465509662030176,-1.0,False,True,ns,"Rat gastrocnemius, male 4 wk",rat_train|SKM-GN|RNA|M_4w,rat_train|SKM-GN|PROT|M_4w,False
NDUFA9,0.128578874081133,2.75236873417446,0.2568772812486506,0.156375263016371,1.36884100959706,0.5639289328812562,-1.0,True,True,ns,"Rat gastrocnemius, male 4 wk",rat_train|SKM-GN|RNA|M_4w,rat_train|SKM-GN|PROT|M_4w,False
OGDH,0.0676404923363841,1.49256995856932,0.8082827470659916,0.187602202390966,2.03649574493853,0.3467695591509787,-1.0,True,True,ns,"Rat gastrocnemius, male 4 wk",rat_train|SKM-GN|RNA|M_4w,rat_train|SKM-GN|PROT|M_4w,False
SLC25A4,0.105762925075192,2.2533332232829,0.4728498459964949,-0.264384934672175,-1.01414760427655,0.6982503195760399,-1.0,True,False,ns,"Rat gastrocnemius, male 4 wk",rat_train|SKM-GN|RNA|M_4w,rat_train|SKM-GN|PROT|M_4w,False
UQCRC1,0.109642101825672,1.83314874470693,0.6657476019350251,0.0264443664776402,0.251999945348922,0.9430065567057212,-1.0,True,True,ns,"Rat gastrocnemius, male 4 wk",rat_train|SKM-GN|RNA|M_4w,rat_train|SKM-GN|PROT|M_4w,False
UQCRC2,0.116802081945818,2.43055845439242,0.3888312383588648,0.0288667589322866,0.178095649287735,0.956676517495582,-1.0,True,True,ns,"Rat gastrocnemius, male 4 wk",rat_train|SKM-GN|RNA|M_4w,rat_train|SKM-GN|PROT|M_4w,False
ATP5F1B,0.188991234972086,2.07869526870116,0.7195063413429231,0.275669629184563,2.96019111445354,0.1314811361114966,-1.0,True,True,ns,"Rat vastus lateralis RNA vs gastrocnemius protein, male 4 wk",rat_train|SKM-VL|RNA|M_4w,rat_train|SKM-GN|PROT|M_4w,True
ATP5MG,0.194092350249882,1.39352191890455,0.9084078783265412,-0.294407530454945,-1.58101260834214,0.4827218792319009,-1.0,True,False,ns,"Rat vastus lateralis RNA vs gastrocnemius protein, male 4 wk",rat_train|SKM-VL|RNA|M_4w,rat_train|SKM-GN|PROT|M_4w,True
ECH1,0.174257909704846,0.850457093856299,0.9800900897045304,0.382897797679412,6.26177891588089,0.000611146646586,-1.0,True,True,PROT_only,"Rat vastus lateralis RNA vs gastrocnemius protein, male 4 wk",rat_train|SKM-VL|RNA|M_4w,rat_train|SKM-GN|PROT|M_4w,True
IDH2,0.0764531385387868,0.363357301756273,1.0,0.0717727807054658,0.868941888136628,0.7465509662030176,-1.0,True,True,ns,"Rat vastus lateralis RNA vs gastrocnemius protein, male 4 wk",rat_train|SKM-VL|RNA|M_4w,rat_train|SKM-GN|PROT|M_4w,True
NDUFA9,0.196705351234189,1.35439960160125,0.9090157075890268,0.156375263016371,1.36884100959706,0.5639289328812562,-1.0,True,True,ns,"Rat vastus lateralis RNA vs gastrocnemius protein, male 4 wk",rat_train|SKM-VL|RNA|M_4w,rat_train|SKM-GN|PROT|M_4w,True
OGDH,0.169296886463441,1.53902845358702,0.8932963316983821,0.187602202390966,2.03649574493853,0.3467695591509787,-1.0,True,True,ns,"Rat vastus lateralis RNA vs gastrocnemius protein, male 4 wk",rat_train|SKM-VL|RNA|M_4w,rat_train|SKM-GN|PROT|M_4w,True
SLC25A4,0.198578267510119,2.06494563955645,0.7231731020958426,-0.264384934672175,-1.01414760427655,0.6982503195760399,-1.0,True,False,ns,"Rat vastus lateralis RNA vs gastrocnemius protein, male 4 wk",rat_train|SKM-VL|RNA|M_4w,rat_train|SKM-GN|PROT|M_4w,True
UQCRC1,0.268201281313254,1.78045949077715,0.8202175652462457,0.0264443664776402,0.251999945348922,0.9430065567057212,-1.0,True,True,ns,"Rat vastus lateralis RNA vs gastrocnemius protein, male 4 wk",rat_train|SKM-VL|RNA|M_4w,rat_train|SKM-GN|PROT|M_4w,True
UQCRC2,0.171648817137062,1.3970376737995,0.9084078783265412,0.0288667589322866,0.178095649287735,0.956676517495582,-1.0,True,True,ns,"Rat vastus lateralis RNA vs gastrocnemius protein, male 4 wk",rat_train|SKM-VL|RNA|M_4w,rat_train|SKM-GN|PROT|M_4w,True
ATP5F1B,0.14123315480921,3.15997829552198,0.051252741215831,0.358706527965105,3.67260115404259,0.0302694309535516,-1.0,True,True,PROT_only,"Rat gastrocnemius, male 8 wk",rat_train|SKM-GN|RNA|M_8w,rat_train|SKM-GN|PROT|M_8w,False
ATP5MG,0.0382582474151696,0.553283355769308,0.8966317775260829,-0.101269224004594,-0.518522443073582,0.8413511532379572,-1.0,True,False,ns,"Rat gastrocnemius, male 8 wk",rat_train|SKM-GN|RNA|M_8w,rat_train|SKM-GN|PROT|M_8w,False
ECH1,-0.259825716943721,-3.44334748132999,0.0268251617658795,0.23527662927928,3.66857420890935,0.0302854132517852,-1.0,False,True,opposite,"Rat gastrocnemius, male 8 wk",rat_train|SKM-GN|RNA|M_8w,rat_train|SKM-GN|PROT|M_8w,False
IDH2,0.0166873478518781,0.209792662148617,0.9728364005725364,0.082402870308611,0.951211205604919,0.6643183654803404,-1.0,True,True,ns,"Rat gastrocnemius, male 8 wk",rat_train|SKM-GN|RNA|M_8w,rat_train|SKM-GN|PROT|M_8w,False
NDUFA9,0.151403550434566,3.12093618504891,0.0552996980697601,0.341596910550187,2.85103498381263,0.1002221041004157,-1.0,True,True,ns,"Rat gastrocnemius, male 8 wk",rat_train|SKM-GN|RNA|M_8w,rat_train|SKM-GN|PROT|M_8w,False
OGDH,0.0579111579383075,1.23191810986637,0.6754690388906095,0.292199678097854,3.02432852048029,0.0763645335353229,-1.0,True,True,ns,"Rat gastrocnemius, male 8 wk",rat_train|SKM-GN|RNA|M_8w,rat_train|SKM-GN|PROT|M_8w,False
SLC25A4,0.0728442070442437,1.49657623541761,0.5701808243179934,0.142116025934382,0.519769960981211,0.8410299000033047,-1.0,True,True,ns,"Rat gastrocnemius, male 8 wk",rat_train|SKM-GN|RNA|M_8w,rat_train|SKM-GN|PROT|M_8w,False
UQCRC1,0.134915103279748,2.17481017533308,0.2847221433511179,0.110548022874859,1.00443518289095,0.64051199615903,-1.0,True,True,ns,"Rat gastrocnemius, male 8 wk",rat_train|SKM-GN|RNA|M_8w,rat_train|SKM-GN|PROT|M_8w,False
UQCRC2,0.101666896250651,2.03844227885896,0.3301546011802699,0.218584465875252,1.28581425714701,0.5152091051929335,-1.0,True,True,ns,"Rat gastrocnemius, male 8 wk",rat_train|SKM-GN|RNA|M_8w,rat_train|SKM-GN|PROT|M_8w,False
ATP5F1B,0.0195018593988245,0.295812498155,0.9528223882977768,0.358706527965105,3.67260115404259,0.0302694309535516,-1.0,True,True,PROT_only,"Rat vastus lateralis RNA vs gastrocnemius protein, male 8 wk",rat_train|SKM-VL|RNA|M_8w,rat_train|SKM-GN|PROT|M_8w,True
ATP5MG,0.144335142623758,1.42808352150812,0.6543861382005146,-0.101269224004594,-0.518522443073582,0.8413511532379572,-1.0,True,False,ns,"Rat vastus lateralis RNA vs gastrocnemius protein, male 8 wk",rat_train|SKM-VL|RNA|M_8w,rat_train|SKM-GN|PROT|M_8w,True
ECH1,-0.158420635972421,-1.06536710552239,0.7659338384346718,0.23527662927928,3.66857420890935,0.0302854132517852,-1.0,False,True,PROT_only,"Rat vastus lateralis RNA vs gastrocnemius protein, male 8 wk",rat_train|SKM-VL|RNA|M_8w,rat_train|SKM-GN|PROT|M_8w,True
IDH2,0.311758886036108,2.04343011969559,0.4310219344454282,0.082402870308611,0.951211205604919,0.6643183654803404,-1.0,True,True,ns,"Rat vastus lateralis RNA vs gastrocnemius protein, male 8 wk",rat_train|SKM-VL|RNA|M_8w,rat_train|SKM-GN|PROT|M_8w,True
NDUFA9,0.0966102546775435,0.916839990208722,0.8157238870418515,0.341596910550187,2.85103498381263,0.1002221041004157,-1.0,True,True,ns,"Rat vastus lateralis RNA vs gastrocnemius protein, male 8 wk",rat_train|SKM-VL|RNA|M_8w,rat_train|SKM-GN|PROT|M_8w,True
OGDH,0.0525305609661452,0.65846680814618,0.8801198499336832,0.292199678097854,3.02432852048029,0.0763645335353229,-1.0,True,True,ns,"Rat vastus lateralis RNA vs gastrocnemius protein, male 8 wk",rat_train|SKM-VL|RNA|M_8w,rat_train|SKM-GN|PROT|M_8w,True
SLC25A4,-0.0074603431119832,-0.106987401888282,0.9867002524635864,0.142116025934382,0.519769960981211,0.8410299000033047,-1.0,False,True,ns,"Rat vastus lateralis RNA vs gastrocnemius protein, male 8 wk",rat_train|SKM-VL|RNA|M_8w,rat_train|SKM-GN|PROT|M_8w,True
UQCRC1,0.136189399026601,1.24655567730352,0.7112571029962677,0.110548022874859,1.00443518289095,0.64051199615903,-1.0,True,True,ns,"Rat vastus lateralis RNA vs gastrocnemius protein, male 8 wk",rat_train|SKM-VL|RNA|M_8w,rat_train|SKM-GN|PROT|M_8w,True
UQCRC2,0.0724199619176891,0.81261140097087,0.8375590135537264,0.218584465875252,1.28581425714701,0.5152091051929335,-1.0,True,True,ns,"Rat vastus lateralis RNA vs gastrocnemius protein, male 8 wk",rat_train|SKM-VL|RNA|M_8w,rat_train|SKM-GN|PROT|M_8w,True
ATP5F1B,-0.0056083023482659,-0.215652345810971,0.9998454844552934,0.0369278944798114,1.23239284247746,0.8732855954348645,-1.0,False,True,ns,"Rat heart, female 1 wk",rat_train|HEART|RNA|F_1w,rat_train|HEART|PROT|F_1w,False
ATP5MG,-0.0350329082492534,-1.21977524114624,0.9998454844552934,-0.0975354408610694,-0.954791950693951,0.8995590144302591,-1.0,False,False,ns,"Rat heart, female 1 wk",rat_train|HEART|RNA|F_1w,rat_train|HEART|PROT|F_1w,False
ECH1,0.0002032437091334,0.0032985817819854,0.9998454844552934,0.0497927578362055,1.27051165467715,0.8678004536539932,-1.0,True,True,ns,"Rat heart, female 1 wk",rat_train|HEART|RNA|F_1w,rat_train|HEART|PROT|F_1w,False
IDH2,-0.0013225465440668,-0.0363185076139631,0.9998454844552934,0.0009793004359992,0.0278382328988464,0.9995057866931653,-1.0,False,True,ns,"Rat heart, female 1 wk",rat_train|HEART|RNA|F_1w,rat_train|HEART|PROT|F_1w,False
NDUFA9,0.0198538324505546,0.657540735043413,0.9998454844552934,0.0099541035692831,0.261290847259156,0.98141017498198,-1.0,True,True,ns,"Rat heart, female 1 wk",rat_train|HEART|RNA|F_1w,rat_train|HEART|PROT|F_1w,False
OGDH,-0.0149287204111596,-0.609091061688017,0.9998454844552934,0.0231737704897539,0.609948461775675,0.9473707305273013,-1.0,False,True,ns,"Rat heart, female 1 wk",rat_train|HEART|RNA|F_1w,rat_train|HEART|PROT|F_1w,False
SLC25A4,-0.0006027685177645,-0.0183321569917504,0.9998454844552934,0.0125809213413433,0.207659776338799,0.9841021374241596,-1.0,False,True,ns,"Rat heart, female 1 wk",rat_train|HEART|RNA|F_1w,rat_train|HEART|PROT|F_1w,False
UQCRC1,-0.0056461083957692,-0.241215279842878,0.9998454844552934,-0.0764327330275508,-1.37065852206419,0.852765404310338,-1.0,False,False,ns,"Rat heart, female 1 wk",rat_train|HEART|RNA|F_1w,rat_train|HEART|PROT|F_1w,False
UQCRC2,0.0348681673015173,1.28130118034715,0.9998454844552934,-0.0462825565918206,-0.860037632480606,0.9159370367583572,-1.0,True,False,ns,"Rat heart, female 1 wk",rat_train|HEART|RNA|F_1w,rat_train|HEART|PROT|F_1w,False
ATP5F1B,0.0132922369841536,0.498393238921721,1.0,0.0492265694040249,1.64283592790287,0.4817311007069249,-1.0,True,True,ns,"Rat heart, female 2 wk",rat_train|HEART|RNA|F_2w,rat_train|HEART|PROT|F_2w,False
ATP5MG,-0.0755020257669799,-2.54961384342331,0.442302646503273,0.07743448693227,0.758020101988974,0.7651676746845898,-1.0,False,True,ns,"Rat heart, female 2 wk",rat_train|HEART|RNA|F_2w,rat_train|HEART|PROT|F_2w,False
ECH1,-0.116240005729422,-1.83855932219515,0.8290292533327075,0.0581415581092418,1.4835395830429,0.52537011197102,-1.0,False,True,ns,"Rat heart, female 2 wk",rat_train|HEART|RNA|F_2w,rat_train|HEART|PROT|F_2w,False
IDH2,0.0023311683818189,0.0624147558549681,1.0,0.0147235786750764,0.41854205021673,0.8772754173797139,-1.0,True,True,ns,"Rat heart, female 2 wk",rat_train|HEART|RNA|F_2w,rat_train|HEART|PROT|F_2w,False
NDUFA9,0.0271904886805579,0.874929609523631,1.0,0.0482544510363675,1.26665814832646,0.5946432387382751,-1.0,True,True,ns,"Rat heart, female 2 wk",rat_train|HEART|RNA|F_2w,rat_train|HEART|PROT|F_2w,False
OGDH,-0.0570341457081801,-2.26702928452844,0.6068806937204756,0.0269334108220135,0.708904600074595,0.7820466619857345,-1.0,False,True,ns,"Rat heart, female 2 wk",rat_train|HEART|RNA|F_2w,rat_train|HEART|PROT|F_2w,False
SLC25A4,-0.0718031770531468,-2.12906034177556,0.6838558330880743,0.133306340614297,2.20034480189771,0.3290481002939375,-1.0,False,True,ns,"Rat heart, female 2 wk",rat_train|HEART|RNA|F_2w,rat_train|HEART|PROT|F_2w,False
UQCRC1,-0.0603749946513518,-2.50745006582929,0.4696453555271266,0.0133377725610877,0.239184586263834,0.9333304421182468,-1.0,False,True,ns,"Rat heart, female 2 wk",rat_train|HEART|RNA|F_2w,rat_train|HEART|PROT|F_2w,False
UQCRC2,0.0379042806360169,1.3555494494598,0.9531947322409272,0.041806827323917,0.776868164615206,0.7583986755201059,-1.0,True,True,ns,"Rat heart, female 2 wk",rat_train|HEART|RNA|F_2w,rat_train|HEART|PROT|F_2w,False
ATP5F1B,0.0357127869219399,1.3586537680248,0.8684843194578875,0.116105354412567,3.87477839630372,0.0624345876466721,-1.0,True,True,ns,"Rat heart, female 4 wk",rat_train|HEART|RNA|F_4w,rat_train|HEART|PROT|F_4w,False
ATP5MG,0.0053320081872699,0.183803084762148,0.9998459062106204,0.116232637472651,1.13782216686644,0.6930729287053058,-1.0,True,True,ns,"Rat heart, female 4 wk",rat_train|HEART|RNA|F_4w,rat_train|HEART|PROT|F_4w,False
ECH1,-0.130342225564657,-2.09204144376599,0.58719204392907,0.0844468176538599,2.15474439842357,0.3600085100115583,-1.0,False,True,ns,"Rat heart, female 4 wk",rat_train|HEART|RNA|F_4w,rat_train|HEART|PROT|F_4w,False
IDH2,0.0194984094890931,0.529740200259883,0.980719549608167,0.0963181753258191,2.73800327105555,0.2047589397603678,-1.0,True,True,ns,"Rat heart, female 4 wk",rat_train|HEART|RNA|F_4w,rat_train|HEART|PROT|F_4w,False
NDUFA9,0.0446419301184747,1.46315707788105,0.8398742491271253,0.0855043622877562,2.24445196004031,0.3335157810180513,-1.0,True,True,ns,"Rat heart, female 4 wk",rat_train|HEART|RNA|F_4w,rat_train|HEART|PROT|F_4w,False
OGDH,-0.0049240200771496,-0.198745397782537,0.9988117890179452,0.108433878299611,2.85404903368923,0.1792923181983129,-1.0,False,True,ns,"Rat heart, female 4 wk",rat_train|HEART|RNA|F_4w,rat_train|HEART|PROT|F_4w,False
SLC25A4,0.038417772977085,1.15598286911717,0.9094071792132304,0.111517851319542,1.84070557588646,0.4472167897603863,-1.0,True,True,ns,"Rat heart, female 4 wk",rat_train|HEART|RNA|F_4w,rat_train|HEART|PROT|F_4w,False
UQCRC1,0.0289894448695893,1.22543100580047,0.8959614818648025,0.0467402120145721,0.838186302951741,0.7888620567878337,-1.0,True,True,ns,"Rat heart, female 4 wk",rat_train|HEART|RNA|F_4w,rat_train|HEART|PROT|F_4w,False
UQCRC2,0.0542716709012204,1.97325154126838,0.6428430314732373,0.090563209697779,1.68287523840218,0.504049986351012,-1.0,True,True,ns,"Rat heart, female 4 wk",rat_train|HEART|RNA|F_4w,rat_train|HEART|PROT|F_4w,False
ATP5F1B,0.0341117278788095,1.30857871775178,0.6829010523522264,-0.0041077193304946,-0.137086719216432,0.972306702889832,-1.0,True,False,ns,"Rat heart, female 8 wk",rat_train|HEART|RNA|F_8w,rat_train|HEART|PROT|F_8w,False
ATP5MG,0.0452594658708322,1.56763506120688,0.5912358893055218,0.0875197887085019,0.856746932680002,0.7920957543266002,-1.0,True,True,ns,"Rat heart, female 8 wk",rat_train|HEART|RNA|F_8w,rat_train|HEART|PROT|F_8w,False
ECH1,-0.230726108050158,-3.73216611510897,0.021958329680834,-0.024584168678603,-0.62728947308885,0.8645382522840948,-1.0,False,False,RNA_only,"Rat heart, female 8 wk",rat_train|HEART|RNA|F_8w,rat_train|HEART|PROT|F_8w,False
IDH2,0.0082458494016798,0.225869064724197,0.9743768911836136,-0.0649102026909943,-1.84517975648548,0.4458788086493008,-1.0,True,False,ns,"Rat heart, female 8 wk",rat_train|HEART|RNA|F_8w,rat_train|HEART|PROT|F_8w,False
NDUFA9,0.0805589345512476,2.65422474590383,0.1798899377792533,0.0151114750935348,0.396669584864458,0.9166792134003836,-1.0,True,True,ns,"Rat heart, female 8 wk",rat_train|HEART|RNA|F_8w,rat_train|HEART|PROT|F_8w,False
OGDH,-0.0587239359208284,-2.38791716246419,0.2657344781639761,0.0139774552064389,0.367895561340581,0.9203250958354064,-1.0,False,True,ns,"Rat heart, female 8 wk",rat_train|HEART|RNA|F_8w,rat_train|HEART|PROT|F_8w,False
SLC25A4,0.045942622397764,1.39397342411723,0.6518246180994758,0.0909446787759207,1.50112628013579,0.5587667020678625,-1.0,True,True,ns,"Rat heart, female 8 wk",rat_train|HEART|RNA|F_8w,rat_train|HEART|PROT|F_8w,False
UQCRC1,0.0193534071431862,0.823069611973354,0.8544178830173395,-0.0322835927997339,-0.578937581335148,0.8764608041484642,-1.0,True,False,ns,"Rat heart, female 8 wk",rat_train|HEART|RNA|F_8w,rat_train|HEART|PROT|F_8w,False
UQCRC2,0.0849268786010763,3.10856476733515,0.0801017522507994,0.0114233829295892,0.212273044817484,0.9603202932522236,-1.0,True,True,ns,"Rat heart, female 8 wk",rat_train|HEART|RNA|F_8w,rat_train|HEART|PROT|F_8w,False
ATP5F1B,0.0172149487725082,0.48832762347497,0.9923953428772244,0.072968785162807,2.20989506416512,0.499393630876347,-1.0,True,True,ns,"Rat heart, male 1 wk",rat_train|HEART|RNA|M_1w,rat_train|HEART|PROT|M_1w,False
ATP5MG,-0.0083715400948117,-0.1927067352595,0.9952615144306414,0.0794449565366306,0.834711810447721,0.8321238870644017,-1.0,False,True,ns,"Rat heart, male 1 wk",rat_train|HEART|RNA|M_1w,rat_train|HEART|PROT|M_1w,False
ECH1,0.0167012072719734,0.268805886624556,0.9941774730396212,0.114259081605106,3.11013085127869,0.2651949991110107,-1.0,True,True,ns,"Rat heart, male 1 wk",rat_train|HEART|RNA|M_1w,rat_train|HEART|PROT|M_1w,False
IDH2,0.0191240707711088,0.45492790046765,0.9923953428772244,0.0547159543217256,1.74667802295379,0.5859816727315404,-1.0,True,True,ns,"Rat heart, male 1 wk",rat_train|HEART|RNA|M_1w,rat_train|HEART|PROT|M_1w,False
NDUFA9,0.0505640079379595,1.33767594880759,0.9444733199972756,0.0112183413431259,0.301503011504176,0.9550570938859964,-1.0,True,True,ns,"Rat heart, male 1 wk",rat_train|HEART|RNA|M_1w,rat_train|HEART|PROT|M_1w,False
OGDH,0.0422843317596801,1.11629235365528,0.9695898642237352,0.0423486812703551,1.39480321756504,0.6880664078525617,-1.0,True,True,ns,"Rat heart, male 1 wk",rat_train|HEART|RNA|M_1w,rat_train|HEART|PROT|M_1w,False
SLC25A4,0.0578494596311717,1.4239009342306,0.9397041457817292,0.0611391562519196,0.981543424831765,0.8028002548841635,-1.0,True,True,ns,"Rat heart, male 1 wk",rat_train|HEART|RNA|M_1w,rat_train|HEART|PROT|M_1w,False
UQCRC1,0.0271706064346726,0.740682100497064,0.9850355757415308,0.0430653992739836,0.542460747156154,0.9086397075670432,-1.0,True,True,ns,"Rat heart, male 1 wk",rat_train|HEART|RNA|M_1w,rat_train|HEART|PROT|M_1w,False
UQCRC2,0.0565238286016721,1.54269622218021,0.9017493436375524,0.0182821471947632,0.22696724531408,0.965831178837372,-1.0,True,True,ns,"Rat heart, male 1 wk",rat_train|HEART|RNA|M_1w,rat_train|HEART|PROT|M_1w,False
ATP5F1B,0.0470186215583199,1.4878328119336,0.7318025323835275,0.136093372831613,4.12165383067747,0.0359208542946176,-1.0,True,True,PROT_only,"Rat heart, male 2 wk",rat_train|HEART|RNA|M_2w,rat_train|HEART|PROT|M_2w,False
ATP5MG,0.0081765087001541,0.210009014907194,0.9889560881168218,0.0812629762951654,0.853813369945416,0.8218488182011012,-1.0,True,True,ns,"Rat heart, male 2 wk",rat_train|HEART|RNA|M_2w,rat_train|HEART|PROT|M_2w,False
ECH1,0.0318195380804278,0.571315163000807,0.9433745325630044,0.138328090511612,3.76528898932978,0.0571662704906063,-1.0,True,True,ns,"Rat heart, male 2 wk",rat_train|HEART|RNA|M_2w,rat_train|HEART|PROT|M_2w,False
IDH2,0.0373981442137999,0.992436684154183,0.8801394994404833,0.0941606434943369,3.00585685943965,0.1402356925934115,-1.0,True,True,ns,"Rat heart, male 2 wk",rat_train|HEART|RNA|M_2w,rat_train|HEART|PROT|M_2w,False
NDUFA9,0.0858113978767443,2.53390601706495,0.2868430406699507,0.104294476245609,2.8030078341813,0.1793650800975194,-1.0,True,True,ns,"Rat heart, male 2 wk",rat_train|HEART|RNA|M_2w,rat_train|HEART|PROT|M_2w,False
OGDH,0.0605697882628164,1.78383558085603,0.6281384288123082,0.0709136247310598,2.33562295157752,0.2876233009117134,-1.0,True,True,ns,"Rat heart, male 2 wk",rat_train|HEART|RNA|M_2w,rat_train|HEART|PROT|M_2w,False
SLC25A4,0.0536839654903727,1.47401335235699,0.7356805463679893,0.077025624824071,1.23658879553562,0.680362988323458,-1.0,True,True,ns,"Rat heart, male 2 wk",rat_train|HEART|RNA|M_2w,rat_train|HEART|PROT|M_2w,False
UQCRC1,0.0449450084566222,1.36708111549994,0.7750433685157198,0.0169858789056882,0.213957671764812,0.9670778592124786,-1.0,True,True,ns,"Rat heart, male 2 wk",rat_train|HEART|RNA|M_2w,rat_train|HEART|PROT|M_2w,False
UQCRC2,0.0722324531420448,2.19954134002444,0.4323796334941081,0.0016843831736779,0.0209111000425914,0.9974587323191108,-1.0,True,True,ns,"Rat heart, male 2 wk",rat_train|HEART|RNA|M_2w,rat_train|HEART|PROT|M_2w,False
ATP5F1B,0.0298020593907235,0.927721926203687,0.9624305019281868,0.119358466901131,3.61482908455454,0.0486254593250657,-1.0,True,True,PROT_only,"Rat heart, male 4 wk",rat_train|HEART|RNA|M_4w,rat_train|HEART|PROT|M_4w,False
ATP5MG,0.0015820396826144,0.0399042671205205,0.9989631386092234,0.245995177668721,2.58462071180807,0.1623352568623083,-1.0,True,True,ns,"Rat heart, male 4 wk",rat_train|HEART|RNA|M_4w,rat_train|HEART|PROT|M_4w,False
ECH1,-0.0396136847262319,-0.699388596569146,0.9872232526276188,0.134536021153963,3.66206890621925,0.0460263530032235,-1.0,False,True,PROT_only,"Rat heart, male 4 wk",rat_train|HEART|RNA|M_4w,rat_train|HEART|PROT|M_4w,False
IDH2,0.0115926251643062,0.302587237417029,0.9965324722031856,0.0664264079493935,2.12050668488294,0.26563905254493,-1.0,True,True,ns,"Rat heart, male 4 wk",rat_train|HEART|RNA|M_4w,rat_train|HEART|PROT|M_4w,False
NDUFA9,0.083881590479158,2.43168728172684,0.4412077317206408,0.083469846428855,2.24332718165256,0.2373128869082326,-1.0,True,True,ns,"Rat heart, male 4 wk",rat_train|HEART|RNA|M_4w,rat_train|HEART|PROT|M_4w,False
OGDH,0.0222457254011671,0.644356185172564,0.9895654843075598,0.0300218628830008,0.98880507468881,0.6504739490063871,-1.0,True,True,ns,"Rat heart, male 4 wk",rat_train|HEART|RNA|M_4w,rat_train|HEART|PROT|M_4w,False
SLC25A4,0.0153168286700081,0.413718616561818,0.9965324722031856,0.206240243692339,3.31103285589684,0.0698448225629448,-1.0,True,True,ns,"Rat heart, male 4 wk",rat_train|HEART|RNA|M_4w,rat_train|HEART|PROT|M_4w,False
UQCRC1,0.0353615278988322,1.05741621203461,0.9453125078771236,0.210598802988834,2.65274642625987,0.1514579813180478,-1.0,True,True,ns,"Rat heart, male 4 wk",rat_train|HEART|RNA|M_4w,rat_train|HEART|PROT|M_4w,False
UQCRC2,0.0332497289621971,0.994977484429127,0.9534328604352686,0.171001091940822,2.12292606388298,0.264899952563811,-1.0,True,True,ns,"Rat heart, male 4 wk",rat_train|HEART|RNA|M_4w,rat_train|HEART|PROT|M_4w,False
ATP5F1B,-0.0395689179052144,-1.23633639426367,0.7397753589596066,0.0956856566594549,2.89788653999558,0.088364423831703,-1.0,False,True,ns,"Rat heart, male 8 wk",rat_train|HEART|RNA|M_8w,rat_train|HEART|PROT|M_8w,False
ATP5MG,-0.0674188907098452,-1.70654832828758,0.5551879267271503,0.0034217423887875,0.0359515431657851,0.9910661938202902,-1.0,False,True,ns,"Rat heart, male 8 wk",rat_train|HEART|RNA|M_8w,rat_train|HEART|PROT|M_8w,False
ECH1,-0.260058840047819,-4.60627483737375,0.0004814038385708,0.0448770907321752,1.22155387949079,0.5899895585715945,-1.0,False,True,RNA_only,"Rat heart, male 8 wk",rat_train|HEART|RNA|M_8w,rat_train|HEART|PROT|M_8w,False
IDH2,-0.0450269400682998,-1.17960788023409,0.7659947143084652,0.0196189507097726,0.626288812156694,0.8254686133475536,-1.0,False,True,ns,"Rat heart, male 8 wk",rat_train|HEART|RNA|M_8w,rat_train|HEART|PROT|M_8w,False
NDUFA9,-0.0379581558355235,-1.10344796949756,0.7899195694742742,0.0876611192010076,2.35597140633679,0.191064608489357,-1.0,False,True,ns,"Rat heart, male 8 wk",rat_train|HEART|RNA|M_8w,rat_train|HEART|PROT|M_8w,False
OGDH,-0.0931414590908834,-2.70752047275437,0.1394769626709142,0.015866995150717,0.522597994209594,0.858777735848623,-1.0,False,True,ns,"Rat heart, male 8 wk",rat_train|HEART|RNA|M_8w,rat_train|HEART|PROT|M_8w,False
SLC25A4,-0.0168250242611095,-0.45616180066042,0.9405991304035448,0.104441347611261,1.67672771940132,0.408816703743316,-1.0,False,True,ns,"Rat heart, male 8 wk",rat_train|HEART|RNA|M_8w,rat_train|HEART|PROT|M_8w,False
UQCRC1,-0.0120838208056375,-0.362668190454086,0.9583303893718356,0.0408371741370261,0.51439355880998,0.8595180772678042,-1.0,False,True,ns,"Rat heart, male 8 wk",rat_train|HEART|RNA|M_8w,rat_train|HEART|PROT|M_8w,False
UQCRC2,-0.0364792342226069,-1.09543568348323,0.7919594733483875,-0.0087125797856157,-0.108164003519607,0.9742255916748755,-1.0,False,False,ns,"Rat heart, male 8 wk",rat_train|HEART|RNA|M_8w,rat_train|HEART|PROT|M_8w,False
