column_id,comparison,n_universe,n_measured,n_opposed,n_same,frac_opposed,sign_p,n_sig,n_sig_opposed,n_sig_same,camera_t,camera_p,n_up,n_down,camera_t_up,camera_p_up,camera_t_down,camera_p_down,camera_fdr,camera_fdr_up,camera_fdr_down,sign_p_eff,pct_abund,stratum_abund,pct_class,stratum_class,verdict,early_flag
human_acute|VL|RNA|EE_vs_CON_15to45min,"Human vastus lateralis RNA, EE–CON 15–45 min",14972,354,150,204,0.423728813559322,0.004779167007856454,36,5,31,-2.3346532606825066,0.019574692325068317,298,56,-2.4452695946050564,0.014485830969865176,-1.0300369219783594,0.3030093150647369,0.24276489768593582,0.1883158026082473,0.5721588713981793,0.006060673223699584,0.0,baseline (column),0.0,MitoCarta x GO:CC complex x secreted x abundance tertile (baseline (column)),no set-level shift,True
human_acute|VL|RNA|EE_vs_CON_3.5to4h,"Human vastus lateralis RNA, EE–CON 3.5–4 h",14972,354,135,219,0.3813559322033898,9.381345123224641e-06,71,27,44,-2.0299694424122383,0.04237729303993109,298,56,-1.6376138286699822,0.10152329411275537,-2.6539638098127027,0.007963642386391493,0.32414788213742707,0.527921129386328,0.2533742085256529,1.7609752966255637e-05,0.0,baseline (column),0.0,MitoCarta x GO:CC complex x secreted x abundance tertile (baseline (column)),no set-level shift,False
human_acute|VL|RNA|EE_vs_CON_24h,"Human vastus lateralis RNA, EE–CON 24 h",14972,354,206,148,0.5819209039548022,0.002402149924138049,31,18,13,0.5779659416037664,0.563295807077097,298,56,0.8336369152479055,0.4044989177337085,-0.5570405631158079,0.5775080431351782,0.965860266454452,0.9727757403136605,0.7324492254397382,0.00302702595159105,99.9,baseline (column),99.5,MitoCarta x GO:CC complex x secreted x abundance tertile (baseline (column)),no set-level shift,False
human_acute|VL|RNA|RE_vs_CON_15to45min,"Human vastus lateralis RNA, RE–CON 15–45 min",14972,354,158,196,0.4463276836158192,0.049084249741371835,34,3,31,-2.4014201994619606,0.01634368559247496,298,56,-2.5624003768558277,0.010404834078624841,-0.8904303061437454,0.37324918507501736,0.24276489768593582,0.18184148773376235,0.5721588713981793,0.06227343925727827,0.0,baseline (column),0.0,MitoCarta x GO:CC complex x secreted x abundance tertile (baseline (column)),no set-level shift,True
human_acute|VL|RNA|RE_vs_CON_3.5to4h,"Human vastus lateralis RNA, RE–CON 3.5–4 h",14972,354,127,227,0.3587570621468927,1.1848438600845282e-07,120,40,80,-2.4254814829605897,0.015299839796025764,298,56,-2.5595386494653916,0.010490855061563213,-0.9963087770762461,0.3191162441749901,0.24276489768593582,0.18184148773376235,0.5721588713981793,2.1593120418659276e-07,0.0,baseline (column),0.0,MitoCarta x GO:CC complex x secreted x abundance tertile (baseline (column)),no set-level shift,False
human_acute|VL|RNA|RE_vs_CON_24h,"Human vastus lateralis RNA, RE–CON 24 h",14972,354,186,168,0.5254237288135594,0.3662606290786447,73,36,37,-0.3835528614206011,0.7013153303863027,298,56,0.07214924905018351,0.9424840970965902,-1.8667516009288645,0.061955817796226886,0.9767096614094627,0.9801834609804538,0.3001147912577699,0.38062627571704805,79.80000000000001,baseline (column),73.6,MitoCarta x GO:CC complex x secreted x abundance tertile (baseline (column)),no set-level shift,False
human_acute|VL|PROT|EE_vs_CON_15to45min,"Human vastus lateralis protein, EE–CON 15–45 min",5998,153,64,89,0.41830065359477125,0.05198885282686186,1,0,1,-0.7338178124392535,0.4630884745820206,129,24,-1.4208749774676794,0.1554051092274349,1.7761611848648386,0.07575705350550967,0.965860266454452,0.6216204369097396,0.30302821402203867,0.05490187249732853,43.1,baseline (column),36.0,MitoCarta x GO:CC complex x secreted x abundance tertile (baseline (column)),no set-level shift,True
human_acute|VL|PROT|EE_vs_CON_3.5to4h,"Human vastus lateralis protein, EE–CON 3.5–4 h",5998,153,70,83,0.45751633986928103,0.33199325143986436,1,0,1,-0.6429944024021621,0.5202523194454787,129,24,-0.2762625981638516,0.7823559021500173,-1.4312291475918524,0.1524166692093561,0.965860266454452,0.9753343152423354,0.4454877875912236,0.3593644032877554,3.9,baseline (column),2.1,MitoCarta x GO:CC complex x secreted x abundance tertile (baseline (column)),no set-level shift,False
human_acute|VL|PROT|EE_vs_CON_24h,"Human vastus lateralis protein, EE–CON 24 h",5998,153,94,59,0.6143790849673203,0.005802740347174332,0,0,0,3.236350911094791,0.0012172623670294908,129,24,3.13737074268642,0.001712963235285902,1.7845228430542344,0.07438929171172451,0.06329764308553353,0.0890740882348669,0.30302821402203867,0.009543281732431066,100.0,baseline (column),100.0,MitoCarta x GO:CC complex x secreted x abundance tertile (baseline (column)),no set-level shift,False
human_acute|VL|PROT|RE_vs_CON_15to45min,"Human vastus lateralis protein, RE–CON 15–45 min",5998,153,69,84,0.45098039215686275,0.25763377654672176,0,0,0,-0.729950489666467,0.4654489646015365,129,24,-1.4638532267985704,0.14328647698684,1.916595696071408,0.05533679864690031,0.965860266454452,0.6209080669429733,0.3001147912577699,0.27861454634422095,38.4,baseline (column),29.2,MitoCarta x GO:CC complex x secreted x abundance tertile (baseline (column)),no set-level shift,True
human_acute|VL|PROT|RE_vs_CON_3.5to4h,"Human vastus lateralis protein, RE–CON 3.5–4 h",5998,153,75,78,0.49019607843137253,0.8716178400407862,0,0,0,-0.028497067984901127,0.9772666548774788,129,24,0.255523979293085,0.7983271899556605,-0.9047620542742167,0.3656278093374322,0.9772666548774788,0.9753343152423354,0.5721588713981793,0.9336249535488024,4.3,baseline (column),2.4,MitoCarta x GO:CC complex x secreted x abundance tertile (baseline (column)),no set-level shift,False
human_acute|VL|PROT|RE_vs_CON_24h,"Human vastus lateralis protein, RE–CON 24 h",5998,153,84,69,0.5490196078431373,0.25763377654672176,1,0,1,1.6075710524922375,0.10798180795261532,129,24,1.498827945634774,0.13397091710445747,1.0712830568855578,0.28408529369887503,0.5615054013535997,0.6209080669429733,0.5721588713981793,0.27861454634422095,99.1,baseline (column),99.2,MitoCarta x GO:CC complex x secreted x abundance tertile (baseline (column)),no set-level shift,False
rat_train|SKM-GN|RNA|F_1w,"Rat gastrocnemius RNA, female 1 wk",12472,324,175,149,0.5401234567901234,0.16476581547964037,4,3,1,0.9123076956741346,0.3616244008139986,282,42,0.8211808397941286,0.41155896705577943,0.8885629644536788,0.3742551417329757,0.965860266454452,0.9727757403136605,0.5721588713981793,0.16926513869103524,99.0,baseline (column),99.1,MitoCarta x GO:CC complex x secreted x abundance tertile (baseline (column)),no set-level shift,False
rat_train|SKM-GN|RNA|F_2w,"Rat gastrocnemius RNA, female 2 wk",12471,324,166,158,0.5123456790123457,0.6974214781686109,0,0,0,-0.043678878362276664,0.9651610751762381,282,42,-0.027713017975547618,0.9778914843498774,-0.08935422900077719,0.9288018329615522,0.9772666548774788,0.997065827180267,0.9734850265216133,0.7312405686519508,51.5,baseline (column),48.4,MitoCarta x GO:CC complex x secreted x abundance tertile (baseline (column)),no set-level shift,False
rat_train|SKM-GN|RNA|F_4w,"Rat gastrocnemius RNA, female 4 wk",12471,324,158,166,0.4876543209876543,0.6974214781686109,0,0,0,-0.7168297058156589,0.4734926062668088,282,42,-0.5224688470579747,0.6013532136098889,-1.203063401537458,0.22897462874749341,0.965860266454452,0.9753343152423354,0.5334369705472393,0.7312405686519508,11.4,baseline (column),4.3999999999999995,MitoCarta x GO:CC complex x secreted x abundance tertile (baseline (column)),no set-level shift,False
rat_train|SKM-GN|RNA|F_8w,"Rat gastrocnemius RNA, female 8 wk",12472,324,154,170,0.47530864197530864,0.4046942164023831,1,0,1,-0.23612589571981463,0.8133388581321123,282,42,-0.357713152373191,0.7205640435015105,0.3762319688474472,0.7067508513372422,0.9767096614094627,0.9753343152423354,0.8546754481287581,0.42280846837088304,44.0,baseline (column),33.300000000000004,MitoCarta x GO:CC complex x secreted x abundance tertile (baseline (column)),no set-level shift,False
rat_train|SKM-GN|RNA|M_1w,"Rat gastrocnemius RNA, male 1 wk",12474,325,168,157,0.5169230769230769,0.5791675441368292,1,0,1,-0.5325197570270312,0.5943755485873551,282,43,-0.08524046158276789,0.932071592134681,-2.1292323746777306,0.03325457135272505,0.965860266454452,0.9801834609804538,0.2533742085256529,0.6069779078902132,7.8,baseline (column),2.9000000000000004,MitoCarta x GO:CC complex x secreted x abundance tertile (baseline (column)),no set-level shift,False
rat_train|SKM-GN|RNA|M_2w,"Rat gastrocnemius RNA, male 2 wk",12472,325,174,151,0.5353846153846153,0.2222782042871102,2,1,1,0.7254901956805605,0.468164971816575,282,43,1.1064304339994007,0.2685616025682225,-1.1521648194734608,0.2492754387120872,0.965860266454452,0.7730183818391609,0.5400967838761889,0.22989350149904345,92.10000000000001,baseline (column),82.3,MitoCarta x GO:CC complex x secreted x abundance tertile (baseline (column)),no set-level shift,False
rat_train|SKM-GN|RNA|M_4w,"Rat gastrocnemius RNA, male 4 wk",12474,325,159,166,0.48923076923076925,0.739327644237401,1,0,1,-0.06717547278802688,0.946443087665802,282,43,0.31544197106161503,0.75243138163207,-1.6036180180890618,0.10882359805925346,0.9772666548774788,0.9753343152423354,0.39915983104743746,0.7750626145465014,43.7,baseline (column),30.599999999999998,MitoCarta x GO:CC complex x secreted x abundance tertile (baseline (column)),no set-level shift,False
rat_train|SKM-GN|RNA|M_8w,"Rat gastrocnemius RNA, male 8 wk",12472,325,171,154,0.5261538461538462,0.3748253580707013,13,6,7,0.25820068481803266,0.7962562905054227,282,43,0.5243179544558073,0.6000667303969771,-0.9498414774300836,0.3422112146875663,0.9767096614094627,0.9753343152423354,0.5721588713981793,0.39120726374641895,40.699999999999996,baseline (column),23.1,MitoCarta x GO:CC complex x secreted x abundance tertile (baseline (column)),no set-level shift,False
rat_train|SKM-GN|PROT|F_1w,"Rat gastrocnemius protein, female 1 wk",5594,120,67,53,0.5583333333333333,0.23520336797252533,0,0,0,0.41440623285222217,0.6785925202033471,105,15,0.7325654947430601,0.46385418626899844,-0.9385467925681301,0.3480040167874421,0.9767096614094627,0.9753343152423354,0.5721588713981793,0.2588620001653155,91.0,GTEx v8 TPM (Muscle - Skeletal),68.5,MitoCarta x GO:CC complex x secreted x abundance tertile (GTEx v8 TPM (Muscle - Skeletal)),no set-level shift,False
rat_train|SKM-GN|PROT|F_2w,"Rat gastrocnemius protein, female 2 wk",5594,120,63,57,0.525,0.6482600518210047,0,0,0,0.5584561571722895,0.5765552941331877,105,15,1.0749376451834087,0.28244902413353956,-1.5757401886789568,0.11514225895599157,0.965860266454452,0.7730183818391609,0.39915983104743746,0.7068822614919525,89.2,GTEx v8 TPM (Muscle - Skeletal),69.6,MitoCarta x GO:CC complex x secreted x abundance tertile (GTEx v8 TPM (Muscle - Skeletal)),no set-level shift,False
rat_train|SKM-GN|PROT|F_4w,"Rat gastrocnemius protein, female 4 wk",5594,120,67,53,0.5583333333333333,0.23520336797252533,4,0,4,-0.03225623257234667,0.974268863551817,105,15,0.3391855023679254,0.734482726565777,-1.294711606275279,0.19547319078024838,0.9772666548774788,0.9753343152423354,0.5082302960286458,0.2588620001653155,88.3,GTEx v8 TPM (Muscle - Skeletal),66.4,MitoCarta x GO:CC complex x secreted x abundance tertile (GTEx v8 TPM (Muscle - Skeletal)),no set-level shift,False
rat_train|SKM-GN|PROT|F_8w,"Rat gastrocnemius protein, female 8 wk",5594,120,63,57,0.525,0.6482600518210047,14,6,8,-0.8486079044868436,0.39613583080730896,105,15,-0.5623987505174654,0.5738669133447354,-1.3124702708773603,0.18941537582998577,0.965860266454452,0.9753343152423354,0.5082302960286458,0.7068822614919525,54.6,GTEx v8 TPM (Muscle - Skeletal),18.3,MitoCarta x GO:CC complex x secreted x abundance tertile (GTEx v8 TPM (Muscle - Skeletal)),no set-level shift,False
rat_train|SKM-GN|PROT|M_1w,"Rat gastrocnemius protein, male 1 wk",5601,122,65,57,0.5327868852459017,0.5264163099662322,0,0,0,0.5747004942763997,0.5655169630233547,107,15,0.3899557422777973,0.6965841068724712,0.8685931481186231,0.3851069326718515,0.965860266454452,0.9753343152423354,0.5721588713981793,0.5760121204363972,64.4,GTEx v8 TPM (Muscle - Skeletal),76.4,MitoCarta x GO:CC complex x secreted x abundance tertile (GTEx v8 TPM (Muscle - Skeletal)),no set-level shift,False
rat_train|SKM-GN|PROT|M_2w,"Rat gastrocnemius protein, male 2 wk",5601,122,71,51,0.5819672131147541,0.08498064582685338,2,1,1,0.6404696904693225,0.521893497655284,107,15,0.6173827766058938,0.5370073862104544,0.32908649928252537,0.7421026170605367,0.965860266454452,0.9753343152423354,0.877030365616998,0.0928159209821895,87.7,GTEx v8 TPM (Muscle - Skeletal),85.39999999999999,MitoCarta x GO:CC complex x secreted x abundance tertile (GTEx v8 TPM (Muscle - Skeletal)),no set-level shift,False
rat_train|SKM-GN|PROT|M_4w,"Rat gastrocnemius protein, male 4 wk",5601,122,65,57,0.5327868852459017,0.5264163099662322,1,0,1,0.1952178173188571,0.8452295146812658,107,15,-0.0025149690284366807,0.9979934367537759,0.7710657263758885,0.44070051144849653,0.9767096614094627,0.9979934367537759,0.6193628809546438,0.5760121204363972,59.099999999999994,GTEx v8 TPM (Muscle - Skeletal),66.3,MitoCarta x GO:CC complex x secreted x abundance tertile (GTEx v8 TPM (Muscle - Skeletal)),no set-level shift,False
rat_train|SKM-GN|PROT|M_8w,"Rat gastrocnemius protein, male 8 wk",5601,122,60,62,0.4918032786885246,0.9279107996055393,5,1,4,-0.3122119769269071,0.754891056650631,107,15,-0.28321515168577716,0.7770223847683384,-0.21877395830225188,0.826834107558113,0.9767096614094627,0.9753343152423354,0.9147951828302527,0.8521555266297132,51.7,GTEx v8 TPM (Muscle - Skeletal),49.7,MitoCarta x GO:CC complex x secreted x abundance tertile (GTEx v8 TPM (Muscle - Skeletal)),no set-level shift,False
rat_train|SKM-VL|RNA|F_1w,"Rat vastus lateralis RNA, female 1 wk",12595,326,162,164,0.49693251533742333,0.955843136850611,2,2,0,0.268145410868186,0.7885917844109211,285,41,0.24491472181930687,0.8065264529888543,0.2420571837198008,0.8087397957536548,0.9767096614094627,0.9753343152423354,0.9142275951997837,0.909146390123208,65.7,baseline (column),58.4,MitoCarta x GO:CC complex x secreted x abundance tertile (baseline (column)),no set-level shift,False
rat_train|SKM-VL|RNA|F_2w,"Rat vastus lateralis RNA, female 2 wk",12600,326,131,195,0.401840490797546,0.00046639267320067206,4,1,3,-1.9180574150603353,0.055126311469641504,285,41,-2.2276805743646197,0.025919414607181945,0.25684095715644456,0.7973057453965063,0.3325306980740093,0.22463492659557685,0.9142275951997837,0.0005936686525939959,0.1,baseline (column),0.0,MitoCarta x GO:CC complex x secreted x abundance tertile (baseline (column)),no set-level shift,False
rat_train|SKM-VL|RNA|F_4w,"Rat vastus lateralis RNA, female 4 wk",12594,326,178,148,0.5460122699386503,0.10809594410706892,11,5,6,0.23729012030429852,0.8124355864397708,285,41,0.5458881043664031,0.585152526282324,-1.185244201490005,0.23594327543435586,0.9767096614094627,0.9753343152423354,0.5334369705472393,0.13770754104678318,73.9,baseline (column),55.60000000000001,MitoCarta x GO:CC complex x secreted x abundance tertile (baseline (column)),no set-level shift,False
rat_train|SKM-VL|RNA|F_8w,"Rat vastus lateralis RNA, female 8 wk",12596,326,173,153,0.5306748466257669,0.29264334527010466,16,9,7,0.5699798364764748,0.568701541211696,285,41,0.8544475939873034,0.3928732873915344,-0.9035304234889668,0.36626173056653366,0.965860266454452,0.9727757403136605,0.5721588713981793,0.3042657853230669,79.60000000000001,baseline (column),66.4,MitoCarta x GO:CC complex x secreted x abundance tertile (baseline (column)),no set-level shift,False
rat_train|SKM-VL|RNA|M_1w,"Rat vastus lateralis RNA, male 1 wk",12590,327,162,165,0.4954128440366973,0.9119555228667678,0,0,0,-0.2094052505328199,0.8341352829137412,284,43,-0.28293696187524375,0.7772298125782379,0.18200565159204304,0.8555812213029362,0.9767096614094627,0.9753343152423354,0.9268796564115142,0.8643057375065969,11.799999999999999,baseline (column),5.0,MitoCarta x GO:CC complex x secreted x abundance tertile (baseline (column)),no set-level shift,False
rat_train|SKM-VL|RNA|M_2w,"Rat vastus lateralis RNA, male 2 wk",12586,328,168,160,0.5121951219512195,0.6991809174584517,0,0,0,1.8992581337985637,0.057553390051270845,285,43,2.1516749579969683,0.03144193203739796,0.009771243176241931,0.9922039548814106,0.3325306980740093,0.23356863799209912,0.9922039548814106,0.732918158118289,98.9,baseline (column),94.3,MitoCarta x GO:CC complex x secreted x abundance tertile (baseline (column)),no set-level shift,False
rat_train|SKM-VL|RNA|M_4w,"Rat vastus lateralis RNA, male 4 wk",12585,328,186,142,0.5670731707317073,0.017449778550935616,0,0,0,2.0177806847225543,0.0436352918261921,285,43,2.274493701204943,0.022953075507585494,0.056726254091935144,0.9547641606269669,0.32414788213742707,0.22463492659557685,0.9734850265216133,0.02272071617749055,99.4,baseline (column),94.69999999999999,MitoCarta x GO:CC complex x secreted x abundance tertile (baseline (column)),no set-level shift,False
rat_train|SKM-VL|RNA|M_8w,"Rat vastus lateralis RNA, male 8 wk",12585,327,148,179,0.4525993883792049,0.09696566863389414,4,3,1,-0.889546358620387,0.3737265259244029,284,43,-1.2123426428849078,0.22540400896238583,0.8413814322433334,0.40015027320279695,0.965860266454452,0.732563029127754,0.5779948390707067,0.0982895703703949,43.8,baseline (column),37.2,MitoCarta x GO:CC complex x secreted x abundance tertile (baseline (column)),no set-level shift,False
rat_train|HEART|RNA|F_1w,"Rat heart RNA, female 1 wk",13002,358,193,165,0.5391061452513967,0.15348243975341255,0,0,0,-0.11101949240710288,0.9116026034370377,306,52,0.4217946088855961,0.6731819155664196,-2.119015483388598,0.034108066532299426,0.9772666548774788,0.9753343152423354,0.2533742085256529,0.1565817493577398,73.9,baseline (column),70.0,MitoCarta x GO:CC complex x secreted x abundance tertile (baseline (column)),no set-level shift,False
rat_train|HEART|RNA|F_2w,"Rat heart RNA, female 2 wk",13000,358,182,176,0.5083798882681564,0.7916252353525289,0,0,0,-0.460337354392549,0.6452817935485753,306,52,-0.4149433766498739,0.678190203305824,-0.44477020129767103,0.6564932367979629,0.9767096614094627,0.9753343152423354,0.8128011503212874,0.8275519600013483,27.700000000000003,baseline (column),30.3,MitoCarta x GO:CC complex x secreted x abundance tertile (baseline (column)),no set-level shift,False
rat_train|HEART|RNA|F_4w,"Rat heart RNA, female 4 wk",12999,358,207,151,0.5782122905027933,0.003592105808579276,0,0,0,1.0754425705428658,0.2821965943992483,306,52,1.8305059585670453,0.06719720262786423,-2.278639385595375,0.02270465913428283,0.965860266454452,0.38825050407210443,0.2533742085256529,0.004545669077292912,98.3,baseline (column),92.0,MitoCarta x GO:CC complex x secreted x abundance tertile (baseline (column)),no set-level shift,False
rat_train|HEART|RNA|F_8w,"Rat heart RNA, female 8 wk",12999,358,166,192,0.46368715083798884,0.1863281047818784,5,3,2,-0.42879783157758483,0.668077463648806,306,52,-0.10195173752137132,0.9187965560230231,-1.522145281538836,0.12799701023555504,0.9767096614094627,0.9801834609804538,0.4159902832655539,0.1910117897360713,6.9,baseline (column),4.2,MitoCarta x GO:CC complex x secreted x abundance tertile (baseline (column)),no set-level shift,False
rat_train|HEART|RNA|M_1w,"Rat heart RNA, male 1 wk",12997,359,174,185,0.48467966573816157,0.5977138698618538,0,0,0,-0.7343298854384828,0.46276095743733237,306,53,-0.26575463134470484,0.790432401792069,-2.225548153735015,0.026061553591970637,0.965860266454452,0.9753343152423354,0.2533742085256529,0.6245279775907056,8.5,baseline (column),4.7,MitoCarta x GO:CC complex x secreted x abundance tertile (baseline (column)),no set-level shift,False
rat_train|HEART|RNA|M_2w,"Rat heart RNA, male 2 wk",12997,359,183,176,0.5097493036211699,0.751546030022031,4,3,1,-0.04645258500296592,0.9629502387457601,306,53,0.13041917520448368,0.8962368152398343,-0.6999478453348901,0.483972405772617,0.9772666548774788,0.9801834609804538,0.6622780289520023,0.7856975514560507,53.5,baseline (column),26.700000000000003,MitoCarta x GO:CC complex x secreted x abundance tertile (baseline (column)),no set-level shift,False
rat_train|HEART|RNA|M_4w,"Rat heart RNA, male 4 wk",13000,359,171,188,0.4763231197771588,0.39845112144004907,4,3,1,-0.3044601146612351,0.760782249305602,306,53,-0.18586291844273126,0.8525551625341236,-0.6277308493845063,0.5301913002716753,0.9767096614094627,0.9801834609804538,0.6892486903531779,0.4146006086621248,53.6,baseline (column),44.5,MitoCarta x GO:CC complex x secreted x abundance tertile (baseline (column)),no set-level shift,False
rat_train|HEART|RNA|M_8w,"Rat heart RNA, male 8 wk",12999,359,163,196,0.45403899721448465,0.09110019846488414,13,5,8,-1.2815107035306106,0.2000372047495758,306,53,-1.2419549022439176,0.2142756119631112,-0.9147510424653059,0.3603393117011454,0.8668278872481617,0.732563029127754,0.5721588713981793,0.09161393540996073,1.3,baseline (column),1.7000000000000002,MitoCarta x GO:CC complex x secreted x abundance tertile (baseline (column)),no set-level shift,False
rat_train|HEART|PROT|F_1w,"Rat heart protein, female 1 wk",8428,199,97,102,0.48743718592964824,0.7768377068940348,0,0,0,0.11811484063687087,0.9059794800647483,177,22,0.11059225858272191,0.9119423204914672,0.07495196664334827,0.9402547086950378,0.9772666548774788,0.9801834609804538,0.9734850265216133,0.7699893951857694,14.299999999999999,GTEx v8 TPM (Heart - Left Ventricle),15.0,MitoCarta x GO:CC complex x secreted x abundance tertile (GTEx v8 TPM (Heart - Left Ventricle)),no set-level shift,False
rat_train|HEART|PROT|F_2w,"Rat heart protein, female 2 wk",8428,199,87,112,0.4371859296482412,0.08863025090616317,0,0,0,-0.8731329959356201,0.3826154724705527,177,22,-1.1174958316728294,0.2638142424989462,0.6392954150198604,0.5226481494833088,0.965860266454452,0.7730183818391609,0.6892486903531779,0.10741108743413712,2.6,GTEx v8 TPM (Heart - Left Ventricle),3.5000000000000004,MitoCarta x GO:CC complex x secreted x abundance tertile (GTEx v8 TPM (Heart - Left Ventricle)),no set-level shift,False
rat_train|HEART|PROT|F_4w,"Rat heart protein, female 4 wk",8428,199,93,106,0.46733668341708545,0.3950157781201118,2,0,2,-0.3827802744401007,0.7018923436638967,177,22,-0.1337842946412615,0.8935763416352436,-1.2203963920479324,0.22234879693874457,0.9767096614094627,0.9801834609804538,0.5334369705472393,0.380250914548775,1.7999999999999998,GTEx v8 TPM (Heart - Left Ventricle),0.6,MitoCarta x GO:CC complex x secreted x abundance tertile (GTEx v8 TPM (Heart - Left Ventricle)),no set-level shift,False
rat_train|HEART|PROT|F_8w,"Rat heart protein, female 8 wk",8428,199,91,108,0.457286432160804,0.25665059122063927,5,0,5,-1.4586798376067522,0.14469052188159098,177,22,-1.2717775093906185,0.20348728245042666,-1.4249547790410713,0.15420731108926972,0.6839915579857029,0.732563029127754,0.4454877875912236,0.30592964330114203,0.4,GTEx v8 TPM (Heart - Left Ventricle),0.2,MitoCarta x GO:CC complex x secreted x abundance tertile (GTEx v8 TPM (Heart - Left Ventricle)),no set-level shift,False
rat_train|HEART|PROT|M_1w,"Rat heart protein, male 1 wk",8428,199,103,96,0.5175879396984925,0.6707043457315791,1,0,1,-0.8017428320523005,0.4227243430295159,177,22,-0.4440023277321383,0.6570523027610471,-1.8560184138271512,0.06348582122760517,0.965860266454452,0.9753343152423354,0.3001147912577699,0.6609484635151919,2.3,GTEx v8 TPM (Heart - Left Ventricle),1.4000000000000001,MitoCarta x GO:CC complex x secreted x abundance tertile (GTEx v8 TPM (Heart - Left Ventricle)),no set-level shift,False
rat_train|HEART|PROT|M_2w,"Rat heart protein, male 2 wk",8428,199,97,102,0.48743718592964824,0.7768377068940348,4,1,3,-0.9825226933344177,0.32587061881301727,177,22,-0.5079959470364179,0.6114694832062213,-2.419864089653819,0.01554732969910314,0.965860266454452,0.9753343152423354,0.2533742085256529,0.7699893951857694,7.1,GTEx v8 TPM (Heart - Left Ventricle),1.0,MitoCarta x GO:CC complex x secreted x abundance tertile (GTEx v8 TPM (Heart - Left Ventricle)),no set-level shift,False
rat_train|HEART|PROT|M_4w,"Rat heart protein, male 4 wk",8428,199,97,102,0.48743718592964824,0.7768377068940348,7,2,5,-0.9852627851378088,0.3245232976568104,177,22,-0.4956686937844181,0.6201411052662893,-2.4810847238964038,0.013117686308417371,0.965860266454452,0.9753343152423354,0.2533742085256529,0.7699893951857694,13.700000000000001,GTEx v8 TPM (Heart - Left Ventricle),4.5,MitoCarta x GO:CC complex x secreted x abundance tertile (GTEx v8 TPM (Heart - Left Ventricle)),no set-level shift,False
rat_train|HEART|PROT|M_8w,"Rat heart protein, male 8 wk",8428,199,88,111,0.44221105527638194,0.11864782596955128,10,3,7,-2.268190774647065,0.023342778623647673,177,22,-2.032232846631627,0.04216139052575953,-1.9741261731931852,0.04840000711887998,0.24276489768593582,0.27404903841743694,0.3001147912577699,0.14338908065653874,0.5,GTEx v8 TPM (Heart - Left Ventricle),0.1,MitoCarta x GO:CC complex x secreted x abundance tertile (GTEx v8 TPM (Heart - Left Ventricle)),no set-level shift,False
