Unit,Comparison kind,Cells measured,Opposed,Same direction,Fraction same,Sign test p,BH q
Human VL PROT RE–CON 24h,exercise vs control,19,2,17,0.8947368421052632,0.000728607177734375,0.01642790623009205
Human VL PROT RE post–pre 3.5h,exercise post−pre,19,2,17,0.8947368421052632,0.000728607177734375,0.01642790623009205
Rat BAT RNA 4w,training vs sedentary,36,4,32,0.8888888888888888,1.941574737429619e-06,0.0005824724212288857
Human VL PROT RE post–pre 24h,exercise post−pre,19,3,16,0.8421052631578947,0.004425048828125,0.05771802819293478
Human ADIPOSE PROT EE–CON 3.5h,exercise vs control,19,3,16,0.8421052631578947,0.004425048828125,0.05771802819293478
Human VL RNA EE–CON 15-45m,exercise vs control,18,3,15,0.8333333333333334,0.007537841796875,0.06651036879595588
Human VL RNA RE–CON 15-45m,exercise vs control,18,3,15,0.8333333333333334,0.007537841796875,0.06651036879595588
Human VL PHOSPHO RE–CON 24h,exercise vs control,16,3,13,0.8125,0.021270751953125,0.1251220703125
Human ADIPOSE RNA RE post–pre 15-45m,exercise post−pre,15,3,12,0.8,0.03515625,0.17273292666481388
Human VL PROT EE–CON 15-45m,exercise vs control,19,4,15,0.7894736842105263,0.0192108154296875,0.11761723732461735
Human VL PROT EE–CON 24h,exercise vs control,19,4,15,0.7894736842105263,0.0192108154296875,0.11761723732461735
Human VL PROT EE post–pre 15-45m,exercise post−pre,19,4,15,0.7894736842105263,0.0192108154296875,0.11761723732461735
Human VL PROT RE post–pre 15-45m,exercise post−pre,19,4,15,0.7894736842105263,0.0192108154296875,0.11761723732461735
Human VL RNA EE post–pre 15-45m,exercise post−pre,18,4,14,0.7777777777777778,0.0308837890625,0.15974373653017243
Human BLOOD RNA EE–CON 15-45m,exercise vs control,13,3,10,0.7692307692307693,0.09228515625,0.3208414713541667
Human BLOOD RNA EE–CON 3.5h,exercise vs control,13,3,10,0.7692307692307693,0.09228515625,0.3208414713541667
Human BLOOD RNA EE post–pre 10m,exercise post−pre,13,3,10,0.7692307692307693,0.09228515625,0.3208414713541667
Human BLOOD RNA EE post–pre 15-45m,exercise post−pre,13,3,10,0.7692307692307693,0.09228515625,0.3208414713541667
Human BLOOD RNA EE post–pre 3.5h,exercise post−pre,13,3,10,0.7692307692307693,0.09228515625,0.3208414713541667
Human BLOOD RNA RE post–pre 15-45m,exercise post−pre,13,3,10,0.7692307692307693,0.09228515625,0.3208414713541667
