Signature,Comparison,Genes measured,Opposed,cameraPR t,FDR,Abundance null percentile,Class null percentile,MitoCarta share
"PAH, skeletal muscle proteome (Malenfant 2015)",Human VL RNA EE 24 h,18.0,15.0,4.157954887270354,0.00020513498964098834,99.9,88.9,0.47368421052631576
"PAH, skeletal muscle proteome (Malenfant 2015)",Human VL RNA RE 24 h,18.0,11.0,0.40469243116755604,0.8816263566476823,71.1,42.5,0.47368421052631576
"PAH, skeletal muscle proteome (Malenfant 2015)",Human VL protein EE 24 h,19.0,4.0,-1.221720107517976,0.4278757873134628,3.8,13.4,0.47368421052631576
"PAH, skeletal muscle proteome (Malenfant 2015)",Human VL protein RE 24 h,19.0,2.0,-4.115249054495174,0.00023516811606600106,0.1,0.6,0.47368421052631576
"PAH, skeletal muscle proteome (Malenfant 2015)",Rat gastroc. protein F 4 wk,19.0,16.0,4.772903025604315,1.828261872175861e-05,100.0,97.6,0.47368421052631576
"PAH, skeletal muscle proteome (Malenfant 2015)",Rat gastroc. protein M 4 wk,19.0,12.0,2.038849669778386,0.11495604970758526,96.89999999999999,76.6,0.47368421052631576
"PAH, skeletal muscle proteome (Malenfant 2015)",Rat gastroc. protein F 8 wk,19.0,15.0,4.615384057829352,3.332534586695321e-05,100.0,90.4,0.47368421052631576
"PAH, skeletal muscle proteome (Malenfant 2015)",Rat gastroc. protein M 8 wk,19.0,13.0,2.229541312365905,0.07745225865175401,98.8,79.3,0.47368421052631576
"PAH, skeletal muscle proteome (Malenfant 2015)",Rat gastroc. RNA F 8 wk,17.0,16.0,4.5382015301665595,4.417695747376315e-05,100.0,95.19999999999999,0.47368421052631576
"PAH, skeletal muscle proteome (Malenfant 2015)",Rat gastroc. RNA M 8 wk,17.0,14.0,3.470570538034592,0.002558181584588788,99.3,85.2,0.47368421052631576
"PAH, skeletal muscle proteome (Malenfant 2015)",Rat heart protein F 8 wk,17.0,9.0,-0.03446045828209425,0.974268863551817,28.799999999999997,33.5,0.47368421052631576
"PAH, skeletal muscle proteome (Malenfant 2015)",Rat heart protein M 8 wk,17.0,11.0,0.3250712836976917,0.8959146606403093,59.199999999999996,39.7,0.47368421052631576
"PAH, blood erythroid signature (Cheadle 2012)",Human VL RNA EE 24 h,11.0,3.0,-1.9049446900606504,0.14267655237803,7.1,34.0,0.18181818181818182
"PAH, blood erythroid signature (Cheadle 2012)",Human VL RNA RE 24 h,11.0,5.0,-0.6107381678673466,0.8009490168321769,34.8,39.5,0.18181818181818182
"PAH, blood erythroid signature (Cheadle 2012)",Human VL protein EE 24 h,14.0,3.0,-1.2842904929821917,0.39094026735324233,2.1,2.4,0.18181818181818182
"PAH, blood erythroid signature (Cheadle 2012)",Human VL protein RE 24 h,14.0,3.0,-0.11613966524454741,0.9381775879898349,36.5,34.0,0.18181818181818182
"PAH, blood erythroid signature (Cheadle 2012)",Rat gastroc. protein F 4 wk,12.0,8.0,0.9099679697848571,0.6126027453581117,86.8,97.7,0.18181818181818182
"PAH, blood erythroid signature (Cheadle 2012)",Rat gastroc. protein M 4 wk,12.0,3.0,-1.5601433639765818,0.26180637775925036,7.3,10.4,0.18181818181818182
"PAH, blood erythroid signature (Cheadle 2012)",Rat gastroc. protein F 8 wk,12.0,7.0,0.8989911230396475,0.6126027453581117,86.0,98.5,0.18181818181818182
"PAH, blood erythroid signature (Cheadle 2012)",Rat gastroc. protein M 8 wk,12.0,4.0,-0.5409486950701319,0.8262855539258595,32.7,46.7,0.18181818181818182
"PAH, blood erythroid signature (Cheadle 2012)",Rat gastroc. RNA F 8 wk,13.0,6.0,-0.7747220598771856,0.676571557267236,18.9,49.5,0.18181818181818182
"PAH, blood erythroid signature (Cheadle 2012)",Rat gastroc. RNA M 8 wk,13.0,3.0,-0.923419990097024,0.6126027453581117,15.0,32.5,0.18181818181818182
"PAH, blood erythroid signature (Cheadle 2012)",Rat heart protein F 8 wk,13.0,9.0,0.9014908651473847,0.6126027453581117,77.10000000000001,83.5,0.18181818181818182
"PAH, blood erythroid signature (Cheadle 2012)",Rat heart protein M 8 wk,13.0,8.0,-0.2859928027098712,0.9096542584431835,52.1,56.599999999999994,0.18181818181818182
"HIIT training, muscle proteome (Hostrup 2022)",Human VL RNA EE 24 h,119.0,32.0,-8.147574815816704,6.178255241463286e-15,0.0,0.0,0.45528455284552843
"HIIT training, muscle proteome (Hostrup 2022)",Human VL RNA RE 24 h,119.0,46.0,-2.8189121222085474,0.019299980428560615,0.1,2.3,0.45528455284552843
"HIIT training, muscle proteome (Hostrup 2022)",Human VL protein EE 24 h,121.0,59.0,0.5399727477452955,0.8262855539258595,31.900000000000002,7.5,0.45528455284552843
"HIIT training, muscle proteome (Hostrup 2022)",Human VL protein RE 24 h,121.0,71.0,2.0064171345963264,0.12111277866240884,88.9,0.7000000000000001,0.45528455284552843
"HIIT training, muscle proteome (Hostrup 2022)",Rat gastroc. protein F 4 wk,112.0,30.0,-7.933615283621739,3.062175622985842e-14,0.0,0.0,0.45528455284552843
"HIIT training, muscle proteome (Hostrup 2022)",Rat gastroc. protein M 4 wk,112.0,42.0,-3.6250533900787296,0.0014989781630232258,0.0,0.0,0.45528455284552843
"HIIT training, muscle proteome (Hostrup 2022)",Rat gastroc. protein F 8 wk,112.0,26.0,-9.11094057306396,2.009082473563599e-18,0.0,0.0,0.45528455284552843
"HIIT training, muscle proteome (Hostrup 2022)",Rat gastroc. protein M 8 wk,112.0,35.0,-4.511966081849113,4.7190906265219425e-05,0.0,0.4,0.45528455284552843
"HIIT training, muscle proteome (Hostrup 2022)",Rat gastroc. RNA F 8 wk,117.0,36.0,-4.731883815139547,2.02399593946552e-05,0.0,1.2,0.45528455284552843
"HIIT training, muscle proteome (Hostrup 2022)",Rat gastroc. RNA M 8 wk,117.0,39.0,-3.791212363815013,0.0008561571334798031,0.0,5.3,0.45528455284552843
"HIIT training, muscle proteome (Hostrup 2022)",Rat heart protein F 8 wk,112.0,43.0,-2.098257477803749,0.10482452300380309,4.5,2.0,0.45528455284552843
"HIIT training, muscle proteome (Hostrup 2022)",Rat heart protein M 8 wk,112.0,33.0,-4.385504813225772,7.905810864090792e-05,0.0,0.0,0.45528455284552843
Random abundance-matched genes,Human VL RNA EE 24 h,25.0,14.0,0.2104537214994645,0.9128866755987041,63.5,56.49999999999999,0.12
Random abundance-matched genes,Human VL RNA RE 24 h,25.0,14.0,-0.17361454324285178,0.9128866755987041,49.2,44.0,0.12
Random abundance-matched genes,Human VL protein EE 24 h,19.0,11.0,0.4671108249452458,0.8645907100457796,55.300000000000004,56.99999999999999,0.12
Random abundance-matched genes,Human VL protein RE 24 h,19.0,8.0,1.6781821717224519,0.21920162210980587,97.39999999999999,98.0,0.12
Random abundance-matched genes,Rat gastroc. protein F 4 wk,19.0,10.0,0.40723677356384214,0.8816263566476823,72.7,57.8,0.12
Random abundance-matched genes,Rat gastroc. protein M 4 wk,19.0,9.0,0.320272537419628,0.8959146606403093,64.60000000000001,55.2,0.12
Random abundance-matched genes,Rat gastroc. protein F 8 wk,19.0,9.0,0.9684731270745542,0.5893082283634965,84.89999999999999,83.1,0.12
Random abundance-matched genes,Rat gastroc. protein M 8 wk,19.0,9.0,0.21950407417554205,0.9128866755987041,61.3,48.9,0.12
Random abundance-matched genes,Rat gastroc. RNA F 8 wk,24.0,8.0,-0.4491845705002086,0.8710750976714003,37.2,26.8,0.12
Random abundance-matched genes,Rat gastroc. RNA M 8 wk,24.0,12.0,-0.10517589691025417,0.9381775879898349,42.4,32.1,0.12
Random abundance-matched genes,Rat heart protein F 8 wk,19.0,13.0,2.322750499041433,0.06616228633195163,98.8,99.4,0.12
Random abundance-matched genes,Rat heart protein M 8 wk,19.0,10.0,1.5347555255056042,0.26372742736467336,93.60000000000001,96.0,0.12
Random MitoCarta genes marked down,Human VL RNA EE 24 h,9.0,7.0,2.5552746706374365,0.03584317618081643,99.2,53.900000000000006,1.0
Random MitoCarta genes marked down,Human VL RNA RE 24 h,9.0,6.0,0.5048893663007077,0.8389056877806725,68.5,40.400000000000006,1.0
Random MitoCarta genes marked down,Human VL protein EE 24 h,9.0,5.0,0.5385007202173956,0.8262855539258595,66.10000000000001,86.2,1.0
Random MitoCarta genes marked down,Human VL protein RE 24 h,9.0,0.0,-2.601979133670226,0.03344955739065669,0.8,22.0,1.0
Random MitoCarta genes marked down,Rat gastroc. protein F 4 wk,9.0,7.0,2.5777984263054394,0.034729183868780565,99.4,30.7,1.0
Random MitoCarta genes marked down,Rat gastroc. protein M 4 wk,9.0,6.0,1.7744068070669292,0.18666870522587012,97.6,72.8,1.0
Random MitoCarta genes marked down,Rat gastroc. protein F 8 wk,9.0,7.0,2.7599001032595596,0.022374263044344898,99.8,32.2,1.0
Random MitoCarta genes marked down,Rat gastroc. protein M 8 wk,9.0,6.0,2.055757727235038,0.11326398253940001,98.7,63.4,1.0
Random MitoCarta genes marked down,Rat gastroc. RNA F 8 wk,9.0,6.0,1.5368545746456115,0.26372742736467336,94.39999999999999,62.0,1.0
Random MitoCarta genes marked down,Rat gastroc. RNA M 8 wk,9.0,7.0,1.560743324098879,0.26180637775925036,94.3,65.9,1.0
Random MitoCarta genes marked down,Rat heart protein F 8 wk,9.0,6.0,1.95772837430954,0.12932961909779123,96.0,93.89999999999999,1.0
Random MitoCarta genes marked down,Rat heart protein M 8 wk,9.0,5.0,0.6394446729038181,0.7838266183720148,73.0,43.0,1.0
"Type 2 diabetes, skeletal muscle (Mootha 2003)",Human VL RNA EE 24 h,87.0,83.0,10.720891296083558,3.655346978383407e-25,100.0,99.7,0.896551724137931
"Type 2 diabetes, skeletal muscle (Mootha 2003)",Human VL RNA RE 24 h,87.0,70.0,3.699504502888854,0.0011706875740305689,100.0,99.9,0.896551724137931
"Type 2 diabetes, skeletal muscle (Mootha 2003)",Human VL protein EE 24 h,78.0,13.0,-2.6034212010475257,0.03344955739065669,0.0,0.0,0.896551724137931
"Type 2 diabetes, skeletal muscle (Mootha 2003)",Human VL protein RE 24 h,78.0,4.0,-8.085960429309548,9.991732217344971e-15,0.0,0.0,0.896551724137931
"Type 2 diabetes, skeletal muscle (Mootha 2003)",Rat gastroc. protein F 4 wk,72.0,70.0,9.536253009584424,4.648418927212452e-20,100.0,98.7,0.896551724137931
"Type 2 diabetes, skeletal muscle (Mootha 2003)",Rat gastroc. protein M 4 wk,72.0,35.0,1.4737116798473426,0.28653715138303715,98.8,0.5,0.896551724137931
"Type 2 diabetes, skeletal muscle (Mootha 2003)",Rat gastroc. protein F 8 wk,72.0,67.0,11.61704761606351,8.222866984998302e-29,100.0,99.2,0.896551724137931
"Type 2 diabetes, skeletal muscle (Mootha 2003)",Rat gastroc. protein M 8 wk,72.0,52.0,4.777436415621665,1.828261872175861e-05,100.0,53.800000000000004,0.896551724137931
"Type 2 diabetes, skeletal muscle (Mootha 2003)",Rat gastroc. RNA F 8 wk,85.0,78.0,10.585437271244006,1.212646176204349e-24,100.0,100.0,0.896551724137931
"Type 2 diabetes, skeletal muscle (Mootha 2003)",Rat gastroc. RNA M 8 wk,85.0,77.0,10.831216235726181,1.7476635180833419e-25,100.0,100.0,0.896551724137931
"Type 2 diabetes, skeletal muscle (Mootha 2003)",Rat heart protein F 8 wk,79.0,46.0,0.323852671362727,0.8959146606403093,1.6,5.6000000000000005,0.896551724137931
"Type 2 diabetes, skeletal muscle (Mootha 2003)",Rat heart protein M 8 wk,79.0,65.0,3.4012138990487775,0.0031648244678792034,99.2,98.5,0.896551724137931
"Heart failure, left ventricle (Hannenhalli 2006)",Human VL RNA EE 24 h,530.0,242.0,-1.2087605459688,0.42967694848682214,3.1,3.8,0.07880910683012259
"Heart failure, left ventricle (Hannenhalli 2006)",Human VL RNA RE 24 h,530.0,289.0,0.885425578226315,0.6151767771608708,100.0,99.9,0.07880910683012259
"Heart failure, left ventricle (Hannenhalli 2006)",Human VL protein EE 24 h,317.0,159.0,1.0491705228167594,0.5294554716376382,66.3,59.9,0.07880910683012259
"Heart failure, left ventricle (Hannenhalli 2006)",Human VL protein RE 24 h,317.0,161.0,0.7049319723055462,0.7314793649084264,80.0,74.7,0.07880910683012259
"Heart failure, left ventricle (Hannenhalli 2006)",Rat gastroc. protein F 4 wk,279.0,152.0,0.35825405819089096,0.8959146606403093,92.30000000000001,98.0,0.07880910683012259
"Heart failure, left ventricle (Hannenhalli 2006)",Rat gastroc. protein M 4 wk,279.0,159.0,1.1375424775017613,0.46743910993709575,99.3,99.6,0.07880910683012259
"Heart failure, left ventricle (Hannenhalli 2006)",Rat gastroc. protein F 8 wk,279.0,158.0,0.52909321464607,0.8262855539258595,95.5,99.4,0.07880910683012259
"Heart failure, left ventricle (Hannenhalli 2006)",Rat gastroc. protein M 8 wk,279.0,160.0,1.964901391076079,0.12932961909779123,100.0,100.0,0.07880910683012259
"Heart failure, left ventricle (Hannenhalli 2006)",Rat gastroc. RNA F 8 wk,498.0,241.0,-0.8617925116186619,0.626751850596126,3.8,8.3,0.07880910683012259
"Heart failure, left ventricle (Hannenhalli 2006)",Rat gastroc. RNA M 8 wk,498.0,284.0,1.7046135325080376,0.21189944568836414,100.0,99.9,0.07880910683012259
"Heart failure, left ventricle (Hannenhalli 2006)",Rat heart protein F 8 wk,360.0,194.0,1.1536082715822429,0.46308449813970304,97.89999999999999,98.2,0.07880910683012259
"Heart failure, left ventricle (Hannenhalli 2006)",Rat heart protein M 8 wk,360.0,204.0,1.526271194780083,0.26372742736467336,100.0,100.0,0.07880910683012259
"Aging, skeletal muscle (Liu 2013)",Human VL RNA EE 24 h,498.0,310.0,3.048339908823269,0.009958072255381646,100.0,100.0,0.06896551724137931
"Aging, skeletal muscle (Liu 2013)",Human VL RNA RE 24 h,498.0,295.0,2.857210830644004,0.017777250244275334,100.0,100.0,0.06896551724137931
"Aging, skeletal muscle (Liu 2013)",Human VL protein EE 24 h,252.0,136.0,2.235163349942456,0.07745225865175401,99.4,100.0,0.06896551724137931
"Aging, skeletal muscle (Liu 2013)",Human VL protein RE 24 h,252.0,107.0,-0.09942528817594108,0.9381775879898349,48.699999999999996,59.199999999999996,0.06896551724137931
"Aging, skeletal muscle (Liu 2013)",Rat gastroc. protein F 4 wk,227.0,115.0,0.3536466027760602,0.8959146606403093,86.6,76.7,0.06896551724137931
"Aging, skeletal muscle (Liu 2013)",Rat gastroc. protein M 4 wk,228.0,107.0,0.2514596277064821,0.9128866755987041,72.0,67.60000000000001,0.06896551724137931
"Aging, skeletal muscle (Liu 2013)",Rat gastroc. protein F 8 wk,227.0,110.0,0.1898123582934296,0.9128866755987041,82.5,70.0,0.06896551724137931
"Aging, skeletal muscle (Liu 2013)",Rat gastroc. protein M 8 wk,228.0,114.0,0.8208489179936059,0.6445053035992637,96.39999999999999,93.60000000000001,0.06896551724137931
"Aging, skeletal muscle (Liu 2013)",Rat gastroc. RNA F 8 wk,428.0,204.0,-0.12267753068746266,0.9381775879898349,43.0,30.9,0.06896551724137931
"Aging, skeletal muscle (Liu 2013)",Rat gastroc. RNA M 8 wk,428.0,210.0,0.4074436798045241,0.8816263566476823,65.0,50.3,0.06896551724137931
"Aging, skeletal muscle (Liu 2013)",Rat heart protein F 8 wk,288.0,137.0,0.17760863008956942,0.9128866755987041,64.9,63.3,0.06896551724137931
"Aging, skeletal muscle (Liu 2013)",Rat heart protein M 8 wk,288.0,153.0,0.1764097476432808,0.9128866755987041,83.89999999999999,78.3,0.06896551724137931
"Septic shock, whole blood (Cvijanovich 2008)",Human VL RNA EE 24 h,354.0,206.0,0.5779659416037664,0.82210739411252,99.8,99.9,0.03529411764705882
"Septic shock, whole blood (Cvijanovich 2008)",Human VL RNA RE 24 h,354.0,186.0,-0.3835528614206011,0.8910830080202433,82.0,75.7,0.03529411764705882
"Septic shock, whole blood (Cvijanovich 2008)",Human VL protein EE 24 h,153.0,94.0,3.236350911094791,0.005477680651632708,100.0,99.9,0.03529411764705882
"Septic shock, whole blood (Cvijanovich 2008)",Human VL protein RE 24 h,153.0,84.0,1.6075710524922375,0.2481284097634565,99.4,98.9,0.03529411764705882
"Septic shock, whole blood (Cvijanovich 2008)",Rat gastroc. protein F 4 wk,120.0,67.0,-0.03225623257234667,0.974268863551817,87.9,66.3,0.03529411764705882
"Septic shock, whole blood (Cvijanovich 2008)",Rat gastroc. protein M 4 wk,122.0,65.0,0.1952178173188571,0.9128866755987041,58.3,66.2,0.03529411764705882
"Septic shock, whole blood (Cvijanovich 2008)",Rat gastroc. protein F 8 wk,120.0,63.0,-0.8486079044868436,0.6291569077527848,53.800000000000004,16.6,0.03529411764705882
"Septic shock, whole blood (Cvijanovich 2008)",Rat gastroc. protein M 8 wk,122.0,60.0,-0.3122119769269071,0.8959146606403093,52.400000000000006,49.1,0.03529411764705882
"Septic shock, whole blood (Cvijanovich 2008)",Rat gastroc. RNA F 8 wk,324.0,154.0,-0.23612589571981463,0.9128866755987041,44.3,29.9,0.03529411764705882
"Septic shock, whole blood (Cvijanovich 2008)",Rat gastroc. RNA M 8 wk,325.0,171.0,0.25820068481803266,0.9128866755987041,43.6,23.200000000000003,0.03529411764705882
"Septic shock, whole blood (Cvijanovich 2008)",Rat heart protein F 8 wk,199.0,91.0,-1.4586798376067522,0.28938104376318197,0.1,0.6,0.03529411764705882
"Septic shock, whole blood (Cvijanovich 2008)",Rat heart protein M 8 wk,199.0,88.0,-2.268190774647065,0.07414764974570437,0.5,0.2,0.03529411764705882
