signature,title,n_genes,kind,mito_share,inflam_ecm_share,column_id,column,n_measured,n_opposed,camera_t,camera_p,pct_abund,pct_class,camera_fdr
pah_muscle_lower9_malenfant2015,"PAH, 9 lower muscle proteins (Malenfant 2015; team rat pipeline input)",9,disease,1.0,0.0,human_acute|VL|RNA|EE_vs_CON_24h,Human VL RNA EE 24 h,9.0,9.0,6.1853852967645695,6.356155602366947e-10,100.0,98.2,8.39012539512437e-09
pah_muscle_lower9_malenfant2015,"PAH, 9 lower muscle proteins (Malenfant 2015; team rat pipeline input)",9,disease,1.0,0.0,human_acute|VL|RNA|RE_vs_CON_24h,Human VL RNA RE 24 h,9.0,8.0,1.4140906772258526,0.15735607612564617,88.6,78.8,0.319553877670543
pah_muscle_lower9_malenfant2015,"PAH, 9 lower muscle proteins (Malenfant 2015; team rat pipeline input)",9,disease,1.0,0.0,human_acute|VL|PROT|EE_vs_CON_24h,Human VL protein EE 24 h,9.0,1.0,-1.3142488095197113,0.18881276080734874,4.6,10.8,0.37198931979955274
pah_muscle_lower9_malenfant2015,"PAH, 9 lower muscle proteins (Malenfant 2015; team rat pipeline input)",9,disease,1.0,0.0,human_acute|VL|PROT|RE_vs_CON_24h,Human VL protein RE 24 h,9.0,0.0,-4.047188033035623,5.248875184663163e-05,0.0,5.1,0.0003012397932067554
pah_muscle_lower9_malenfant2015,"PAH, 9 lower muscle proteins (Malenfant 2015; team rat pipeline input)",9,disease,1.0,0.0,rat_train|SKM-GN|PROT|F_4w,Rat gastroc. protein F 4 wk,9.0,9.0,5.393223369528536,7.204731343810552e-08,100.0,93.5,7.925204478191608e-07
pah_muscle_lower9_malenfant2015,"PAH, 9 lower muscle proteins (Malenfant 2015; team rat pipeline input)",9,disease,1.0,0.0,rat_train|SKM-GN|PROT|M_4w,Rat gastroc. protein M 4 wk,9.0,7.0,2.3969106282152395,0.016566540463289,98.5,80.5,0.05466958352885369
pah_muscle_lower9_malenfant2015,"PAH, 9 lower muscle proteins (Malenfant 2015; team rat pipeline input)",9,disease,1.0,0.0,rat_train|SKM-GN|PROT|F_8w,Rat gastroc. protein F 8 wk,9.0,9.0,6.03823417697608,1.658399233868154e-09,100.0,87.7,1.990079080641785e-08
pah_muscle_lower9_malenfant2015,"PAH, 9 lower muscle proteins (Malenfant 2015; team rat pipeline input)",9,disease,1.0,0.0,rat_train|SKM-GN|PROT|M_8w,Rat gastroc. protein M 8 wk,9.0,8.0,2.9689303396030375,0.0030010501351282535,98.5,75.1,0.012778665091513854
pah_muscle_lower9_malenfant2015,"PAH, 9 lower muscle proteins (Malenfant 2015; team rat pipeline input)",9,disease,1.0,0.0,rat_train|SKM-GN|RNA|F_8w,Rat gastroc. RNA F 8 wk,9.0,8.0,4.2579001811524595,2.0786708011656197e-05,100.0,78.0,0.0001371922728769309
pah_muscle_lower9_malenfant2015,"PAH, 9 lower muscle proteins (Malenfant 2015; team rat pipeline input)",9,disease,1.0,0.0,rat_train|SKM-GN|RNA|M_8w,Rat gastroc. RNA M 8 wk,9.0,8.0,2.47564716324014,0.013312674726173257,95.89999999999999,35.6,0.04505828368858641
pah_muscle_lower9_malenfant2015,"PAH, 9 lower muscle proteins (Malenfant 2015; team rat pipeline input)",9,disease,1.0,0.0,rat_train|HEART|PROT|F_8w,Rat heart protein F 8 wk,9.0,5.0,0.022724080813583958,0.9818709051667087,16.2,20.599999999999998,0.9818709051667087
pah_muscle_lower9_malenfant2015,"PAH, 9 lower muscle proteins (Malenfant 2015; team rat pipeline input)",9,disease,1.0,0.0,rat_train|HEART|PROT|M_8w,Rat heart protein M 8 wk,9.0,8.0,1.5439342953227455,0.1226418045649351,79.5,70.3,0.2702352397931368
pah_muscle_malenfant2015,"PAH, skeletal muscle proteome (Malenfant 2015)",19,disease,0.47368421052631576,0.0,human_acute|VL|RNA|EE_vs_CON_24h,Human VL RNA EE 24 h,18.0,15.0,4.157954887270354,3.2289766887933353e-05,99.9,88.9,0.0002029642490098668
pah_muscle_malenfant2015,"PAH, skeletal muscle proteome (Malenfant 2015)",19,disease,0.47368421052631576,0.0,human_acute|VL|RNA|RE_vs_CON_24h,Human VL RNA RE 24 h,18.0,11.0,0.40469243116755604,0.6857093885037528,71.1,42.5,0.8703234546393785
pah_muscle_malenfant2015,"PAH, skeletal muscle proteome (Malenfant 2015)",19,disease,0.47368421052631576,0.0,human_acute|VL|PROT|EE_vs_CON_24h,Human VL protein EE 24 h,19.0,4.0,-1.221720107517976,0.22186151934772147,3.8,13.4,0.41836743648427477
pah_muscle_malenfant2015,"PAH, skeletal muscle proteome (Malenfant 2015)",19,disease,0.47368421052631576,0.0,human_acute|VL|PROT|RE_vs_CON_24h,Human VL protein RE 24 h,19.0,2.0,-4.115249054495174,3.9194686011000174e-05,0.1,0.6,0.00023516811606600106
pah_muscle_malenfant2015,"PAH, skeletal muscle proteome (Malenfant 2015)",19,disease,0.47368421052631576,0.0,rat_train|SKM-GN|PROT|F_4w,Rat gastroc. protein F 4 wk,19.0,16.0,4.772903025604315,1.862118573512451e-06,100.0,97.6,1.7557117978831682e-05
pah_muscle_malenfant2015,"PAH, skeletal muscle proteome (Malenfant 2015)",19,disease,0.47368421052631576,0.0,rat_train|SKM-GN|PROT|M_4w,Rat gastroc. protein M 4 wk,19.0,12.0,2.038849669778386,0.041511906838850234,96.89999999999999,76.6,0.11415774380683814
pah_muscle_malenfant2015,"PAH, skeletal muscle proteome (Malenfant 2015)",19,disease,0.47368421052631576,0.0,rat_train|SKM-GN|PROT|F_8w,Rat gastroc. protein F 8 wk,19.0,15.0,4.615384057829352,4.011384224725849e-06,100.0,90.4,3.309391985398826e-05
pah_muscle_malenfant2015,"PAH, skeletal muscle proteome (Malenfant 2015)",19,disease,0.47368421052631576,0.0,rat_train|SKM-GN|PROT|M_8w,Rat gastroc. protein M 8 wk,19.0,13.0,2.229541312365905,0.02581741955058467,98.8,79.3,0.07745225865175401
pah_muscle_malenfant2015,"PAH, skeletal muscle proteome (Malenfant 2015)",19,disease,0.47368421052631576,0.0,rat_train|SKM-GN|RNA|F_8w,Rat gastroc. RNA F 8 wk,17.0,16.0,4.5382015301665595,5.726642635487816e-06,100.0,95.19999999999999,4.446569575790539e-05
pah_muscle_malenfant2015,"PAH, skeletal muscle proteome (Malenfant 2015)",19,disease,0.47368421052631576,0.0,rat_train|SKM-GN|RNA|M_8w,Rat gastroc. RNA M 8 wk,17.0,14.0,3.470570538034592,0.0005211110635273457,99.3,85.2,0.0025476540883559123
pah_muscle_malenfant2015,"PAH, skeletal muscle proteome (Malenfant 2015)",19,disease,0.47368421052631576,0.0,rat_train|HEART|PROT|F_8w,Rat heart protein F 8 wk,17.0,9.0,-0.03446045828209425,0.9725107895911005,28.799999999999997,33.5,0.9817060304491589
pah_muscle_malenfant2015,"PAH, skeletal muscle proteome (Malenfant 2015)",19,disease,0.47368421052631576,0.0,rat_train|HEART|PROT|M_8w,Rat heart protein M 8 wk,17.0,11.0,0.3250712836976917,0.7451351926668814,59.199999999999996,39.7,0.8941348819623888
pah_blood_cheadle2012_eds,"PAH, blood erythroid signature (Cheadle 2012)",22,disease,0.18181818181818182,0.0,human_acute|VL|RNA|EE_vs_CON_24h,Human VL RNA EE 24 h,11.0,3.0,-1.9049446900606504,0.056806405113474914,7.1,34.0,0.14420087451882094
pah_blood_cheadle2012_eds,"PAH, blood erythroid signature (Cheadle 2012)",22,disease,0.18181818181818182,0.0,human_acute|VL|RNA|RE_vs_CON_24h,Human VL RNA RE 24 h,11.0,5.0,-0.6107381678673466,0.5413822058217492,34.8,39.5,0.7940272352052321
pah_blood_cheadle2012_eds,"PAH, blood erythroid signature (Cheadle 2012)",22,disease,0.18181818181818182,0.0,human_acute|VL|PROT|EE_vs_CON_24h,Human VL protein EE 24 h,14.0,3.0,-1.2842904929821917,0.19908995096692897,2.1,2.4,0.386468728347568
pah_blood_cheadle2012_eds,"PAH, blood erythroid signature (Cheadle 2012)",22,disease,0.18181818181818182,0.0,human_acute|VL|PROT|RE_vs_CON_24h,Human VL protein RE 24 h,14.0,3.0,-0.11613966524454741,0.907545742554634,36.5,34.0,0.9495790517327668
pah_blood_cheadle2012_eds,"PAH, blood erythroid signature (Cheadle 2012)",22,disease,0.18181818181818182,0.0,rat_train|SKM-GN|PROT|F_4w,Rat gastroc. protein F 4 wk,12.0,8.0,0.9099679697848571,0.36287862131558624,86.8,97.7,0.6064515897451402
pah_blood_cheadle2012_eds,"PAH, blood erythroid signature (Cheadle 2012)",22,disease,0.18181818181818182,0.0,rat_train|SKM-GN|PROT|M_4w,Rat gastroc. protein M 4 wk,12.0,3.0,-1.5601433639765818,0.11878252324262287,7.3,10.4,0.2702352397931368
pah_blood_cheadle2012_eds,"PAH, blood erythroid signature (Cheadle 2012)",22,disease,0.18181818181818182,0.0,rat_train|SKM-GN|PROT|F_8w,Rat gastroc. protein F 8 wk,12.0,7.0,0.8989911230396475,0.36869609674330794,86.0,98.5,0.6064515897451402
pah_blood_cheadle2012_eds,"PAH, blood erythroid signature (Cheadle 2012)",22,disease,0.18181818181818182,0.0,rat_train|SKM-GN|PROT|M_8w,Rat gastroc. protein M 8 wk,12.0,4.0,-0.5409486950701319,0.5885644658520754,32.7,46.7,0.8205474598013743
pah_blood_cheadle2012_eds,"PAH, blood erythroid signature (Cheadle 2012)",22,disease,0.18181818181818182,0.0,rat_train|SKM-GN|RNA|F_8w,Rat gastroc. RNA F 8 wk,13.0,6.0,-0.7747220598771856,0.4385186019324677,18.9,49.5,0.6653385684492613
pah_blood_cheadle2012_eds,"PAH, blood erythroid signature (Cheadle 2012)",22,disease,0.18181818181818182,0.0,rat_train|SKM-GN|RNA|M_8w,Rat gastroc. RNA M 8 wk,13.0,3.0,-0.923419990097024,0.35580624510318415,15.0,32.5,0.6064515897451402
pah_blood_cheadle2012_eds,"PAH, blood erythroid signature (Cheadle 2012)",22,disease,0.18181818181818182,0.0,rat_train|HEART|PROT|F_8w,Rat heart protein F 8 wk,13.0,9.0,0.9014908651473847,0.36735315523443024,77.10000000000001,83.5,0.6064515897451402
pah_blood_cheadle2012_eds,"PAH, blood erythroid signature (Cheadle 2012)",22,disease,0.18181818181818182,0.0,rat_train|HEART|PROT|M_8w,Rat heart protein M 8 wk,13.0,8.0,-0.2859928027098712,0.7748906645997489,52.1,56.599999999999994,0.9051820152846625
pah_blood_gse33463_ranked,"PAH, blood PBMC full ranking (GSE33463; team pipeline)",500,disease,0.076,0.03,human_acute|VL|RNA|EE_vs_CON_24h,Human VL RNA EE 24 h,430.0,186.0,-2.045469346266453,0.040826050322891855,0.0,0.1,0.11415774380683814
pah_blood_gse33463_ranked,"PAH, blood PBMC full ranking (GSE33463; team pipeline)",500,disease,0.076,0.03,human_acute|VL|RNA|RE_vs_CON_24h,Human VL RNA RE 24 h,430.0,189.0,-1.404780599423108,0.16010727865699254,2.1999999999999997,1.9,0.32021455731398507
pah_blood_gse33463_ranked,"PAH, blood PBMC full ranking (GSE33463; team pipeline)",500,disease,0.076,0.03,human_acute|VL|PROT|EE_vs_CON_24h,Human VL protein EE 24 h,183.0,83.0,0.0484873442462609,0.9613294653130289,8.7,7.5,0.9817060304491589
pah_blood_gse33463_ranked,"PAH, blood PBMC full ranking (GSE33463; team pipeline)",500,disease,0.076,0.03,human_acute|VL|PROT|RE_vs_CON_24h,Human VL protein RE 24 h,183.0,92.0,0.5367209710262522,0.5914802812439435,70.8,51.800000000000004,0.8205474598013743
pah_blood_gse33463_ranked,"PAH, blood PBMC full ranking (GSE33463; team pipeline)",500,disease,0.076,0.03,rat_train|SKM-GN|PROT|F_4w,Rat gastroc. protein F 4 wk,158.0,79.0,-0.9133078782309088,0.3611200143890546,16.2,42.1,0.6064515897451402
pah_blood_gse33463_ranked,"PAH, blood PBMC full ranking (GSE33463; team pipeline)",500,disease,0.076,0.03,rat_train|SKM-GN|PROT|M_4w,Rat gastroc. protein M 4 wk,158.0,74.0,-0.2316568571680174,0.8168130083708927,49.4,55.900000000000006,0.9177946684782669
pah_blood_gse33463_ranked,"PAH, blood PBMC full ranking (GSE33463; team pipeline)",500,disease,0.076,0.03,rat_train|SKM-GN|PROT|F_8w,Rat gastroc. protein F 8 wk,158.0,79.0,-0.4974954515191438,0.6188592704490927,40.2,77.60000000000001,0.8335655479518391
pah_blood_gse33463_ranked,"PAH, blood PBMC full ranking (GSE33463; team pipeline)",500,disease,0.076,0.03,rat_train|SKM-GN|PROT|M_8w,Rat gastroc. protein M 8 wk,158.0,76.0,-0.8016389310187592,0.4227958702549939,11.600000000000001,19.1,0.6489424985309209
pah_blood_gse33463_ranked,"PAH, blood PBMC full ranking (GSE33463; team pipeline)",500,disease,0.076,0.03,rat_train|SKM-GN|RNA|F_8w,Rat gastroc. RNA F 8 wk,402.0,187.0,-1.22798944532158,0.21947410784420157,0.4,2.8000000000000003,0.41836743648427477
pah_blood_gse33463_ranked,"PAH, blood PBMC full ranking (GSE33463; team pipeline)",500,disease,0.076,0.03,rat_train|SKM-GN|RNA|M_8w,Rat gastroc. RNA M 8 wk,403.0,220.0,0.8839595730798643,0.37673507847804166,93.30000000000001,95.0,0.6064515897451402
pah_blood_gse33463_ranked,"PAH, blood PBMC full ranking (GSE33463; team pipeline)",500,disease,0.076,0.03,rat_train|HEART|PROT|F_8w,Rat heart protein F 8 wk,255.0,132.0,0.48714959119788526,0.6261649975956622,67.2,71.39999999999999,0.8348866634608829
pah_blood_gse33463_ranked,"PAH, blood PBMC full ranking (GSE33463; team pipeline)",500,disease,0.076,0.03,rat_train|HEART|PROT|M_8w,Rat heart protein M 8 wk,255.0,134.0,-0.3072510296132635,0.7586598998468753,63.0,65.7,0.8941348819623888
hostrup2022_hiit_proteome,"HIIT training, muscle proteome (Hostrup 2022)",123,positive control,0.45528455284552843,0.04065040650406504,human_acute|VL|RNA|EE_vs_CON_24h,Human VL RNA EE 24 h,119.0,32.0,-8.147574815816704,4.004424693541019e-16,0.0,0.0,7.55120085067735e-15
hostrup2022_hiit_proteome,"HIIT training, muscle proteome (Hostrup 2022)",123,positive control,0.45528455284552843,0.04065040650406504,human_acute|VL|RNA|RE_vs_CON_24h,Human VL RNA RE 24 h,119.0,46.0,-2.8189121222085474,0.004824995107140154,0.1,2.3,0.019299980428560615
hostrup2022_hiit_proteome,"HIIT training, muscle proteome (Hostrup 2022)",123,positive control,0.45528455284552843,0.04065040650406504,human_acute|VL|PROT|EE_vs_CON_24h,Human VL protein EE 24 h,121.0,59.0,0.5399727477452955,0.5892358798762785,31.900000000000002,7.5,0.8205474598013743
hostrup2022_hiit_proteome,"HIIT training, muscle proteome (Hostrup 2022)",123,positive control,0.45528455284552843,0.04065040650406504,human_acute|VL|PROT|RE_vs_CON_24h,Human VL protein RE 24 h,121.0,71.0,2.0064171345963264,0.04485658468978105,88.9,0.7000000000000001,0.1208381465112469
hostrup2022_hiit_proteome,"HIIT training, muscle proteome (Hostrup 2022)",123,positive control,0.45528455284552843,0.04065040650406504,rat_train|SKM-GN|PROT|F_4w,Rat gastroc. protein F 4 wk,112.0,30.0,-7.933615283621739,2.5518130191548687e-15,0.0,0.0,3.742659094760474e-14
hostrup2022_hiit_proteome,"HIIT training, muscle proteome (Hostrup 2022)",123,positive control,0.45528455284552843,0.04065040650406504,rat_train|SKM-GN|PROT|M_4w,Rat gastroc. protein M 4 wk,112.0,42.0,-3.6250533900787296,0.000291467976143405,0.0,0.0,0.0014797604942665176
hostrup2022_hiit_proteome,"HIIT training, muscle proteome (Hostrup 2022)",123,positive control,0.45528455284552843,0.04065040650406504,rat_train|SKM-GN|PROT|F_8w,Rat gastroc. protein F 8 wk,112.0,26.0,-9.11094057306396,1.116156929757555e-19,0.0,0.0,2.455545245466621e-18
hostrup2022_hiit_proteome,"HIIT training, muscle proteome (Hostrup 2022)",123,positive control,0.45528455284552843,0.04065040650406504,rat_train|SKM-GN|PROT|M_8w,Rat gastroc. protein M 8 wk,112.0,35.0,-4.511966081849113,6.554292536836031e-06,0.0,0.4,4.806481193679756e-05
hostrup2022_hiit_proteome,"HIIT training, muscle proteome (Hostrup 2022)",123,positive control,0.45528455284552843,0.04065040650406504,rat_train|SKM-GN|RNA|F_8w,Rat gastroc. RNA F 8 wk,117.0,36.0,-4.731883815139547,2.248884377183911e-06,0.0,1.2,1.9790182519218416e-05
hostrup2022_hiit_proteome,"HIIT training, muscle proteome (Hostrup 2022)",123,positive control,0.45528455284552843,0.04065040650406504,rat_train|SKM-GN|RNA|M_8w,Rat gastroc. RNA M 8 wk,117.0,39.0,-3.791212363815013,0.00015062023644552092,0.0,5.3,0.000828411300450365
hostrup2022_hiit_proteome,"HIIT training, muscle proteome (Hostrup 2022)",123,positive control,0.45528455284552843,0.04065040650406504,rat_train|HEART|PROT|F_8w,Rat heart protein F 8 wk,112.0,43.0,-2.098257477803749,0.03591210510315476,4.5,2.0,0.10534217496925397
hostrup2022_hiit_proteome,"HIIT training, muscle proteome (Hostrup 2022)",123,positive control,0.45528455284552843,0.04065040650406504,rat_train|HEART|PROT|M_8w,Rat heart protein M 8 wk,112.0,33.0,-4.385504813225772,1.1712312391245617e-05,0.0,0.0,8.136974924444323e-05
random_matched,Random abundance-matched genes,25,negative control,0.12,0.0,human_acute|VL|RNA|EE_vs_CON_24h,Human VL RNA EE 24 h,25.0,14.0,0.2104537214994645,0.833316431934296,63.5,56.49999999999999,0.9177946684782669
random_matched,Random abundance-matched genes,25,negative control,0.12,0.0,human_acute|VL|RNA|RE_vs_CON_24h,Human VL RNA RE 24 h,25.0,14.0,-0.17361454324285178,0.8621707491765538,49.2,44.0,0.9177946684782669
random_matched,Random abundance-matched genes,25,negative control,0.12,0.0,human_acute|VL|PROT|EE_vs_CON_24h,Human VL protein EE 24 h,19.0,11.0,0.4671108249452458,0.6404375629968737,55.300000000000004,56.99999999999999,0.8453775831558733
random_matched,Random abundance-matched genes,25,negative control,0.12,0.0,human_acute|VL|PROT|RE_vs_CON_24h,Human VL protein RE 24 h,19.0,8.0,1.6781821717224519,0.09336365386158398,97.39999999999999,98.0,0.22407276926780154
random_matched,Random abundance-matched genes,25,negative control,0.12,0.0,rat_train|SKM-GN|PROT|F_4w,Rat gastroc. protein F 4 wk,19.0,10.0,0.40723677356384214,0.683849682680789,72.7,57.8,0.8703234546393785
random_matched,Random abundance-matched genes,25,negative control,0.12,0.0,rat_train|SKM-GN|PROT|M_4w,Rat gastroc. protein M 4 wk,19.0,9.0,0.320272537419628,0.7487736908016417,64.60000000000001,55.2,0.8941348819623888
random_matched,Random abundance-matched genes,25,negative control,0.12,0.0,rat_train|SKM-GN|PROT|F_8w,Rat gastroc. protein F 8 wk,19.0,9.0,0.9684731270745542,0.3328500178719749,84.89999999999999,83.1,0.5858160314546758
random_matched,Random abundance-matched genes,25,negative control,0.12,0.0,rat_train|SKM-GN|PROT|M_8w,Rat gastroc. protein M 8 wk,19.0,9.0,0.21950407417554205,0.8262654081077743,61.3,48.9,0.9177946684782669
random_matched,Random abundance-matched genes,25,negative control,0.12,0.0,rat_train|SKM-GN|RNA|F_8w,Rat gastroc. RNA F 8 wk,24.0,8.0,-0.4491845705002086,0.6533063232535503,37.2,26.8,0.8538260858363232
random_matched,Random abundance-matched genes,25,negative control,0.12,0.0,rat_train|SKM-GN|RNA|M_8w,Rat gastroc. RNA M 8 wk,24.0,12.0,-0.10517589691025417,0.916237927720472,42.4,32.1,0.9495790517327668
random_matched,Random abundance-matched genes,25,negative control,0.12,0.0,rat_train|HEART|PROT|F_8w,Rat heart protein F 8 wk,19.0,13.0,2.322750499041433,0.02021625415698522,98.8,99.4,0.06508647679809876
random_matched,Random abundance-matched genes,25,negative control,0.12,0.0,rat_train|HEART|PROT|M_8w,Rat heart protein M 8 wk,19.0,10.0,1.5347555255056042,0.12488143657107077,93.60000000000001,96.0,0.2702352397931368
random_mito9,Random MitoCarta genes marked down,9,pathway-class control,1.0,0.0,human_acute|VL|RNA|EE_vs_CON_24h,Human VL RNA EE 24 h,9.0,7.0,2.5552746706374365,0.010620200349871534,99.2,53.900000000000006,0.0368912222679748
random_mito9,Random MitoCarta genes marked down,9,pathway-class control,1.0,0.0,human_acute|VL|RNA|RE_vs_CON_24h,Human VL RNA RE 24 h,9.0,6.0,0.5048893663007077,0.6136439753210475,68.5,40.400000000000006,0.8335655479518391
random_mito9,Random MitoCarta genes marked down,9,pathway-class control,1.0,0.0,human_acute|VL|PROT|EE_vs_CON_24h,Human VL protein EE 24 h,9.0,5.0,0.5385007202173956,0.5902513978087397,66.10000000000001,86.2,0.8205474598013743
random_mito9,Random MitoCarta genes marked down,9,pathway-class control,1.0,0.0,human_acute|VL|PROT|RE_vs_CON_24h,Human VL protein RE 24 h,9.0,0.0,-2.601979133670226,0.00929154371962686,0.8,22.0,0.03406899363863181
random_mito9,Random MitoCarta genes marked down,9,pathway-class control,1.0,0.0,rat_train|SKM-GN|PROT|F_4w,Rat gastroc. protein F 4 wk,9.0,7.0,2.5777984263054394,0.009968562036409235,99.4,30.7,0.035563518616378895
random_mito9,Random MitoCarta genes marked down,9,pathway-class control,1.0,0.0,rat_train|SKM-GN|PROT|M_4w,Rat gastroc. protein M 4 wk,9.0,6.0,1.7744068070669292,0.0760502132401693,97.6,72.8,0.18940807825853487
random_mito9,Random MitoCarta genes marked down,9,pathway-class control,1.0,0.0,rat_train|SKM-GN|PROT|F_8w,Rat gastroc. protein F 8 wk,9.0,7.0,2.7599001032595596,0.005800734863348677,99.8,32.2,0.02252050005770663
random_mito9,Random MitoCarta genes marked down,9,pathway-class control,1.0,0.0,rat_train|SKM-GN|PROT|M_8w,Rat gastroc. protein M 8 wk,9.0,6.0,2.055757727235038,0.039852142004603706,98.7,63.4,0.11415774380683814
random_mito9,Random MitoCarta genes marked down,9,pathway-class control,1.0,0.0,rat_train|SKM-GN|RNA|F_8w,Rat gastroc. RNA F 8 wk,9.0,6.0,1.5368545746456115,0.12435429682548532,94.39999999999999,62.0,0.2702352397931368
random_mito9,Random MitoCarta genes marked down,9,pathway-class control,1.0,0.0,rat_train|SKM-GN|RNA|M_8w,Rat gastroc. RNA M 8 wk,9.0,7.0,1.560743324098879,0.11860970103603936,94.3,65.9,0.2702352397931368
random_mito9,Random MitoCarta genes marked down,9,pathway-class control,1.0,0.0,rat_train|HEART|PROT|F_8w,Rat heart protein F 8 wk,9.0,6.0,1.95772837430954,0.050294851871363254,96.0,93.89999999999999,0.13017491072588136
random_mito9,Random MitoCarta genes marked down,9,pathway-class control,1.0,0.0,rat_train|HEART|PROT|M_8w,Rat heart protein M 8 wk,9.0,5.0,0.6394446729038181,0.5225510789146766,73.0,43.0,0.7750195777161495
type2_diabetes_muscle_mootha2003,"Type 2 diabetes, skeletal muscle (Mootha 2003)",87,disease,0.896551724137931,0.0,human_acute|VL|RNA|EE_vs_CON_24h,Human VL RNA EE 24 h,87.0,83.0,10.720891296083558,1.0153741606620576e-26,100.0,99.7,4.467646306913053e-25
type2_diabetes_muscle_mootha2003,"Type 2 diabetes, skeletal muscle (Mootha 2003)",87,disease,0.896551724137931,0.0,human_acute|VL|RNA|RE_vs_CON_24h,Human VL RNA RE 24 h,87.0,70.0,3.699504502888854,0.00021679399519084606,100.0,99.9,0.0011446722946076673
type2_diabetes_muscle_mootha2003,"Type 2 diabetes, skeletal muscle (Mootha 2003)",87,disease,0.896551724137931,0.0,human_acute|VL|PROT|EE_vs_CON_24h,Human VL protein EE 24 h,78.0,13.0,-2.6034212010475257,0.009252591970586688,0.0,0.0,0.03406899363863181
type2_diabetes_muscle_mootha2003,"Type 2 diabetes, skeletal muscle (Mootha 2003)",87,disease,0.896551724137931,0.0,human_acute|VL|PROT|RE_vs_CON_24h,Human VL protein RE 24 h,78.0,4.0,-8.085960429309548,7.401283123959238e-16,0.0,0.0,1.2212117154532743e-14
type2_diabetes_muscle_mootha2003,"Type 2 diabetes, skeletal muscle (Mootha 2003)",87,disease,0.896551724137931,0.0,rat_train|SKM-GN|PROT|F_4w,Rat gastroc. protein F 4 wk,72.0,70.0,9.536253009584424,2.152045799635394e-21,100.0,98.7,5.68140091103744e-20
type2_diabetes_muscle_mootha2003,"Type 2 diabetes, skeletal muscle (Mootha 2003)",87,disease,0.896551724137931,0.0,rat_train|SKM-GN|PROT|M_4w,Rat gastroc. protein M 4 wk,72.0,35.0,1.4737116798473426,0.1406154539194534,98.8,0.5,0.2946228558312357
type2_diabetes_muscle_mootha2003,"Type 2 diabetes, skeletal muscle (Mootha 2003)",87,disease,0.896551724137931,0.0,rat_train|SKM-GN|PROT|F_8w,Rat gastroc. protein F 8 wk,72.0,67.0,11.61704761606351,7.61376572685028e-31,100.0,99.2,1.0050170759442369e-28
type2_diabetes_muscle_mootha2003,"Type 2 diabetes, skeletal muscle (Mootha 2003)",87,disease,0.896551724137931,0.0,rat_train|SKM-GN|PROT|M_8w,Rat gastroc. protein M 8 wk,72.0,52.0,4.777436415621665,1.8207478756983582e-06,100.0,53.800000000000004,1.7557117978831682e-05
type2_diabetes_muscle_mootha2003,"Type 2 diabetes, skeletal muscle (Mootha 2003)",87,disease,0.896551724137931,0.0,rat_train|SKM-GN|RNA|F_8w,Rat gastroc. RNA F 8 wk,85.0,78.0,10.585437271244006,4.491282134090182e-26,100.0,100.0,1.48212310424976e-24
type2_diabetes_muscle_mootha2003,"Type 2 diabetes, skeletal muscle (Mootha 2003)",87,disease,0.896551724137931,0.0,rat_train|SKM-GN|RNA|M_8w,Rat gastroc. RNA M 8 wk,85.0,77.0,10.831216235726181,3.236413922376559e-27,100.0,100.0,2.1360331887685287e-25
type2_diabetes_muscle_mootha2003,"Type 2 diabetes, skeletal muscle (Mootha 2003)",87,disease,0.896551724137931,0.0,rat_train|HEART|PROT|F_8w,Rat heart protein F 8 wk,79.0,46.0,0.323852671362727,0.7460576150882458,1.6,5.6000000000000005,0.8941348819623888
type2_diabetes_muscle_mootha2003,"Type 2 diabetes, skeletal muscle (Mootha 2003)",87,disease,0.896551724137931,0.0,rat_train|HEART|PROT|M_8w,Rat heart protein M 8 wk,79.0,65.0,3.4012138990487775,0.0006739903959372377,99.2,98.5,0.0031773832951326924
heart_failure_lv_hannenhalli2006,"Heart failure, left ventricle (Hannenhalli 2006)",571,disease,0.07880910683012259,0.09807355516637478,human_acute|VL|RNA|EE_vs_CON_24h,Human VL RNA EE 24 h,530.0,242.0,-1.2087605459688,0.2267739450347117,3.1,3.8,0.4216078978110133
heart_failure_lv_hannenhalli2006,"Heart failure, left ventricle (Hannenhalli 2006)",571,disease,0.07880910683012259,0.09807355516637478,human_acute|VL|RNA|RE_vs_CON_24h,Human VL RNA RE 24 h,530.0,289.0,0.885425578226315,0.3759413638205321,100.0,99.9,0.6064515897451402
heart_failure_lv_hannenhalli2006,"Heart failure, left ventricle (Hannenhalli 2006)",571,disease,0.07880910683012259,0.09807355516637478,human_acute|VL|PROT|EE_vs_CON_24h,Human VL protein EE 24 h,317.0,159.0,1.0491705228167594,0.29414192868757677,66.3,59.9,0.5246856025237856
heart_failure_lv_hannenhalli2006,"Heart failure, left ventricle (Hannenhalli 2006)",571,disease,0.07880910683012259,0.09807355516637478,human_acute|VL|PROT|RE_vs_CON_24h,Human VL protein RE 24 h,317.0,161.0,0.7049319723055462,0.48087995285646545,80.0,74.7,0.7213199292846981
heart_failure_lv_hannenhalli2006,"Heart failure, left ventricle (Hannenhalli 2006)",571,disease,0.07880910683012259,0.09807355516637478,rat_train|SKM-GN|PROT|F_4w,Rat gastroc. protein F 4 wk,279.0,152.0,0.35825405819089096,0.7201667183980094,92.30000000000001,98.0,0.8926864866793109
heart_failure_lv_hannenhalli2006,"Heart failure, left ventricle (Hannenhalli 2006)",571,disease,0.07880910683012259,0.09807355516637478,rat_train|SKM-GN|PROT|M_4w,Rat gastroc. protein M 4 wk,279.0,159.0,1.1375424775017613,0.2553602545026727,99.3,99.6,0.4617473095116821
heart_failure_lv_hannenhalli2006,"Heart failure, left ventricle (Hannenhalli 2006)",571,disease,0.07880910683012259,0.09807355516637478,rat_train|SKM-GN|PROT|F_8w,Rat gastroc. protein F 8 wk,279.0,158.0,0.52909321464607,0.596761788946454,95.5,99.4,0.8205474598013743
heart_failure_lv_hannenhalli2006,"Heart failure, left ventricle (Hannenhalli 2006)",571,disease,0.07880910683012259,0.09807355516637478,rat_train|SKM-GN|PROT|M_8w,Rat gastroc. protein M 8 wk,279.0,160.0,1.964901391076079,0.049475023831470004,100.0,100.0,0.13017491072588136
heart_failure_lv_hannenhalli2006,"Heart failure, left ventricle (Hannenhalli 2006)",571,disease,0.07880910683012259,0.09807355516637478,rat_train|SKM-GN|RNA|F_8w,Rat gastroc. RNA F 8 wk,498.0,241.0,-0.8617925116186619,0.38881827768463373,3.8,8.3,0.6183615982454416
heart_failure_lv_hannenhalli2006,"Heart failure, left ventricle (Hannenhalli 2006)",571,disease,0.07880910683012259,0.09807355516637478,rat_train|SKM-GN|RNA|M_8w,Rat gastroc. RNA M 8 wk,498.0,284.0,1.7046135325080376,0.08829143570348506,100.0,99.9,0.21582350949740794
heart_failure_lv_hannenhalli2006,"Heart failure, left ventricle (Hannenhalli 2006)",571,disease,0.07880910683012259,0.09807355516637478,rat_train|HEART|PROT|F_8w,Rat heart protein F 8 wk,360.0,194.0,1.1536082715822429,0.2486935267787294,97.89999999999999,98.2,0.45593813242767056
heart_failure_lv_hannenhalli2006,"Heart failure, left ventricle (Hannenhalli 2006)",571,disease,0.07880910683012259,0.09807355516637478,rat_train|HEART|PROT|M_8w,Rat heart protein M 8 wk,360.0,204.0,1.526271194780083,0.1269798724348427,100.0,100.0,0.2703442445386974
aging_muscle_liu2013,"Aging, skeletal muscle (Liu 2013)",522,disease,0.06896551724137931,0.0421455938697318,human_acute|VL|RNA|EE_vs_CON_24h,Human VL RNA EE 24 h,498.0,310.0,3.048339908823269,0.002305109318375381,100.0,100.0,0.010142481000851676
aging_muscle_liu2013,"Aging, skeletal muscle (Liu 2013)",522,disease,0.06896551724137931,0.0421455938697318,human_acute|VL|RNA|RE_vs_CON_24h,Human VL RNA RE 24 h,498.0,295.0,2.857210830644004,0.004279708392140358,100.0,100.0,0.017653797117578977
aging_muscle_liu2013,"Aging, skeletal muscle (Liu 2013)",522,disease,0.06896551724137931,0.0421455938697318,human_acute|VL|PROT|EE_vs_CON_24h,Human VL protein EE 24 h,252.0,136.0,2.235163349942456,0.02544330537154474,99.4,100.0,0.07745225865175401
aging_muscle_liu2013,"Aging, skeletal muscle (Liu 2013)",522,disease,0.06896551724137931,0.0421455938697318,human_acute|VL|PROT|RE_vs_CON_24h,Human VL protein RE 24 h,252.0,107.0,-0.09942528817594108,0.920803928952986,48.699999999999996,59.199999999999996,0.9495790517327668
aging_muscle_liu2013,"Aging, skeletal muscle (Liu 2013)",522,disease,0.06896551724137931,0.0421455938697318,rat_train|SKM-GN|PROT|F_4w,Rat gastroc. protein F 4 wk,227.0,115.0,0.3536466027760602,0.7236170763233809,86.6,76.7,0.8926864866793109
aging_muscle_liu2013,"Aging, skeletal muscle (Liu 2013)",522,disease,0.06896551724137931,0.0421455938697318,rat_train|SKM-GN|PROT|M_4w,Rat gastroc. protein M 4 wk,228.0,107.0,0.2514596277064821,0.8014680003389011,72.0,67.60000000000001,0.9177946684782669
aging_muscle_liu2013,"Aging, skeletal muscle (Liu 2013)",522,disease,0.06896551724137931,0.0421455938697318,rat_train|SKM-GN|PROT|F_8w,Rat gastroc. protein F 8 wk,227.0,110.0,0.1898123582934296,0.8494630607422267,82.5,70.0,0.9177946684782669
aging_muscle_liu2013,"Aging, skeletal muscle (Liu 2013)",522,disease,0.06896551724137931,0.0421455938697318,rat_train|SKM-GN|PROT|M_8w,Rat gastroc. protein M 8 wk,228.0,114.0,0.8208489179936059,0.41176727729952955,96.39999999999999,93.60000000000001,0.6394503600416224
aging_muscle_liu2013,"Aging, skeletal muscle (Liu 2013)",522,disease,0.06896551724137931,0.0421455938697318,rat_train|SKM-GN|RNA|F_8w,Rat gastroc. RNA F 8 wk,428.0,204.0,-0.12267753068746266,0.9023644343008641,43.0,30.9,0.9495790517327668
aging_muscle_liu2013,"Aging, skeletal muscle (Liu 2013)",522,disease,0.06896551724137931,0.0421455938697318,rat_train|SKM-GN|RNA|M_8w,Rat gastroc. RNA M 8 wk,428.0,210.0,0.4074436798045241,0.6836891453576889,65.0,50.3,0.8703234546393785
aging_muscle_liu2013,"Aging, skeletal muscle (Liu 2013)",522,disease,0.06896551724137931,0.0421455938697318,rat_train|HEART|PROT|F_8w,Rat heart protein F 8 wk,288.0,137.0,0.17760863008956942,0.8590346157534559,64.9,63.3,0.9177946684782669
aging_muscle_liu2013,"Aging, skeletal muscle (Liu 2013)",522,disease,0.06896551724137931,0.0421455938697318,rat_train|HEART|PROT|M_8w,Rat heart protein M 8 wk,288.0,153.0,0.1764097476432808,0.8599762868599475,83.89999999999999,78.3,0.9177946684782669
septic_shock_blood_cvijanovich2008,"Septic shock, whole blood (Cvijanovich 2008)",510,disease,0.03529411764705882,0.052941176470588235,human_acute|VL|RNA|EE_vs_CON_24h,Human VL RNA EE 24 h,354.0,206.0,0.5779659416037664,0.563295807077097,99.8,99.9,0.8170884234524923
septic_shock_blood_cvijanovich2008,"Septic shock, whole blood (Cvijanovich 2008)",510,disease,0.03529411764705882,0.052941176470588235,human_acute|VL|RNA|RE_vs_CON_24h,Human VL RNA RE 24 h,354.0,186.0,-0.3835528614206011,0.7013153303863027,82.0,75.7,0.8816535581999233
septic_shock_blood_cvijanovich2008,"Septic shock, whole blood (Cvijanovich 2008)",510,disease,0.03529411764705882,0.052941176470588235,human_acute|VL|PROT|EE_vs_CON_24h,Human VL protein EE 24 h,153.0,94.0,3.236350911094791,0.0012172623670294908,100.0,99.9,0.005540642498203199
septic_shock_blood_cvijanovich2008,"Septic shock, whole blood (Cvijanovich 2008)",510,disease,0.03529411764705882,0.052941176470588235,human_acute|VL|PROT|RE_vs_CON_24h,Human VL protein RE 24 h,153.0,84.0,1.6075710524922375,0.10798180795261532,99.4,98.9,0.25452854731687896
septic_shock_blood_cvijanovich2008,"Septic shock, whole blood (Cvijanovich 2008)",510,disease,0.03529411764705882,0.052941176470588235,rat_train|SKM-GN|PROT|F_4w,Rat gastroc. protein F 4 wk,120.0,67.0,-0.03225623257234667,0.974268863551817,87.9,66.3,0.9817060304491589
septic_shock_blood_cvijanovich2008,"Septic shock, whole blood (Cvijanovich 2008)",510,disease,0.03529411764705882,0.052941176470588235,rat_train|SKM-GN|PROT|M_4w,Rat gastroc. protein M 4 wk,122.0,65.0,0.1952178173188571,0.8452295146812658,58.3,66.2,0.9177946684782669
septic_shock_blood_cvijanovich2008,"Septic shock, whole blood (Cvijanovich 2008)",510,disease,0.03529411764705882,0.052941176470588235,rat_train|SKM-GN|PROT|F_8w,Rat gastroc. protein F 8 wk,120.0,63.0,-0.8486079044868436,0.39613583080730896,53.800000000000004,16.6,0.6224991626971997
septic_shock_blood_cvijanovich2008,"Septic shock, whole blood (Cvijanovich 2008)",510,disease,0.03529411764705882,0.052941176470588235,rat_train|SKM-GN|PROT|M_8w,Rat gastroc. protein M 8 wk,122.0,60.0,-0.3122119769269071,0.754891056650631,52.400000000000006,49.1,0.8941348819623888
septic_shock_blood_cvijanovich2008,"Septic shock, whole blood (Cvijanovich 2008)",510,disease,0.03529411764705882,0.052941176470588235,rat_train|SKM-GN|RNA|F_8w,Rat gastroc. RNA F 8 wk,324.0,154.0,-0.23612589571981463,0.8133388581321123,44.3,29.9,0.9177946684782669
septic_shock_blood_cvijanovich2008,"Septic shock, whole blood (Cvijanovich 2008)",510,disease,0.03529411764705882,0.052941176470588235,rat_train|SKM-GN|RNA|M_8w,Rat gastroc. RNA M 8 wk,325.0,171.0,0.25820068481803266,0.7962562905054227,43.6,23.200000000000003,0.9177946684782669
septic_shock_blood_cvijanovich2008,"Septic shock, whole blood (Cvijanovich 2008)",510,disease,0.03529411764705882,0.052941176470588235,rat_train|HEART|PROT|F_8w,Rat heart protein F 8 wk,199.0,91.0,-1.4586798376067522,0.14469052188159098,0.1,0.6,0.2984242013807814
septic_shock_blood_cvijanovich2008,"Septic shock, whole blood (Cvijanovich 2008)",510,disease,0.03529411764705882,0.052941176470588235,rat_train|HEART|PROT|M_8w,Rat heart protein M 8 wk,199.0,88.0,-2.268190774647065,0.023342778623647673,0.5,0.2,0.07336301853146411
