tissue,gene,rna_columns,rna_baseline,rna_baseline_tertile,n_collapsed_rna,prot_columns,prot_n_missing,n_collapsed_prot,gtex_tpm,gtex_tertile,baseline_unit
Human vastus lateralis,LARS2,6/6,3.485340118408203,mid,1.0,6/6,,1.0,5.24432,mid,log2 CPM (AveExpr)
Human vastus lateralis,STX17,6/6,4.267971992492676,high,1.0,6/6,,1.0,8.98084,mid,log2 CPM (AveExpr)
Human vastus lateralis,FUNDC1,6/6,1.5383414030075073,low,1.0,6/6,,1.0,7.82333,mid,log2 CPM (AveExpr)
Human vastus lateralis,MTRES1,6/6,3.3410463333129883,mid,1.0,6/6,,1.0,12.7874,high,log2 CPM (AveExpr)
Human vastus lateralis,COX6A1,6/6,2.349421501159668,mid,1.0,6/6,,1.0,21.4021,high,log2 CPM (AveExpr)
Human vastus lateralis,MRPL35,6/6,4.767281532287598,high,1.0,6/6,,1.0,21.9955,high,log2 CPM (AveExpr)
Human vastus lateralis,TIMM8A,6/6,1.2449584007263184,low,1.0,6/6,,1.0,2.60484,mid,log2 CPM (AveExpr)
Human vastus lateralis,AHCYL1,6/6,5.895044803619385,high,1.0,6/6,,1.0,58.2292,high,log2 CPM (AveExpr)
Human vastus lateralis,MMAA,6/6,2.628248453140259,mid,1.0,6/6,,1.0,3.12753,mid,log2 CPM (AveExpr)
Rat gastrocnemius,LARS2,8/8,9.145632266998291,high,1.0,8/8,0.0,1.0,5.24432,mid,log2(sedentary count + 1)
Rat gastrocnemius,STX17,8/8,6.113989353179932,low,1.0,8/8,0.0,1.0,8.98084,mid,log2(sedentary count + 1)
Rat gastrocnemius,FUNDC1,8/8,7.497321844100952,mid,1.0,8/8,1.5,1.0,7.82333,mid,log2(sedentary count + 1)
Rat gastrocnemius,MTRES1,8/8,9.353267669677734,high,1.0,8/8,0.0,1.0,12.7874,mid,log2(sedentary count + 1)
Rat gastrocnemius,COX6A1,8/8,9.10538387298584,high,1.0,8/8,6.5,1.0,21.4021,high,log2(sedentary count + 1)
Rat gastrocnemius,MRPL35,8/8,9.405999183654785,high,1.0,8/8,2.0,1.0,21.9955,high,log2(sedentary count + 1)
Rat gastrocnemius,TIMM8A,8/8,5.860621213912964,low,1.0,8/8,0.0,1.0,2.60484,low,log2(sedentary count + 1)
Rat gastrocnemius,AHCYL1,8/8,9.577563285827637,high,1.0,8/8,0.0,1.0,58.2292,high,log2(sedentary count + 1)
Rat gastrocnemius,MMAA,8/8,7.404449224472046,mid,1.0,8/8,0.0,1.0,3.12753,low,log2(sedentary count + 1)
Rat vastus lateralis,LARS2,8/8,8.949046611785889,high,1.0,0/0,,,5.24432,mid,log2(sedentary count + 1)
Rat vastus lateralis,STX17,8/8,5.861322641372681,low,1.0,0/0,,,8.98084,mid,log2(sedentary count + 1)
Rat vastus lateralis,FUNDC1,8/8,7.563672065734863,mid,1.0,0/0,,,7.82333,mid,log2(sedentary count + 1)
Rat vastus lateralis,MTRES1,8/8,9.46307897567749,high,1.0,0/0,,,12.7874,mid,log2(sedentary count + 1)
Rat vastus lateralis,COX6A1,8/8,8.96885347366333,high,1.0,0/0,,,21.4021,high,log2(sedentary count + 1)
Rat vastus lateralis,MRPL35,8/8,9.487298965454102,high,1.0,0/0,,,21.9955,high,log2(sedentary count + 1)
Rat vastus lateralis,TIMM8A,8/8,5.940166711807251,low,1.0,0/0,,,2.60484,low,log2(sedentary count + 1)
Rat vastus lateralis,AHCYL1,8/8,9.411813735961914,high,1.0,0/0,,,58.2292,high,log2(sedentary count + 1)
Rat vastus lateralis,MMAA,8/8,7.082311630249023,mid,1.0,0/0,,,3.12753,mid,log2(sedentary count + 1)
Rat heart,LARS2,8/8,9.724189281463623,high,1.0,8/8,0.0,1.0,6.05555,mid,log2(sedentary count + 1)
Rat heart,STX17,8/8,6.826235294342041,low,1.0,8/8,0.0,1.0,3.62063,mid,log2(sedentary count + 1)
Rat heart,FUNDC1,8/8,8.845414161682129,mid,1.0,8/8,0.0,1.0,15.6958,high,log2(sedentary count + 1)
Rat heart,MTRES1,8/8,9.038425922393799,mid,1.0,8/8,0.0,1.0,10.9608,high,log2(sedentary count + 1)
Rat heart,COX6A1,8/8,11.65205717086792,high,1.0,8/8,0.0,1.0,62.941,high,log2(sedentary count + 1)
Rat heart,MRPL35,8/8,9.875420570373535,high,1.0,8/8,0.0,1.0,28.2612,high,log2(sedentary count + 1)
Rat heart,TIMM8A,8/8,7.282431364059448,low,1.0,8/8,0.0,1.0,3.1329,mid,log2(sedentary count + 1)
Rat heart,AHCYL1,8/8,10.607858180999756,high,1.0,8/8,0.0,1.0,18.7678,high,log2(sedentary count + 1)
Rat heart,MMAA,8/8,7.816082715988159,mid,1.0,8/8,0.0,1.0,1.11315,low,log2(sedentary count + 1)
