Unit,Comparison kind,Cells measured,Opposed,Same direction,Fraction opposed,Sign test p,BH q
Rat SKM-VL RNA 1w,training vs sedentary,18,17,1,0.9444444444444444,0.00014495849609375,0.01290130615234375
Rat SKM-VL RNA 8w,training vs sedentary,18,17,1,0.9444444444444444,0.00014495849609375,0.01290130615234375
Rat HEART PROT 4w,training vs sedentary,18,17,1,0.9444444444444444,0.00014495849609375,0.01290130615234375
Rat HEART PROT 2w,training vs sedentary,18,16,2,0.8888888888888888,0.001312255859375,0.070074462890625
Rat SKM-VL RNA 2w,training vs sedentary,18,15,3,0.8333333333333334,0.007537841796875,0.134173583984375
Rat SKM-VL RNA 4w,training vs sedentary,18,15,3,0.8333333333333334,0.007537841796875,0.134173583984375
Rat HEART RNA 1w,training vs sedentary,18,15,3,0.8333333333333334,0.007537841796875,0.134173583984375
Rat VENACV RNA 4w,training vs sedentary,18,15,3,0.8333333333333334,0.007537841796875,0.134173583984375
Rat LUNG PHOSPHO 1w,training vs sedentary,10,8,2,0.8,0.109375,0.6348505434782609
Rat HEART PROT 1w,training vs sedentary,18,14,4,0.7777777777777778,0.0308837890625,0.3724888392857143
Rat COLON RNA 8w,training vs sedentary,18,14,4,0.7777777777777778,0.0308837890625,0.3724888392857143
Rat SPLEEN RNA 1w,training vs sedentary,18,14,4,0.7777777777777778,0.0308837890625,0.3724888392857143
Rat SPLEEN RNA 8w,training vs sedentary,18,14,4,0.7777777777777778,0.0308837890625,0.3724888392857143
Rat WAT-SC PROT 4w,training vs sedentary,16,12,4,0.75,0.076812744140625,0.6118905203683035
Rat WAT-SC PROT 8w,training vs sedentary,16,12,4,0.75,0.076812744140625,0.6118905203683035
Rat HEART PHOSPHO 2w,training vs sedentary,12,9,3,0.75,0.14599609375,0.7496337890625
Rat SKM-GN RNA 2w,training vs sedentary,18,13,5,0.7222222222222222,0.09625244140625,0.6118905203683035
Rat SKM-GN RNA 8w,training vs sedentary,18,13,5,0.7222222222222222,0.09625244140625,0.6118905203683035
Rat SKM-GN PROT 4w,training vs sedentary,18,13,5,0.7222222222222222,0.09625244140625,0.6118905203683035
Rat SKM-GN PROT 8w,training vs sedentary,18,13,5,0.7222222222222222,0.09625244140625,0.6118905203683035
