column_id,gene,direction,logFC,stat,fdr_bh,n_collapsed,agreement,cell,group,comparison
human_acute|VL|RNA|EE_vs_CON_15to45min,LARS2,-1,-0.0377771990313454,-0.743514693353489,0.7879803261118222,1.0,1.0,0.743514693353489,random MitoCarta,"Human vastus lateralis RNA, EE–CON 15–45 min"
human_acute|VL|RNA|EE_vs_CON_15to45min,STX17,-1,-0.0298245397721848,-0.847797335935578,0.7483794734887599,1.0,1.0,0.847797335935578,random MitoCarta,"Human vastus lateralis RNA, EE–CON 15–45 min"
human_acute|VL|RNA|EE_vs_CON_15to45min,FUNDC1,-1,0.0237147861622617,0.290932087523871,0.9365807053759048,1.0,-1.0,-0.290932087523871,random MitoCarta,"Human vastus lateralis RNA, EE–CON 15–45 min"
human_acute|VL|RNA|EE_vs_CON_15to45min,MTRES1,-1,-0.132772189285567,-1.98109108308672,0.2923879516982964,1.0,1.0,1.98109108308672,random MitoCarta,"Human vastus lateralis RNA, EE–CON 15–45 min"
human_acute|VL|RNA|EE_vs_CON_15to45min,COX6A1,-1,-0.0931915035793649,-0.890696579417422,0.7319238080929371,1.0,1.0,0.890696579417422,random MitoCarta,"Human vastus lateralis RNA, EE–CON 15–45 min"
human_acute|VL|RNA|EE_vs_CON_15to45min,MRPL35,-1,-0.0606931293036288,-0.913125249938259,0.7241911744860116,1.0,1.0,0.913125249938259,random MitoCarta,"Human vastus lateralis RNA, EE–CON 15–45 min"
human_acute|VL|RNA|EE_vs_CON_15to45min,TIMM8A,-1,-0.170075579057524,-1.55525211125482,0.4590870142724432,1.0,1.0,1.55525211125482,random MitoCarta,"Human vastus lateralis RNA, EE–CON 15–45 min"
human_acute|VL|RNA|EE_vs_CON_15to45min,AHCYL1,-1,-0.00043464823767,-0.0063469557986298,0.9988131414511996,1.0,1.0,0.0063469557986298,random MitoCarta,"Human vastus lateralis RNA, EE–CON 15–45 min"
human_acute|VL|RNA|EE_vs_CON_15to45min,MMAA,-1,0.0788069729523326,1.0199203744154,0.684437136406326,1.0,-1.0,-1.0199203744154,random MitoCarta,"Human vastus lateralis RNA, EE–CON 15–45 min"
human_acute|VL|RNA|EE_vs_CON_3.5to4h,LARS2,-1,-0.077635170376694,-1.47045915107419,0.3801815794194937,1.0,1.0,1.47045915107419,random MitoCarta,"Human vastus lateralis RNA, EE–CON 3.5–4 h"
human_acute|VL|RNA|EE_vs_CON_3.5to4h,STX17,-1,-0.021367938893329,-0.585777200478032,0.7883911748123373,1.0,1.0,0.585777200478032,random MitoCarta,"Human vastus lateralis RNA, EE–CON 3.5–4 h"
human_acute|VL|RNA|EE_vs_CON_3.5to4h,FUNDC1,-1,0.0330715551862333,0.392009671344542,0.8680617625893114,1.0,-1.0,-0.392009671344542,random MitoCarta,"Human vastus lateralis RNA, EE–CON 3.5–4 h"
human_acute|VL|RNA|EE_vs_CON_3.5to4h,MTRES1,-1,-0.0816814477473069,-1.16019336987479,0.5228367712728744,1.0,1.0,1.16019336987479,random MitoCarta,"Human vastus lateralis RNA, EE–CON 3.5–4 h"
human_acute|VL|RNA|EE_vs_CON_3.5to4h,COX6A1,-1,0.0337579241112289,0.311070264546287,0.8999066647821992,1.0,-1.0,-0.311070264546287,random MitoCarta,"Human vastus lateralis RNA, EE–CON 3.5–4 h"
human_acute|VL|RNA|EE_vs_CON_3.5to4h,MRPL35,-1,0.138486248258012,1.99016508479651,0.1902475035053457,1.0,-1.0,-1.99016508479651,random MitoCarta,"Human vastus lateralis RNA, EE–CON 3.5–4 h"
human_acute|VL|RNA|EE_vs_CON_3.5to4h,TIMM8A,-1,0.366317060480187,3.16420381509111,0.0175145646649486,1.0,-1.0,-3.16420381509111,random MitoCarta,"Human vastus lateralis RNA, EE–CON 3.5–4 h"
human_acute|VL|RNA|EE_vs_CON_3.5to4h,AHCYL1,-1,-0.13244867797703,-1.83919986957283,0.2379721075233666,1.0,1.0,1.83919986957283,random MitoCarta,"Human vastus lateralis RNA, EE–CON 3.5–4 h"
human_acute|VL|RNA|EE_vs_CON_3.5to4h,MMAA,-1,0.207497294192317,2.56238858844256,0.0699636665651828,1.0,-1.0,-2.56238858844256,random MitoCarta,"Human vastus lateralis RNA, EE–CON 3.5–4 h"
human_acute|VL|RNA|EE_vs_CON_24h,LARS2,-1,0.188139091506358,3.85998640750045,0.0047599804080256,1.0,-1.0,-3.85998640750045,random MitoCarta,"Human vastus lateralis RNA, EE–CON 24 h"
human_acute|VL|RNA|EE_vs_CON_24h,STX17,-1,-0.0502595659148621,-1.47241468884776,0.4415574228888036,1.0,1.0,1.47241468884776,random MitoCarta,"Human vastus lateralis RNA, EE–CON 24 h"
human_acute|VL|RNA|EE_vs_CON_24h,FUNDC1,-1,0.235307495102243,2.99460229072927,0.0412507614114885,1.0,-1.0,-2.99460229072927,random MitoCarta,"Human vastus lateralis RNA, EE–CON 24 h"
human_acute|VL|RNA|EE_vs_CON_24h,MTRES1,-1,0.252726709667701,3.8705224856215,0.0044997545359255,1.0,-1.0,-3.8705224856215,random MitoCarta,"Human vastus lateralis RNA, EE–CON 24 h"
human_acute|VL|RNA|EE_vs_CON_24h,COX6A1,-1,0.0419416159086201,0.417242732147258,0.8883125007343637,1.0,-1.0,-0.417242732147258,random MitoCarta,"Human vastus lateralis RNA, EE–CON 24 h"
human_acute|VL|RNA|EE_vs_CON_24h,MRPL35,-1,0.262065590169795,4.03198682300154,0.0028222417393803,1.0,-1.0,-4.0,random MitoCarta,"Human vastus lateralis RNA, EE–CON 24 h"
human_acute|VL|RNA|EE_vs_CON_24h,TIMM8A,-1,0.255181494250178,2.35113728599171,0.1403991349380536,1.0,-1.0,-2.35113728599171,random MitoCarta,"Human vastus lateralis RNA, EE–CON 24 h"
human_acute|VL|RNA|EE_vs_CON_24h,AHCYL1,-1,-0.230888797402649,-3.4509756848335,0.0140277449012827,1.0,1.0,3.4509756848335,random MitoCarta,"Human vastus lateralis RNA, EE–CON 24 h"
human_acute|VL|RNA|EE_vs_CON_24h,MMAA,-1,0.117510694986235,1.6037429781229,0.3865036440520482,1.0,-1.0,-1.6037429781229,random MitoCarta,"Human vastus lateralis RNA, EE–CON 24 h"
human_acute|VL|RNA|RE_vs_CON_15to45min,LARS2,-1,-0.0730328122950947,-1.49247923295481,0.4886227531884635,1.0,1.0,1.49247923295481,random MitoCarta,"Human vastus lateralis RNA, RE–CON 15–45 min"
human_acute|VL|RNA|RE_vs_CON_15to45min,STX17,-1,-0.0071037877834916,-0.208397012461758,0.9521134102358292,1.0,1.0,0.208397012461758,random MitoCarta,"Human vastus lateralis RNA, RE–CON 15–45 min"
human_acute|VL|RNA|RE_vs_CON_15to45min,FUNDC1,-1,0.0775132766445887,0.977714858489205,0.7008886944683802,1.0,-1.0,-0.977714858489205,random MitoCarta,"Human vastus lateralis RNA, RE–CON 15–45 min"
human_acute|VL|RNA|RE_vs_CON_15to45min,MTRES1,-1,-0.147439710623945,-2.26280301232266,0.2084753910625531,1.0,1.0,2.26280301232266,random MitoCarta,"Human vastus lateralis RNA, RE–CON 15–45 min"
human_acute|VL|RNA|RE_vs_CON_15to45min,COX6A1,-1,-0.0276011295617993,-0.271618342797651,0.9345905152231744,1.0,1.0,0.271618342797651,random MitoCarta,"Human vastus lateralis RNA, RE–CON 15–45 min"
human_acute|VL|RNA|RE_vs_CON_15to45min,MRPL35,-1,-0.0751980534941454,-1.16612080378733,0.623427338340983,1.0,1.0,1.16612080378733,random MitoCarta,"Human vastus lateralis RNA, RE–CON 15–45 min"
human_acute|VL|RNA|RE_vs_CON_15to45min,TIMM8A,-1,-0.269538383913495,-2.51323696418284,0.1424149476174078,1.0,1.0,2.51323696418284,random MitoCarta,"Human vastus lateralis RNA, RE–CON 15–45 min"
human_acute|VL|RNA|RE_vs_CON_15to45min,AHCYL1,-1,0.0067324671338058,0.10152053617952,0.9783241127058552,1.0,-1.0,-0.10152053617952,random MitoCarta,"Human vastus lateralis RNA, RE–CON 15–45 min"
human_acute|VL|RNA|RE_vs_CON_15to45min,MMAA,-1,0.0742936465413853,0.992265801876438,0.6951320350355267,1.0,-1.0,-0.992265801876438,random MitoCarta,"Human vastus lateralis RNA, RE–CON 15–45 min"
human_acute|VL|RNA|RE_vs_CON_3.5to4h,LARS2,-1,-0.145563038023876,-2.87308699564809,0.0162803320071661,1.0,1.0,2.87308699564809,random MitoCarta,"Human vastus lateralis RNA, RE–CON 3.5–4 h"
human_acute|VL|RNA|RE_vs_CON_3.5to4h,STX17,-1,-0.102450104651782,-2.91233903845253,0.0146084512822138,1.0,1.0,2.91233903845253,random MitoCarta,"Human vastus lateralis RNA, RE–CON 3.5–4 h"
human_acute|VL|RNA|RE_vs_CON_3.5to4h,FUNDC1,-1,-0.0309690045218829,-0.374714825444178,0.8166128402524387,1.0,1.0,0.374714825444178,random MitoCarta,"Human vastus lateralis RNA, RE–CON 3.5–4 h"
human_acute|VL|RNA|RE_vs_CON_3.5to4h,MTRES1,-1,-0.186820469518838,-2.74034597325612,0.0225444172668632,1.0,1.0,2.74034597325612,random MitoCarta,"Human vastus lateralis RNA, RE–CON 3.5–4 h"
human_acute|VL|RNA|RE_vs_CON_3.5to4h,COX6A1,-1,0.237530197021627,2.26982936046339,0.0660966018963789,1.0,-1.0,-2.26982936046339,random MitoCarta,"Human vastus lateralis RNA, RE–CON 3.5–4 h"
human_acute|VL|RNA|RE_vs_CON_3.5to4h,MRPL35,-1,0.259749556143296,3.89036115644851,0.0007621331707422,1.0,-1.0,-3.89036115644851,random MitoCarta,"Human vastus lateralis RNA, RE–CON 3.5–4 h"
human_acute|VL|RNA|RE_vs_CON_3.5to4h,TIMM8A,-1,0.588481154759095,5.24707393877784,3.530539828544251e-06,1.0,-1.0,-4.0,random MitoCarta,"Human vastus lateralis RNA, RE–CON 3.5–4 h"
human_acute|VL|RNA|RE_vs_CON_3.5to4h,AHCYL1,-1,-0.0446624977485568,-0.648898198040219,0.6673439684814374,1.0,1.0,0.648898198040219,random MitoCarta,"Human vastus lateralis RNA, RE–CON 3.5–4 h"
human_acute|VL|RNA|RE_vs_CON_3.5to4h,MMAA,-1,0.178293829660566,2.27475340609202,0.0656129585021006,1.0,-1.0,-2.27475340609202,random MitoCarta,"Human vastus lateralis RNA, RE–CON 3.5–4 h"
human_acute|VL|RNA|RE_vs_CON_24h,LARS2,-1,0.113902897880322,2.39330012473987,0.0746773585648829,1.0,-1.0,-2.39330012473987,random MitoCarta,"Human vastus lateralis RNA, RE–CON 24 h"
human_acute|VL|RNA|RE_vs_CON_24h,STX17,-1,-0.0348391458434376,-1.04203141566442,0.5370001138948866,1.0,1.0,1.04203141566442,random MitoCarta,"Human vastus lateralis RNA, RE–CON 24 h"
human_acute|VL|RNA|RE_vs_CON_24h,FUNDC1,-1,-0.0509105073225693,-0.645332979092301,0.7346588462089043,1.0,1.0,0.645332979092301,random MitoCarta,"Human vastus lateralis RNA, RE–CON 24 h"
human_acute|VL|RNA|RE_vs_CON_24h,MTRES1,-1,0.0695183967225628,1.07828425702534,0.5196940686452964,1.0,-1.0,-1.07828425702534,random MitoCarta,"Human vastus lateralis RNA, RE–CON 24 h"
human_acute|VL|RNA|RE_vs_CON_24h,COX6A1,-1,0.173582659113015,1.75967303649815,0.2263875261679939,1.0,-1.0,-1.75967303649815,random MitoCarta,"Human vastus lateralis RNA, RE–CON 24 h"
human_acute|VL|RNA|RE_vs_CON_24h,MRPL35,-1,0.241626307984038,3.78960914731582,0.0019523174026063,1.0,-1.0,-3.78960914731582,random MitoCarta,"Human vastus lateralis RNA, RE–CON 24 h"
human_acute|VL|RNA|RE_vs_CON_24h,TIMM8A,-1,0.397174708715757,3.74264664023083,0.0022706566897583,1.0,-1.0,-3.74264664023083,random MitoCarta,"Human vastus lateralis RNA, RE–CON 24 h"
human_acute|VL|RNA|RE_vs_CON_24h,AHCYL1,-1,-0.528808666545937,-8.0819162237608,6.238615846973902e-12,1.0,1.0,4.0,random MitoCarta,"Human vastus lateralis RNA, RE–CON 24 h"
human_acute|VL|RNA|RE_vs_CON_24h,MMAA,-1,0.114609950483558,1.59942153795649,0.2849521891593131,1.0,-1.0,-1.59942153795649,random MitoCarta,"Human vastus lateralis RNA, RE–CON 24 h"
human_acute|VL|PROT|EE_vs_CON_15to45min,LARS2,-1,-0.0585310052692335,-1.07286469877991,0.9976662116187048,1.0,1.0,1.07286469877991,random MitoCarta,"Human vastus lateralis protein, EE–CON 15–45 min"
human_acute|VL|PROT|EE_vs_CON_15to45min,STX17,-1,0.0501491134218052,1.14754508239104,0.9976662116187048,1.0,-1.0,-1.14754508239104,random MitoCarta,"Human vastus lateralis protein, EE–CON 15–45 min"
human_acute|VL|PROT|EE_vs_CON_15to45min,FUNDC1,-1,0.0665739986633383,0.431515744890884,0.9976662116187048,1.0,-1.0,-0.431515744890884,random MitoCarta,"Human vastus lateralis protein, EE–CON 15–45 min"
human_acute|VL|PROT|EE_vs_CON_15to45min,MTRES1,-1,0.046836127126208,0.517140337886406,0.9976662116187048,1.0,-1.0,-0.517140337886406,random MitoCarta,"Human vastus lateralis protein, EE–CON 15–45 min"
human_acute|VL|PROT|EE_vs_CON_15to45min,COX6A1,-1,-0.0108673308427515,-0.178287125213491,0.9976662116187048,1.0,1.0,0.178287125213491,random MitoCarta,"Human vastus lateralis protein, EE–CON 15–45 min"
human_acute|VL|PROT|EE_vs_CON_15to45min,MRPL35,-1,-0.104589821116576,-1.19412758047687,0.9976662116187048,1.0,1.0,1.19412758047687,random MitoCarta,"Human vastus lateralis protein, EE–CON 15–45 min"
human_acute|VL|PROT|EE_vs_CON_15to45min,TIMM8A,-1,-0.0424907547678482,-0.577704839451313,0.9976662116187048,1.0,1.0,0.577704839451313,random MitoCarta,"Human vastus lateralis protein, EE–CON 15–45 min"
human_acute|VL|PROT|EE_vs_CON_15to45min,AHCYL1,-1,0.0138799242928287,0.318912288413148,0.9976662116187048,1.0,-1.0,-0.318912288413148,random MitoCarta,"Human vastus lateralis protein, EE–CON 15–45 min"
human_acute|VL|PROT|EE_vs_CON_15to45min,MMAA,-1,-0.0018184659608211,-0.0412312953836432,0.9981047112822176,1.0,1.0,0.0412312953836432,random MitoCarta,"Human vastus lateralis protein, EE–CON 15–45 min"
human_acute|VL|PROT|EE_vs_CON_3.5to4h,LARS2,-1,-0.0341478408646477,-0.564895653942746,0.9992395295828024,1.0,1.0,0.564895653942746,random MitoCarta,"Human vastus lateralis protein, EE–CON 3.5–4 h"
human_acute|VL|PROT|EE_vs_CON_3.5to4h,STX17,-1,0.0637159478630678,1.31939143404323,0.9992395295828024,1.0,-1.0,-1.31939143404323,random MitoCarta,"Human vastus lateralis protein, EE–CON 3.5–4 h"
human_acute|VL|PROT|EE_vs_CON_3.5to4h,FUNDC1,-1,-0.0468144894388496,-0.276213043011292,0.9992395295828024,1.0,1.0,0.276213043011292,random MitoCarta,"Human vastus lateralis protein, EE–CON 3.5–4 h"
human_acute|VL|PROT|EE_vs_CON_3.5to4h,MTRES1,-1,0.0707091112215509,0.711206884009125,0.9992395295828024,1.0,-1.0,-0.711206884009125,random MitoCarta,"Human vastus lateralis protein, EE–CON 3.5–4 h"
human_acute|VL|PROT|EE_vs_CON_3.5to4h,COX6A1,-1,-0.137032754625105,-1.93675723859285,0.9992395295828024,1.0,1.0,1.93675723859285,random MitoCarta,"Human vastus lateralis protein, EE–CON 3.5–4 h"
human_acute|VL|PROT|EE_vs_CON_3.5to4h,MRPL35,-1,-0.0039358592170579,-0.037660123963393,0.9992395295828024,1.0,1.0,0.037660123963393,random MitoCarta,"Human vastus lateralis protein, EE–CON 3.5–4 h"
human_acute|VL|PROT|EE_vs_CON_3.5to4h,TIMM8A,-1,0.013866964190661,0.170135469602028,0.9992395295828024,1.0,-1.0,-0.170135469602028,random MitoCarta,"Human vastus lateralis protein, EE–CON 3.5–4 h"
human_acute|VL|PROT|EE_vs_CON_3.5to4h,AHCYL1,-1,0.016552143609732,0.345140814102209,0.9992395295828024,1.0,-1.0,-0.345140814102209,random MitoCarta,"Human vastus lateralis protein, EE–CON 3.5–4 h"
human_acute|VL|PROT|EE_vs_CON_3.5to4h,MMAA,-1,-0.0462998823518493,-0.945403768353917,0.9992395295828024,1.0,1.0,0.945403768353917,random MitoCarta,"Human vastus lateralis protein, EE–CON 3.5–4 h"
human_acute|VL|PROT|EE_vs_CON_24h,LARS2,-1,-0.0034205973669554,-0.0648043100542041,0.9942652265526192,1.0,1.0,0.0648043100542041,random MitoCarta,"Human vastus lateralis protein, EE–CON 24 h"
human_acute|VL|PROT|EE_vs_CON_24h,STX17,-1,0.0576922031028419,1.36065705774061,0.7588078902923423,1.0,-1.0,-1.36065705774061,random MitoCarta,"Human vastus lateralis protein, EE–CON 24 h"
human_acute|VL|PROT|EE_vs_CON_24h,FUNDC1,-1,0.131137599790435,0.850658802572654,0.8645088906672198,1.0,-1.0,-0.850658802572654,random MitoCarta,"Human vastus lateralis protein, EE–CON 24 h"
human_acute|VL|PROT|EE_vs_CON_24h,MTRES1,-1,-0.0845210417802929,-0.968756049704073,0.8390912522939098,1.0,1.0,0.968756049704073,random MitoCarta,"Human vastus lateralis protein, EE–CON 24 h"
human_acute|VL|PROT|EE_vs_CON_24h,COX6A1,-1,-0.113708705300484,-1.86710492231354,0.6496027731363577,1.0,1.0,1.86710492231354,random MitoCarta,"Human vastus lateralis protein, EE–CON 24 h"
human_acute|VL|PROT|EE_vs_CON_24h,MRPL35,-1,-0.0590795111819574,-0.644634410779978,0.8971264854338165,1.0,1.0,0.644634410779978,random MitoCarta,"Human vastus lateralis protein, EE–CON 24 h"
human_acute|VL|PROT|EE_vs_CON_24h,TIMM8A,-1,0.0108553977682078,0.152565665995865,0.9822787917846828,1.0,-1.0,-0.152565665995865,random MitoCarta,"Human vastus lateralis protein, EE–CON 24 h"
human_acute|VL|PROT|EE_vs_CON_24h,AHCYL1,-1,0.0132512802239607,0.313126115657542,0.96024388234812,1.0,-1.0,-0.313126115657542,random MitoCarta,"Human vastus lateralis protein, EE–CON 24 h"
human_acute|VL|PROT|EE_vs_CON_24h,MMAA,-1,0.0808206575677896,1.9009397848624,0.6452131027228868,1.0,-1.0,-1.9009397848624,random MitoCarta,"Human vastus lateralis protein, EE–CON 24 h"
human_acute|VL|PROT|RE_vs_CON_15to45min,LARS2,-1,-0.0231911930952462,-0.431312592903177,0.9273063575526632,1.0,1.0,0.431312592903177,random MitoCarta,"Human vastus lateralis protein, RE–CON 15–45 min"
human_acute|VL|PROT|RE_vs_CON_15to45min,STX17,-1,-0.0111003496874338,-0.257529636612216,0.9555314222935452,1.0,1.0,0.257529636612216,random MitoCarta,"Human vastus lateralis protein, RE–CON 15–45 min"
human_acute|VL|PROT|RE_vs_CON_15to45min,FUNDC1,-1,0.0587371902885896,0.356322321487297,0.9439898998540938,1.0,-1.0,-0.356322321487297,random MitoCarta,"Human vastus lateralis protein, RE–CON 15–45 min"
human_acute|VL|PROT|RE_vs_CON_15to45min,MTRES1,-1,-0.0465510897222875,-0.528022972411823,0.917366706297269,1.0,1.0,0.528022972411823,random MitoCarta,"Human vastus lateralis protein, RE–CON 15–45 min"
human_acute|VL|PROT|RE_vs_CON_15to45min,COX6A1,-1,0.042863168342508,0.730633916385499,0.8842869335944032,1.0,-1.0,-0.730633916385499,random MitoCarta,"Human vastus lateralis protein, RE–CON 15–45 min"
human_acute|VL|PROT|RE_vs_CON_15to45min,MRPL35,-1,-0.0488636550047954,-0.545471127402704,0.913393529835224,1.0,1.0,0.545471127402704,random MitoCarta,"Human vastus lateralis protein, RE–CON 15–45 min"
human_acute|VL|PROT|RE_vs_CON_15to45min,TIMM8A,-1,-0.112127031655775,-1.54685487244089,0.8067779026272052,1.0,1.0,1.54685487244089,random MitoCarta,"Human vastus lateralis protein, RE–CON 15–45 min"
human_acute|VL|PROT|RE_vs_CON_15to45min,AHCYL1,-1,-0.0205951903535575,-0.479592563199511,0.9211288511980584,1.0,1.0,0.479592563199511,random MitoCarta,"Human vastus lateralis protein, RE–CON 15–45 min"
human_acute|VL|PROT|RE_vs_CON_15to45min,MMAA,-1,-0.0128781662826441,-0.296643673066276,0.9474440463036852,1.0,1.0,0.296643673066276,random MitoCarta,"Human vastus lateralis protein, RE–CON 15–45 min"
human_acute|VL|PROT|RE_vs_CON_3.5to4h,LARS2,-1,-0.0552612405558964,-0.942522924634202,0.9999070318892754,1.0,1.0,0.942522924634202,random MitoCarta,"Human vastus lateralis protein, RE–CON 3.5–4 h"
human_acute|VL|PROT|RE_vs_CON_3.5to4h,STX17,-1,-0.0006018581385006,-0.0128561247464779,0.9999070318892754,1.0,1.0,0.0128561247464779,random MitoCarta,"Human vastus lateralis protein, RE–CON 3.5–4 h"
human_acute|VL|PROT|RE_vs_CON_3.5to4h,FUNDC1,-1,-0.0284200920953861,-0.16504667758577,0.9999070318892754,1.0,1.0,0.16504667758577,random MitoCarta,"Human vastus lateralis protein, RE–CON 3.5–4 h"
human_acute|VL|PROT|RE_vs_CON_3.5to4h,MTRES1,-1,-0.0046665580555147,-0.0487562530722032,0.9999070318892754,1.0,1.0,0.0487562530722032,random MitoCarta,"Human vastus lateralis protein, RE–CON 3.5–4 h"
human_acute|VL|PROT|RE_vs_CON_3.5to4h,COX6A1,-1,-0.157617424860632,-2.42014742796772,0.9999070318892754,1.0,1.0,2.42014742796772,random MitoCarta,"Human vastus lateralis protein, RE–CON 3.5–4 h"
human_acute|VL|PROT|RE_vs_CON_3.5to4h,MRPL35,-1,-0.0158076062967885,-0.153608440952623,0.9999070318892754,1.0,1.0,0.153608440952623,random MitoCarta,"Human vastus lateralis protein, RE–CON 3.5–4 h"
human_acute|VL|PROT|RE_vs_CON_3.5to4h,TIMM8A,-1,0.0142009716692957,0.179631707844766,0.9999070318892754,1.0,-1.0,-0.179631707844766,random MitoCarta,"Human vastus lateralis protein, RE–CON 3.5–4 h"
human_acute|VL|PROT|RE_vs_CON_3.5to4h,AHCYL1,-1,-0.01276592541514,-0.274623220616245,0.9999070318892754,1.0,1.0,0.274623220616245,random MitoCarta,"Human vastus lateralis protein, RE–CON 3.5–4 h"
human_acute|VL|PROT|RE_vs_CON_3.5to4h,MMAA,-1,-0.0643118376120058,-1.35218075576342,0.9999070318892754,1.0,1.0,1.35218075576342,random MitoCarta,"Human vastus lateralis protein, RE–CON 3.5–4 h"
human_acute|VL|PROT|RE_vs_CON_24h,LARS2,-1,-0.0498569335109943,-0.975970313476839,0.8556504999795449,1.0,1.0,0.975970313476839,random MitoCarta,"Human vastus lateralis protein, RE–CON 24 h"
human_acute|VL|PROT|RE_vs_CON_24h,STX17,-1,-0.0022924519534529,-0.0558311363688139,0.9935832504378472,1.0,1.0,0.0558311363688139,random MitoCarta,"Human vastus lateralis protein, RE–CON 24 h"
human_acute|VL|PROT|RE_vs_CON_24h,FUNDC1,-1,-0.0453430829376056,-0.309037640285353,0.9669788171795016,1.0,1.0,0.309037640285353,random MitoCarta,"Human vastus lateralis protein, RE–CON 24 h"
human_acute|VL|PROT|RE_vs_CON_24h,MTRES1,-1,-0.178488999697302,-2.1178577548179,0.5334056145734934,1.0,1.0,2.1178577548179,random MitoCarta,"Human vastus lateralis protein, RE–CON 24 h"
human_acute|VL|PROT|RE_vs_CON_24h,COX6A1,-1,-0.103982052963376,-1.79175414340394,0.621661322298395,1.0,1.0,1.79175414340394,random MitoCarta,"Human vastus lateralis protein, RE–CON 24 h"
human_acute|VL|PROT|RE_vs_CON_24h,MRPL35,-1,-0.107763771400311,-1.21839833572035,0.7996375562648051,1.0,1.0,1.21839833572035,random MitoCarta,"Human vastus lateralis protein, RE–CON 24 h"
human_acute|VL|PROT|RE_vs_CON_24h,TIMM8A,-1,-0.13480013370666,-1.95758922999492,0.5778482305476768,1.0,1.0,1.95758922999492,random MitoCarta,"Human vastus lateralis protein, RE–CON 24 h"
human_acute|VL|PROT|RE_vs_CON_24h,AHCYL1,-1,-0.0196769715658583,-0.47987937003161,0.9389315436905844,1.0,1.0,0.47987937003161,random MitoCarta,"Human vastus lateralis protein, RE–CON 24 h"
human_acute|VL|PROT|RE_vs_CON_24h,MMAA,-1,-0.0463297995148437,-1.12661184006373,0.8217844342725117,1.0,1.0,1.12661184006373,random MitoCarta,"Human vastus lateralis protein, RE–CON 24 h"
rat_train|SKM-GN|RNA|F_1w,LARS2,-1,-0.0382072869441778,-0.421022149754067,0.9754356111801746,1.0,1.0,0.421022149754067,random MitoCarta,"Rat gastrocnemius RNA, female 1 wk"
rat_train|SKM-GN|RNA|F_1w,STX17,-1,-0.0350386143344244,-0.185200383704356,0.9921672916978436,1.0,1.0,0.185200383704356,random MitoCarta,"Rat gastrocnemius RNA, female 1 wk"
rat_train|SKM-GN|RNA|F_1w,FUNDC1,-1,-0.215714241782196,-1.71431442591616,0.7067709962774038,1.0,1.0,1.71431442591616,random MitoCarta,"Rat gastrocnemius RNA, female 1 wk"
rat_train|SKM-GN|RNA|F_1w,MTRES1,-1,-0.0158784524768332,-0.209566753363858,0.9902478442526024,1.0,1.0,0.209566753363858,random MitoCarta,"Rat gastrocnemius RNA, female 1 wk"
rat_train|SKM-GN|RNA|F_1w,COX6A1,-1,0.145600470727654,1.4283401725271,0.8024829669109101,1.0,-1.0,-1.4283401725271,random MitoCarta,"Rat gastrocnemius RNA, female 1 wk"
rat_train|SKM-GN|RNA|F_1w,MRPL35,-1,0.0667155276196383,0.781866871414063,0.9436146855994724,1.0,-1.0,-0.781866871414063,random MitoCarta,"Rat gastrocnemius RNA, female 1 wk"
rat_train|SKM-GN|RNA|F_1w,TIMM8A,-1,-0.1856010332428,-0.783828377406982,0.9436146855994724,1.0,1.0,0.783828377406982,random MitoCarta,"Rat gastrocnemius RNA, female 1 wk"
rat_train|SKM-GN|RNA|F_1w,AHCYL1,-1,-0.0187643729814092,-0.219504305377232,0.9902478442526024,1.0,1.0,0.219504305377232,random MitoCarta,"Rat gastrocnemius RNA, female 1 wk"
rat_train|SKM-GN|RNA|F_1w,MMAA,-1,-0.0969486680314658,-0.739197701492687,0.9481834107195862,1.0,1.0,0.739197701492687,random MitoCarta,"Rat gastrocnemius RNA, female 1 wk"
rat_train|SKM-GN|RNA|F_2w,LARS2,-1,-0.0444382542724645,-0.563731885551276,0.9973696164570588,1.0,1.0,0.563731885551276,random MitoCarta,"Rat gastrocnemius RNA, female 2 wk"
rat_train|SKM-GN|RNA|F_2w,STX17,-1,0.0285923251790644,0.174727330592548,0.9973696164570588,1.0,-1.0,-0.174727330592548,random MitoCarta,"Rat gastrocnemius RNA, female 2 wk"
rat_train|SKM-GN|RNA|F_2w,FUNDC1,-1,0.0579599570528487,0.545639380143936,0.9973696164570588,1.0,-1.0,-0.545639380143936,random MitoCarta,"Rat gastrocnemius RNA, female 2 wk"
rat_train|SKM-GN|RNA|F_2w,MTRES1,-1,-0.0089443409161755,-0.135151912787779,0.9973696164570588,1.0,1.0,0.135151912787779,random MitoCarta,"Rat gastrocnemius RNA, female 2 wk"
rat_train|SKM-GN|RNA|F_2w,COX6A1,-1,0.122782279693388,1.38189406770085,0.9973696164570588,1.0,-1.0,-1.38189406770085,random MitoCarta,"Rat gastrocnemius RNA, female 2 wk"
rat_train|SKM-GN|RNA|F_2w,MRPL35,-1,0.0263017395521468,0.353216155850649,0.9973696164570588,1.0,-1.0,-0.353216155850649,random MitoCarta,"Rat gastrocnemius RNA, female 2 wk"
rat_train|SKM-GN|RNA|F_2w,TIMM8A,-1,-0.0499610250243819,-0.239669287844268,0.9973696164570588,1.0,1.0,0.239669287844268,random MitoCarta,"Rat gastrocnemius RNA, female 2 wk"
rat_train|SKM-GN|RNA|F_2w,AHCYL1,-1,-0.0267692589505003,-0.35969365547271,0.9973696164570588,1.0,1.0,0.35969365547271,random MitoCarta,"Rat gastrocnemius RNA, female 2 wk"
rat_train|SKM-GN|RNA|F_2w,MMAA,-1,0.0093638025019831,0.0827282584315676,0.9973696164570588,1.0,-1.0,-0.0827282584315676,random MitoCarta,"Rat gastrocnemius RNA, female 2 wk"
rat_train|SKM-GN|RNA|F_4w,LARS2,-1,-0.0430251770274971,-0.549299130270719,1.0,1.0,1.0,0.549299130270719,random MitoCarta,"Rat gastrocnemius RNA, female 4 wk"
rat_train|SKM-GN|RNA|F_4w,STX17,-1,0.107766489711754,0.668162480460979,1.0,1.0,-1.0,-0.668162480460979,random MitoCarta,"Rat gastrocnemius RNA, female 4 wk"
rat_train|SKM-GN|RNA|F_4w,FUNDC1,-1,-0.0161272140150968,-0.151975006479305,1.0,1.0,1.0,0.151975006479305,random MitoCarta,"Rat gastrocnemius RNA, female 4 wk"
rat_train|SKM-GN|RNA|F_4w,MTRES1,-1,0.0473488958862307,0.724773995348352,1.0,1.0,-1.0,-0.724773995348352,random MitoCarta,"Rat gastrocnemius RNA, female 4 wk"
rat_train|SKM-GN|RNA|F_4w,COX6A1,-1,0.0839493725484142,0.949239544854102,1.0,1.0,-1.0,-0.949239544854102,random MitoCarta,"Rat gastrocnemius RNA, female 4 wk"
rat_train|SKM-GN|RNA|F_4w,MRPL35,-1,0.109353746966837,1.48367627357021,1.0,1.0,-1.0,-1.48367627357021,random MitoCarta,"Rat gastrocnemius RNA, female 4 wk"
rat_train|SKM-GN|RNA|F_4w,TIMM8A,-1,0.249245951453912,1.24157840036914,1.0,1.0,-1.0,-1.24157840036914,random MitoCarta,"Rat gastrocnemius RNA, female 4 wk"
rat_train|SKM-GN|RNA|F_4w,AHCYL1,-1,0.0640509961023771,0.869018335534924,1.0,1.0,-1.0,-0.869018335534924,random MitoCarta,"Rat gastrocnemius RNA, female 4 wk"
rat_train|SKM-GN|RNA|F_4w,MMAA,-1,-0.0536136976812219,-0.476592904580649,1.0,1.0,1.0,0.476592904580649,random MitoCarta,"Rat gastrocnemius RNA, female 4 wk"
rat_train|SKM-GN|RNA|F_8w,LARS2,-1,-0.0243357976683367,-0.288095804561026,0.9989250472725932,1.0,1.0,0.288095804561026,random MitoCarta,"Rat gastrocnemius RNA, female 8 wk"
rat_train|SKM-GN|RNA|F_8w,STX17,-1,0.0150158266684264,0.0863237391670906,0.9989250472725932,1.0,-1.0,-0.0863237391670906,random MitoCarta,"Rat gastrocnemius RNA, female 8 wk"
rat_train|SKM-GN|RNA|F_8w,FUNDC1,-1,-0.159286698965231,-1.39271146599635,0.921362333152008,1.0,1.0,1.39271146599635,random MitoCarta,"Rat gastrocnemius RNA, female 8 wk"
rat_train|SKM-GN|RNA|F_8w,MTRES1,-1,0.0545647192141973,0.771485528323127,0.9987923765759968,1.0,-1.0,-0.771485528323127,random MitoCarta,"Rat gastrocnemius RNA, female 8 wk"
rat_train|SKM-GN|RNA|F_8w,COX6A1,-1,0.217258878681814,2.2800552737279,0.6194946806957389,1.0,-1.0,-2.2800552737279,random MitoCarta,"Rat gastrocnemius RNA, female 8 wk"
rat_train|SKM-GN|RNA|F_8w,MRPL35,-1,0.12652833035725,1.58800888030072,0.8765355412005507,1.0,-1.0,-1.58800888030072,random MitoCarta,"Rat gastrocnemius RNA, female 8 wk"
rat_train|SKM-GN|RNA|F_8w,TIMM8A,-1,0.319706546226798,1.45516992481337,0.9140352459034398,1.0,-1.0,-1.45516992481337,random MitoCarta,"Rat gastrocnemius RNA, female 8 wk"
rat_train|SKM-GN|RNA|F_8w,AHCYL1,-1,0.101805335951401,1.2770738392405,0.9471879490228768,1.0,-1.0,-1.2770738392405,random MitoCarta,"Rat gastrocnemius RNA, female 8 wk"
rat_train|SKM-GN|RNA|F_8w,MMAA,-1,-0.0667358219130188,-0.549056193833268,0.9989250472725932,1.0,1.0,0.549056193833268,random MitoCarta,"Rat gastrocnemius RNA, female 8 wk"
rat_train|SKM-GN|RNA|M_1w,LARS2,-1,-0.0394356442531598,-0.594647682551813,0.9816083876192332,1.0,1.0,0.594647682551813,random MitoCarta,"Rat gastrocnemius RNA, male 1 wk"
rat_train|SKM-GN|RNA|M_1w,STX17,-1,-0.11289051503038,-0.627255253494043,0.9810773930436856,1.0,1.0,0.627255253494043,random MitoCarta,"Rat gastrocnemius RNA, male 1 wk"
rat_train|SKM-GN|RNA|M_1w,FUNDC1,-1,-0.0715789109833819,-0.592766465900368,0.981791061743166,1.0,1.0,0.592766465900368,random MitoCarta,"Rat gastrocnemius RNA, male 1 wk"
rat_train|SKM-GN|RNA|M_1w,MTRES1,-1,0.126861682275112,1.98961824314309,0.6013823759516943,1.0,-1.0,-1.98961824314309,random MitoCarta,"Rat gastrocnemius RNA, male 1 wk"
rat_train|SKM-GN|RNA|M_1w,COX6A1,-1,0.218124105642212,3.26518758509692,0.1190690301200059,1.0,-1.0,-3.26518758509692,random MitoCarta,"Rat gastrocnemius RNA, male 1 wk"
rat_train|SKM-GN|RNA|M_1w,MRPL35,-1,0.109321728294411,1.63689666210648,0.7333964749703631,1.0,-1.0,-1.63689666210648,random MitoCarta,"Rat gastrocnemius RNA, male 1 wk"
rat_train|SKM-GN|RNA|M_1w,TIMM8A,-1,0.0822915318641097,0.366493843943021,0.9944880717722148,1.0,-1.0,-0.366493843943021,random MitoCarta,"Rat gastrocnemius RNA, male 1 wk"
rat_train|SKM-GN|RNA|M_1w,AHCYL1,-1,0.0301346877575676,0.472609098203689,0.9918088367764024,1.0,-1.0,-0.472609098203689,random MitoCarta,"Rat gastrocnemius RNA, male 1 wk"
rat_train|SKM-GN|RNA|M_1w,MMAA,-1,0.216946198537581,1.58895817064881,0.7625858938142348,1.0,-1.0,-1.58895817064881,random MitoCarta,"Rat gastrocnemius RNA, male 1 wk"
rat_train|SKM-GN|RNA|M_2w,LARS2,-1,-0.0280980826041956,-0.402642557721206,0.9942643742930696,1.0,1.0,0.402642557721206,random MitoCarta,"Rat gastrocnemius RNA, male 2 wk"
rat_train|SKM-GN|RNA|M_2w,STX17,-1,0.289008185736184,1.56450398064941,0.9557088413913708,1.0,-1.0,-1.56450398064941,random MitoCarta,"Rat gastrocnemius RNA, male 2 wk"
rat_train|SKM-GN|RNA|M_2w,FUNDC1,-1,0.032708522150811,0.257726172321603,0.9973799997489348,1.0,-1.0,-0.257726172321603,random MitoCarta,"Rat gastrocnemius RNA, male 2 wk"
rat_train|SKM-GN|RNA|M_2w,MTRES1,-1,0.22868640144042,3.41576994922284,0.1459982854448069,1.0,-1.0,-3.41576994922284,random MitoCarta,"Rat gastrocnemius RNA, male 2 wk"
rat_train|SKM-GN|RNA|M_2w,COX6A1,-1,0.0972640062027524,1.37408198702024,0.9802081387566794,1.0,-1.0,-1.37408198702024,random MitoCarta,"Rat gastrocnemius RNA, male 2 wk"
rat_train|SKM-GN|RNA|M_2w,MRPL35,-1,0.0218882231459935,0.309988293869195,0.9965040406506946,1.0,-1.0,-0.309988293869195,random MitoCarta,"Rat gastrocnemius RNA, male 2 wk"
rat_train|SKM-GN|RNA|M_2w,TIMM8A,-1,0.159184949532097,0.67420366907513,0.9934648698188544,1.0,-1.0,-0.67420366907513,random MitoCarta,"Rat gastrocnemius RNA, male 2 wk"
rat_train|SKM-GN|RNA|M_2w,AHCYL1,-1,0.0880671258845252,1.3144908391423,0.9802081387566794,1.0,-1.0,-1.3144908391423,random MitoCarta,"Rat gastrocnemius RNA, male 2 wk"
rat_train|SKM-GN|RNA|M_2w,MMAA,-1,0.0856240103538974,0.591941674480845,0.9934648698188544,1.0,-1.0,-0.591941674480845,random MitoCarta,"Rat gastrocnemius RNA, male 2 wk"
rat_train|SKM-GN|RNA|M_4w,LARS2,-1,-0.0064511064654294,-0.104069183457465,0.9952790387521236,1.0,1.0,0.104069183457465,random MitoCarta,"Rat gastrocnemius RNA, male 4 wk"
rat_train|SKM-GN|RNA|M_4w,STX17,-1,0.157661375606005,0.95837984031642,0.9372575498423144,1.0,-1.0,-0.95837984031642,random MitoCarta,"Rat gastrocnemius RNA, male 4 wk"
rat_train|SKM-GN|RNA|M_4w,FUNDC1,-1,-0.0449024799873862,-0.395829538567079,0.974691223620156,1.0,1.0,0.395829538567079,random MitoCarta,"Rat gastrocnemius RNA, male 4 wk"
rat_train|SKM-GN|RNA|M_4w,MTRES1,-1,0.163818868574325,2.74271518219945,0.2579751853638221,1.0,-1.0,-2.74271518219945,random MitoCarta,"Rat gastrocnemius RNA, male 4 wk"
rat_train|SKM-GN|RNA|M_4w,COX6A1,-1,0.0745561815837666,1.18379706616803,0.8910789135191997,1.0,-1.0,-1.18379706616803,random MitoCarta,"Rat gastrocnemius RNA, male 4 wk"
rat_train|SKM-GN|RNA|M_4w,MRPL35,-1,0.0540818602084217,0.861162795502602,0.951509216701352,1.0,-1.0,-0.861162795502602,random MitoCarta,"Rat gastrocnemius RNA, male 4 wk"
rat_train|SKM-GN|RNA|M_4w,TIMM8A,-1,0.159272786994033,0.758013808658757,0.9645894831330624,1.0,-1.0,-0.758013808658757,random MitoCarta,"Rat gastrocnemius RNA, male 4 wk"
rat_train|SKM-GN|RNA|M_4w,AHCYL1,-1,0.0697542335927153,1.1674792410464,0.8956812237295332,1.0,-1.0,-1.1674792410464,random MitoCarta,"Rat gastrocnemius RNA, male 4 wk"
rat_train|SKM-GN|RNA|M_4w,MMAA,-1,-0.0202835825689414,-0.156460215056827,0.992781467138045,1.0,1.0,0.156460215056827,random MitoCarta,"Rat gastrocnemius RNA, male 4 wk"
rat_train|SKM-GN|RNA|M_8w,LARS2,-1,0.0406103831054145,0.627738104922896,0.8759469383777587,1.0,-1.0,-0.627738104922896,random MitoCarta,"Rat gastrocnemius RNA, male 8 wk"
rat_train|SKM-GN|RNA|M_8w,STX17,-1,0.385967014991191,2.28026464759598,0.2499273712419646,1.0,-1.0,-2.28026464759598,random MitoCarta,"Rat gastrocnemius RNA, male 8 wk"
rat_train|SKM-GN|RNA|M_8w,FUNDC1,-1,-0.158610406439529,-1.33417422526046,0.6385909381257082,1.0,1.0,1.33417422526046,random MitoCarta,"Rat gastrocnemius RNA, male 8 wk"
rat_train|SKM-GN|RNA|M_8w,MTRES1,-1,0.0694697348500048,1.11406972573816,0.7161156054620087,1.0,-1.0,-1.11406972573816,random MitoCarta,"Rat gastrocnemius RNA, male 8 wk"
rat_train|SKM-GN|RNA|M_8w,COX6A1,-1,0.202242764605955,3.09698370468448,0.058282035580626,1.0,-1.0,-3.09698370468448,random MitoCarta,"Rat gastrocnemius RNA, male 8 wk"
rat_train|SKM-GN|RNA|M_8w,MRPL35,-1,0.0375056157891091,0.57287724386422,0.8921522247483231,1.0,-1.0,-0.57287724386422,random MitoCarta,"Rat gastrocnemius RNA, male 8 wk"
rat_train|SKM-GN|RNA|M_8w,TIMM8A,-1,0.0578217323503938,0.263282310517546,0.9653075907025436,1.0,-1.0,-0.263282310517546,random MitoCarta,"Rat gastrocnemius RNA, male 8 wk"
rat_train|SKM-GN|RNA|M_8w,AHCYL1,-1,0.0031394635689092,0.0503145580797876,0.9946045430484812,1.0,-1.0,-0.0503145580797876,random MitoCarta,"Rat gastrocnemius RNA, male 8 wk"
rat_train|SKM-GN|RNA|M_8w,MMAA,-1,-0.0164886706624926,-0.122334512306784,0.985979714767668,1.0,1.0,0.122334512306784,random MitoCarta,"Rat gastrocnemius RNA, male 8 wk"
rat_train|SKM-GN|PROT|F_1w,LARS2,-1,-0.183952760281684,-1.67238399699552,0.7631783870471176,1.0,1.0,1.67238399699552,random MitoCarta,"Rat gastrocnemius protein, female 1 wk"
rat_train|SKM-GN|PROT|F_1w,STX17,-1,0.060207052720671,0.396887706909119,0.953033291524472,1.0,-1.0,-0.396887706909119,random MitoCarta,"Rat gastrocnemius protein, female 1 wk"
rat_train|SKM-GN|PROT|F_1w,FUNDC1,-1,0.0952101987597286,1.06641802421399,0.848609910773928,1.0,-1.0,-1.06641802421399,random MitoCarta,"Rat gastrocnemius protein, female 1 wk"
rat_train|SKM-GN|PROT|F_1w,MTRES1,-1,0.300387426167511,2.02293716863384,0.6964717086708426,1.0,-1.0,-2.02293716863384,random MitoCarta,"Rat gastrocnemius protein, female 1 wk"
rat_train|SKM-GN|PROT|F_1w,COX6A1,-1,-0.316789882803243,-0.963505049858297,0.8648385327822085,1.0,1.0,0.963505049858297,random MitoCarta,"Rat gastrocnemius protein, female 1 wk"
rat_train|SKM-GN|PROT|F_1w,MRPL35,-1,0.403504141850764,2.42351161008273,0.6511826923114971,1.0,-1.0,-2.42351161008273,random MitoCarta,"Rat gastrocnemius protein, female 1 wk"
rat_train|SKM-GN|PROT|F_1w,TIMM8A,-1,0.142225234086573,1.51477933791359,0.7799803502047103,1.0,-1.0,-1.51477933791359,random MitoCarta,"Rat gastrocnemius protein, female 1 wk"
rat_train|SKM-GN|PROT|F_1w,AHCYL1,-1,0.0053838065156672,0.0265697387818489,0.9971865315384286,1.0,-1.0,-0.0265697387818489,random MitoCarta,"Rat gastrocnemius protein, female 1 wk"
rat_train|SKM-GN|PROT|F_1w,MMAA,-1,0.0852102547666678,1.2242733448064,0.8159434081004341,1.0,-1.0,-1.2242733448064,random MitoCarta,"Rat gastrocnemius protein, female 1 wk"
rat_train|SKM-GN|PROT|F_2w,LARS2,-1,-0.15160343904265,-1.37828410378932,0.5729559996288859,1.0,1.0,1.37828410378932,random MitoCarta,"Rat gastrocnemius protein, female 2 wk"
rat_train|SKM-GN|PROT|F_2w,STX17,-1,0.198111858099933,1.30596263261017,0.5985680359703169,1.0,-1.0,-1.30596263261017,random MitoCarta,"Rat gastrocnemius protein, female 2 wk"
rat_train|SKM-GN|PROT|F_2w,FUNDC1,-1,0.0802380906870559,0.898720381344125,0.743455024131916,1.0,-1.0,-0.898720381344125,random MitoCarta,"Rat gastrocnemius protein, female 2 wk"
rat_train|SKM-GN|PROT|F_2w,MTRES1,-1,0.382361434134859,2.57498513447167,0.2243281107647575,1.0,-1.0,-2.57498513447167,random MitoCarta,"Rat gastrocnemius protein, female 2 wk"
rat_train|SKM-GN|PROT|F_2w,COX6A1,-1,-0.183421766078601,-0.557870713252621,0.8627202066428733,1.0,1.0,0.557870713252621,random MitoCarta,"Rat gastrocnemius protein, female 2 wk"
rat_train|SKM-GN|PROT|F_2w,MRPL35,-1,0.125086907349352,0.751292343221146,0.7950101477127404,1.0,-1.0,-0.751292343221146,random MitoCarta,"Rat gastrocnemius protein, female 2 wk"
rat_train|SKM-GN|PROT|F_2w,TIMM8A,-1,0.312028530135883,3.32328066341362,0.1228629234418374,1.0,-1.0,-3.32328066341362,random MitoCarta,"Rat gastrocnemius protein, female 2 wk"
rat_train|SKM-GN|PROT|F_2w,AHCYL1,-1,-0.0702156739207609,-0.346522875411111,0.9138330726140051,1.0,1.0,0.346522875411111,random MitoCarta,"Rat gastrocnemius protein, female 2 wk"
rat_train|SKM-GN|PROT|F_2w,MMAA,-1,0.078541859819299,1.12846400578892,0.6622398237885596,1.0,-1.0,-1.12846400578892,random MitoCarta,"Rat gastrocnemius protein, female 2 wk"
rat_train|SKM-GN|PROT|F_4w,LARS2,-1,-0.0394412976106953,-0.358575728050284,0.9109901837762312,1.0,1.0,0.358575728050284,random MitoCarta,"Rat gastrocnemius protein, female 4 wk"
rat_train|SKM-GN|PROT|F_4w,STX17,-1,0.242191776886811,1.59653951849812,0.5013051914584209,1.0,-1.0,-1.59653951849812,random MitoCarta,"Rat gastrocnemius protein, female 4 wk"
rat_train|SKM-GN|PROT|F_4w,FUNDC1,-1,-0.067964197202124,-0.76124454986681,0.7854025229865551,1.0,1.0,0.76124454986681,random MitoCarta,"Rat gastrocnemius protein, female 4 wk"
rat_train|SKM-GN|PROT|F_4w,MTRES1,-1,0.0934677514122726,0.629451741082779,0.8305163075222372,1.0,-1.0,-0.629451741082779,random MitoCarta,"Rat gastrocnemius protein, female 4 wk"
rat_train|SKM-GN|PROT|F_4w,COX6A1,-1,0.0041458792042754,0.0126095426851208,0.9972164999371426,1.0,-1.0,-0.0126095426851208,random MitoCarta,"Rat gastrocnemius protein, female 4 wk"
rat_train|SKM-GN|PROT|F_4w,MRPL35,-1,0.271251648738309,1.62918159143583,0.4952830178750486,1.0,-1.0,-1.62918159143583,random MitoCarta,"Rat gastrocnemius protein, female 4 wk"
rat_train|SKM-GN|PROT|F_4w,TIMM8A,-1,0.56253153315627,5.99127959832563,0.0015541143328068,1.0,-1.0,-4.0,random MitoCarta,"Rat gastrocnemius protein, female 4 wk"
rat_train|SKM-GN|PROT|F_4w,AHCYL1,-1,0.210780232340998,1.04022603661187,0.694837770852321,1.0,-1.0,-1.04022603661187,random MitoCarta,"Rat gastrocnemius protein, female 4 wk"
rat_train|SKM-GN|PROT|F_4w,MMAA,-1,0.231121149703531,3.32067382943359,0.0726274571895732,1.0,-1.0,-3.32067382943359,random MitoCarta,"Rat gastrocnemius protein, female 4 wk"
rat_train|SKM-GN|PROT|F_8w,LARS2,-1,-0.0216507532070399,-0.196835171871884,0.9434876710907828,1.0,1.0,0.196835171871884,random MitoCarta,"Rat gastrocnemius protein, female 8 wk"
rat_train|SKM-GN|PROT|F_8w,STX17,-1,0.218384735246774,1.43960238675309,0.4424191619703315,1.0,-1.0,-1.43960238675309,random MitoCarta,"Rat gastrocnemius protein, female 8 wk"
rat_train|SKM-GN|PROT|F_8w,FUNDC1,-1,-0.0172080039666604,-0.192741175103549,0.9434876710907828,1.0,1.0,0.192741175103549,random MitoCarta,"Rat gastrocnemius protein, female 8 wk"
rat_train|SKM-GN|PROT|F_8w,MTRES1,-1,0.446768614587979,3.00873058423249,0.0577954626442073,1.0,-1.0,-3.00873058423249,random MitoCarta,"Rat gastrocnemius protein, female 8 wk"
rat_train|SKM-GN|PROT|F_8w,COX6A1,-1,0.250418094933762,0.761637641043074,0.7456967216897892,1.0,-1.0,-0.761637641043074,random MitoCarta,"Rat gastrocnemius protein, female 8 wk"
rat_train|SKM-GN|PROT|F_8w,MRPL35,-1,0.193071377222695,1.15961814450698,0.56419542312035,1.0,-1.0,-1.15961814450698,random MitoCarta,"Rat gastrocnemius protein, female 8 wk"
rat_train|SKM-GN|PROT|F_8w,TIMM8A,-1,0.712520730840549,7.5887495481665,1.255537893271318e-05,1.0,-1.0,-4.0,random MitoCarta,"Rat gastrocnemius protein, female 8 wk"
rat_train|SKM-GN|PROT|F_8w,AHCYL1,-1,0.319803000182813,1.57826663194188,0.3953718790467284,1.0,-1.0,-1.57826663194188,random MitoCarta,"Rat gastrocnemius protein, female 8 wk"
rat_train|SKM-GN|PROT|F_8w,MMAA,-1,0.205267775730812,2.94922092491191,0.0641699998300967,1.0,-1.0,-2.94922092491191,random MitoCarta,"Rat gastrocnemius protein, female 8 wk"
rat_train|SKM-GN|PROT|M_1w,LARS2,-1,-0.279501844661261,-2.23814034749194,0.336132704824634,1.0,1.0,2.23814034749194,random MitoCarta,"Rat gastrocnemius protein, male 1 wk"
rat_train|SKM-GN|PROT|M_1w,STX17,-1,-0.209862917484899,-1.31793638013496,0.6038808719225598,1.0,1.0,1.31793638013496,random MitoCarta,"Rat gastrocnemius protein, male 1 wk"
rat_train|SKM-GN|PROT|M_1w,FUNDC1,-1,-0.134096848116477,-1.20120890220896,0.637792817968409,1.0,1.0,1.20120890220896,random MitoCarta,"Rat gastrocnemius protein, male 1 wk"
rat_train|SKM-GN|PROT|M_1w,MTRES1,-1,0.298397503394476,1.54071733998237,0.5292612505046851,1.0,-1.0,-1.54071733998237,random MitoCarta,"Rat gastrocnemius protein, male 1 wk"
rat_train|SKM-GN|PROT|M_1w,COX6A1,-1,-0.105053144256748,-0.43536882237627,0.901999698126594,1.0,1.0,0.43536882237627,random MitoCarta,"Rat gastrocnemius protein, male 1 wk"
rat_train|SKM-GN|PROT|M_1w,MRPL35,-1,-0.18312613345573,-1.22541406003395,0.6304825913850709,1.0,1.0,1.22541406003395,random MitoCarta,"Rat gastrocnemius protein, male 1 wk"
rat_train|SKM-GN|PROT|M_1w,TIMM8A,-1,0.244367077530332,3.89094703573901,0.0765100594512677,1.0,-1.0,-3.89094703573901,random MitoCarta,"Rat gastrocnemius protein, male 1 wk"
rat_train|SKM-GN|PROT|M_1w,AHCYL1,-1,-0.0076405670788083,-0.0441694671525434,0.993930179318202,1.0,1.0,0.0441694671525434,random MitoCarta,"Rat gastrocnemius protein, male 1 wk"
rat_train|SKM-GN|PROT|M_1w,MMAA,-1,0.058679553848161,0.662332853803661,0.825858428064156,1.0,-1.0,-0.662332853803661,random MitoCarta,"Rat gastrocnemius protein, male 1 wk"
rat_train|SKM-GN|PROT|M_2w,LARS2,-1,-0.114017317616819,-0.913005633935177,0.7934268967692126,1.0,1.0,0.913005633935177,random MitoCarta,"Rat gastrocnemius protein, male 2 wk"
rat_train|SKM-GN|PROT|M_2w,STX17,-1,-0.303365684062232,-1.90513253271109,0.4920889098424659,1.0,1.0,1.90513253271109,random MitoCarta,"Rat gastrocnemius protein, male 2 wk"
rat_train|SKM-GN|PROT|M_2w,FUNDC1,-1,-0.0337461663926851,-0.30229044198793,0.9540420241334762,1.0,1.0,0.30229044198793,random MitoCarta,"Rat gastrocnemius protein, male 2 wk"
rat_train|SKM-GN|PROT|M_2w,MTRES1,-1,0.238159942940231,1.22969243912253,0.7068950795626657,1.0,-1.0,-1.22969243912253,random MitoCarta,"Rat gastrocnemius protein, male 2 wk"
rat_train|SKM-GN|PROT|M_2w,COX6A1,-1,0.315905113483359,1.30919677095774,0.7068950795626657,1.0,-1.0,-1.30919677095774,random MitoCarta,"Rat gastrocnemius protein, male 2 wk"
rat_train|SKM-GN|PROT|M_2w,MRPL35,-1,-0.0304934307351131,-0.204051044252034,0.9688499732942129,1.0,1.0,0.204051044252034,random MitoCarta,"Rat gastrocnemius protein, male 2 wk"
rat_train|SKM-GN|PROT|M_2w,TIMM8A,-1,0.208141204348756,3.31413875494507,0.1384013237373849,1.0,-1.0,-3.31413875494507,random MitoCarta,"Rat gastrocnemius protein, male 2 wk"
rat_train|SKM-GN|PROT|M_2w,AHCYL1,-1,-0.125170486594515,-0.723599915958931,0.8535419323482174,1.0,1.0,0.723599915958931,random MitoCarta,"Rat gastrocnemius protein, male 2 wk"
rat_train|SKM-GN|PROT|M_2w,MMAA,-1,0.0559147040197224,0.631125205532394,0.8789643764479941,1.0,-1.0,-0.631125205532394,random MitoCarta,"Rat gastrocnemius protein, male 2 wk"
rat_train|SKM-GN|PROT|M_4w,LARS2,-1,-0.210132855575775,-1.68266088893911,0.4515281520117953,1.0,1.0,1.68266088893911,random MitoCarta,"Rat gastrocnemius protein, male 4 wk"
rat_train|SKM-GN|PROT|M_4w,STX17,-1,-0.255448201344764,-1.60421136724418,0.4781658295896997,1.0,1.0,1.60421136724418,random MitoCarta,"Rat gastrocnemius protein, male 4 wk"
rat_train|SKM-GN|PROT|M_4w,FUNDC1,-1,-0.107350210101882,-0.961618634886756,0.7173246574938121,1.0,1.0,0.961618634886756,random MitoCarta,"Rat gastrocnemius protein, male 4 wk"
rat_train|SKM-GN|PROT|M_4w,MTRES1,-1,0.200377577812361,1.03461056197592,0.6899088248694987,1.0,-1.0,-1.03461056197592,random MitoCarta,"Rat gastrocnemius protein, male 4 wk"
rat_train|SKM-GN|PROT|M_4w,COX6A1,-1,0.150129327864205,0.622176795742897,0.8351322095388037,1.0,-1.0,-0.622176795742897,random MitoCarta,"Rat gastrocnemius protein, male 4 wk"
rat_train|SKM-GN|PROT|M_4w,MRPL35,-1,0.149206839196274,0.998438372251984,0.7028501408639192,1.0,-1.0,-0.998438372251984,random MitoCarta,"Rat gastrocnemius protein, male 4 wk"
rat_train|SKM-GN|PROT|M_4w,TIMM8A,-1,0.466783455435625,7.43238295688099,8.694646131333352e-05,1.0,-1.0,-4.0,random MitoCarta,"Rat gastrocnemius protein, male 4 wk"
rat_train|SKM-GN|PROT|M_4w,AHCYL1,-1,0.259232294249242,1.4985998012475,0.511477726105493,1.0,-1.0,-1.4985998012475,random MitoCarta,"Rat gastrocnemius protein, male 4 wk"
rat_train|SKM-GN|PROT|M_4w,MMAA,-1,0.0908927666949264,1.02593257118037,0.692950297280985,1.0,-1.0,-1.02593257118037,random MitoCarta,"Rat gastrocnemius protein, male 4 wk"
rat_train|SKM-GN|PROT|M_8w,LARS2,-1,-0.0641212146997363,-0.489562378729807,0.8514077881514394,1.0,1.0,0.489562378729807,random MitoCarta,"Rat gastrocnemius protein, male 8 wk"
rat_train|SKM-GN|PROT|M_8w,STX17,-1,-0.275083829923059,-1.64712841735465,0.3954015808294328,1.0,1.0,1.64712841735465,random MitoCarta,"Rat gastrocnemius protein, male 8 wk"
rat_train|SKM-GN|PROT|M_8w,FUNDC1,-1,0.19932350274321,1.68338022566106,0.386255325153287,1.0,-1.0,-1.68338022566106,random MitoCarta,"Rat gastrocnemius protein, male 8 wk"
rat_train|SKM-GN|PROT|M_8w,MTRES1,-1,-0.17027439070915,-0.838263926868594,0.7154131063286706,1.0,1.0,0.838263926868594,random MitoCarta,"Rat gastrocnemius protein, male 8 wk"
rat_train|SKM-GN|PROT|M_8w,COX6A1,-1,0.504924179841821,2.09254322773797,0.3189329836798558,1.0,-1.0,-2.09254322773797,random MitoCarta,"Rat gastrocnemius protein, male 8 wk"
rat_train|SKM-GN|PROT|M_8w,MRPL35,-1,0.150459829165091,1.00682292936514,0.640626525323492,1.0,-1.0,-1.00682292936514,random MitoCarta,"Rat gastrocnemius protein, male 8 wk"
rat_train|SKM-GN|PROT|M_8w,TIMM8A,-1,0.515504563837535,7.82616132658716,1.171196893376439e-05,1.0,-1.0,-4.0,random MitoCarta,"Rat gastrocnemius protein, male 8 wk"
rat_train|SKM-GN|PROT|M_8w,AHCYL1,-1,0.0357056897569619,0.196805690571676,0.9466824004687882,1.0,-1.0,-0.196805690571676,random MitoCarta,"Rat gastrocnemius protein, male 8 wk"
rat_train|SKM-GN|PROT|M_8w,MMAA,-1,0.157913666651944,1.69946752426737,0.3786036409789312,1.0,-1.0,-1.69946752426737,random MitoCarta,"Rat gastrocnemius protein, male 8 wk"
rat_train|SKM-VL|RNA|F_1w,LARS2,-1,0.0878053815901462,1.04911974020678,0.9990421786671966,1.0,-1.0,-1.04911974020678,random MitoCarta,"Rat vastus lateralis RNA, female 1 wk"
rat_train|SKM-VL|RNA|F_1w,STX17,-1,0.09501139856145,0.404029298014701,0.9990421786671966,1.0,-1.0,-0.404029298014701,random MitoCarta,"Rat vastus lateralis RNA, female 1 wk"
rat_train|SKM-VL|RNA|F_1w,FUNDC1,-1,-0.120105192215905,-0.653248623776695,0.9990421786671966,1.0,1.0,0.653248623776695,random MitoCarta,"Rat vastus lateralis RNA, female 1 wk"
rat_train|SKM-VL|RNA|F_1w,MTRES1,-1,0.0722571878969658,0.793621519161859,0.9990421786671966,1.0,-1.0,-0.793621519161859,random MitoCarta,"Rat vastus lateralis RNA, female 1 wk"
rat_train|SKM-VL|RNA|F_1w,COX6A1,-1,0.217441133037312,1.65750022737774,0.9180989949829476,1.0,-1.0,-1.65750022737774,random MitoCarta,"Rat vastus lateralis RNA, female 1 wk"
rat_train|SKM-VL|RNA|F_1w,MRPL35,-1,0.162091453635828,1.65522234910298,0.9180989949829476,1.0,-1.0,-1.65522234910298,random MitoCarta,"Rat vastus lateralis RNA, female 1 wk"
rat_train|SKM-VL|RNA|F_1w,TIMM8A,-1,0.263634237926089,1.13864950964488,0.9990421786671966,1.0,-1.0,-1.13864950964488,random MitoCarta,"Rat vastus lateralis RNA, female 1 wk"
rat_train|SKM-VL|RNA|F_1w,AHCYL1,-1,0.0583884539456091,0.686515383994877,0.9990421786671966,1.0,-1.0,-0.686515383994877,random MitoCarta,"Rat vastus lateralis RNA, female 1 wk"
rat_train|SKM-VL|RNA|F_1w,MMAA,-1,0.130485677764811,0.78372089884499,0.9990421786671966,1.0,-1.0,-0.78372089884499,random MitoCarta,"Rat vastus lateralis RNA, female 1 wk"
rat_train|SKM-VL|RNA|F_2w,LARS2,-1,-0.0710172958845154,-0.790729002322977,0.8802930319224784,1.0,1.0,0.790729002322977,random MitoCarta,"Rat vastus lateralis RNA, female 2 wk"
rat_train|SKM-VL|RNA|F_2w,STX17,-1,-0.0923707804439494,-0.365330686487113,0.9496641090367602,1.0,1.0,0.365330686487113,random MitoCarta,"Rat vastus lateralis RNA, female 2 wk"
rat_train|SKM-VL|RNA|F_2w,FUNDC1,-1,0.0364044472060123,0.18697267131468,0.9757532712014012,1.0,-1.0,-0.18697267131468,random MitoCarta,"Rat vastus lateralis RNA, female 2 wk"
rat_train|SKM-VL|RNA|F_2w,MTRES1,-1,0.0197287907452321,0.203323573025726,0.9735365292389018,1.0,-1.0,-0.203323573025726,random MitoCarta,"Rat vastus lateralis RNA, female 2 wk"
rat_train|SKM-VL|RNA|F_2w,COX6A1,-1,0.236451409196996,1.69425005887436,0.6169518112328787,1.0,-1.0,-1.69425005887436,random MitoCarta,"Rat vastus lateralis RNA, female 2 wk"
rat_train|SKM-VL|RNA|F_2w,MRPL35,-1,0.120892205961112,1.15907775774913,0.78998448362086,1.0,-1.0,-1.15907775774913,random MitoCarta,"Rat vastus lateralis RNA, female 2 wk"
rat_train|SKM-VL|RNA|F_2w,TIMM8A,-1,0.407301941532424,1.66099664585628,0.6343628992910425,1.0,-1.0,-1.66099664585628,random MitoCarta,"Rat vastus lateralis RNA, female 2 wk"
rat_train|SKM-VL|RNA|F_2w,AHCYL1,-1,0.0406672101519552,0.449141773900924,0.9401561789369538,1.0,-1.0,-0.449141773900924,random MitoCarta,"Rat vastus lateralis RNA, female 2 wk"
rat_train|SKM-VL|RNA|F_2w,MMAA,-1,0.113350124567521,0.640408638999017,0.9148850048538903,1.0,-1.0,-0.640408638999017,random MitoCarta,"Rat vastus lateralis RNA, female 2 wk"
rat_train|SKM-VL|RNA|F_4w,LARS2,-1,-0.0585323881546535,-0.667802786387092,0.9107535092621578,1.0,1.0,0.667802786387092,random MitoCarta,"Rat vastus lateralis RNA, female 4 wk"
rat_train|SKM-VL|RNA|F_4w,STX17,-1,-0.139263669874458,-0.566112981750245,0.9305054440278188,1.0,1.0,0.566112981750245,random MitoCarta,"Rat vastus lateralis RNA, female 4 wk"
rat_train|SKM-VL|RNA|F_4w,FUNDC1,-1,0.0442152559993267,0.230643865521612,0.9825867232285,1.0,-1.0,-0.230643865521612,random MitoCarta,"Rat vastus lateralis RNA, female 4 wk"
rat_train|SKM-VL|RNA|F_4w,MTRES1,-1,0.112156242436189,1.17931512509536,0.776907733594811,1.0,-1.0,-1.17931512509536,random MitoCarta,"Rat vastus lateralis RNA, female 4 wk"
rat_train|SKM-VL|RNA|F_4w,COX6A1,-1,0.466457258641792,3.39587451378843,0.0376280364184495,1.0,-1.0,-3.39587451378843,random MitoCarta,"Rat vastus lateralis RNA, female 4 wk"
rat_train|SKM-VL|RNA|F_4w,MRPL35,-1,0.255916013875607,2.50104620080528,0.2329309614524849,1.0,-1.0,-2.50104620080528,random MitoCarta,"Rat vastus lateralis RNA, female 4 wk"
rat_train|SKM-VL|RNA|F_4w,TIMM8A,-1,0.541375139670482,2.27367170918455,0.3179541258526421,1.0,-1.0,-2.27367170918455,random MitoCarta,"Rat vastus lateralis RNA, female 4 wk"
rat_train|SKM-VL|RNA|F_4w,AHCYL1,-1,0.129894001161421,1.459453332245,0.686618221836179,1.0,-1.0,-1.459453332245,random MitoCarta,"Rat vastus lateralis RNA, female 4 wk"
rat_train|SKM-VL|RNA|F_4w,MMAA,-1,0.377056897767257,2.17696966246793,0.3532629782723584,1.0,-1.0,-2.17696966246793,random MitoCarta,"Rat vastus lateralis RNA, female 4 wk"
rat_train|SKM-VL|RNA|F_8w,LARS2,-1,0.0608359514522422,0.932187290493005,0.8102834149810979,1.0,-1.0,-0.932187290493005,random MitoCarta,"Rat vastus lateralis RNA, female 8 wk"
rat_train|SKM-VL|RNA|F_8w,STX17,-1,0.340351142339879,1.84097103670689,0.4403737255316793,1.0,-1.0,-1.84097103670689,random MitoCarta,"Rat vastus lateralis RNA, female 8 wk"
rat_train|SKM-VL|RNA|F_8w,FUNDC1,-1,0.137350643101791,0.970744670651356,0.7978762315056959,1.0,-1.0,-0.970744670651356,random MitoCarta,"Rat vastus lateralis RNA, female 8 wk"
rat_train|SKM-VL|RNA|F_8w,MTRES1,-1,0.11973299995596,1.69473520230569,0.5026914228684949,1.0,-1.0,-1.69473520230569,random MitoCarta,"Rat vastus lateralis RNA, female 8 wk"
rat_train|SKM-VL|RNA|F_8w,COX6A1,-1,0.336694225134904,3.30409550261491,0.0328067496269029,1.0,-1.0,-3.30409550261491,random MitoCarta,"Rat vastus lateralis RNA, female 8 wk"
rat_train|SKM-VL|RNA|F_8w,MRPL35,-1,0.199734682904457,2.62822523342544,0.1514852384189474,1.0,-1.0,-2.62822523342544,random MitoCarta,"Rat vastus lateralis RNA, female 8 wk"
rat_train|SKM-VL|RNA|F_8w,TIMM8A,-1,0.543777626142038,3.03016248150699,0.0651842300155816,1.0,-1.0,-3.03016248150699,random MitoCarta,"Rat vastus lateralis RNA, female 8 wk"
rat_train|SKM-VL|RNA|F_8w,AHCYL1,-1,0.0711245921692388,1.07784052781338,0.7599324424986464,1.0,-1.0,-1.07784052781338,random MitoCarta,"Rat vastus lateralis RNA, female 8 wk"
rat_train|SKM-VL|RNA|F_8w,MMAA,-1,0.173024559073695,1.34022413641025,0.6568204733293534,1.0,-1.0,-1.34022413641025,random MitoCarta,"Rat vastus lateralis RNA, female 8 wk"
rat_train|SKM-VL|RNA|M_1w,LARS2,-1,0.0961713942761609,0.849452057813265,0.9604103586671496,1.0,-1.0,-0.849452057813265,random MitoCarta,"Rat vastus lateralis RNA, male 1 wk"
rat_train|SKM-VL|RNA|M_1w,STX17,-1,0.218449845978738,0.802457313336166,0.965834053325972,1.0,-1.0,-0.802457313336166,random MitoCarta,"Rat vastus lateralis RNA, male 1 wk"
rat_train|SKM-VL|RNA|M_1w,FUNDC1,-1,0.0097690592200996,0.0684566198623622,0.9979420204881544,1.0,-1.0,-0.0684566198623622,random MitoCarta,"Rat vastus lateralis RNA, male 1 wk"
rat_train|SKM-VL|RNA|M_1w,MTRES1,-1,0.245583312778464,2.21241129814198,0.7182147907151667,1.0,-1.0,-2.21241129814198,random MitoCarta,"Rat vastus lateralis RNA, male 1 wk"
rat_train|SKM-VL|RNA|M_1w,COX6A1,-1,0.118843669503769,0.794937391779309,0.965834053325972,1.0,-1.0,-0.794937391779309,random MitoCarta,"Rat vastus lateralis RNA, male 1 wk"
rat_train|SKM-VL|RNA|M_1w,MRPL35,-1,0.046208187094187,0.458685986675477,0.9860814318987052,1.0,-1.0,-0.458685986675477,random MitoCarta,"Rat vastus lateralis RNA, male 1 wk"
rat_train|SKM-VL|RNA|M_1w,TIMM8A,-1,0.470472981982958,1.4038076648473,0.9015958450312516,1.0,-1.0,-1.4038076648473,random MitoCarta,"Rat vastus lateralis RNA, male 1 wk"
rat_train|SKM-VL|RNA|M_1w,AHCYL1,-1,0.0139911235245414,0.135085245159366,0.995683298228862,1.0,-1.0,-0.135085245159366,random MitoCarta,"Rat vastus lateralis RNA, male 1 wk"
rat_train|SKM-VL|RNA|M_1w,MMAA,-1,0.0697672272412699,0.362789404315309,0.9901310432245968,1.0,-1.0,-0.362789404315309,random MitoCarta,"Rat vastus lateralis RNA, male 1 wk"
rat_train|SKM-VL|RNA|M_2w,LARS2,-1,0.103877054526953,0.816496630971716,0.9569820819677058,1.0,-1.0,-0.816496630971716,random MitoCarta,"Rat vastus lateralis RNA, male 2 wk"
rat_train|SKM-VL|RNA|M_2w,STX17,-1,0.292378911488861,0.958351072998966,0.9402522827685847,1.0,-1.0,-0.958351072998966,random MitoCarta,"Rat vastus lateralis RNA, male 2 wk"
rat_train|SKM-VL|RNA|M_2w,FUNDC1,-1,0.0718001326108712,0.44866321950079,0.9873619576027725,1.0,-1.0,-0.44866321950079,random MitoCarta,"Rat vastus lateralis RNA, male 2 wk"
rat_train|SKM-VL|RNA|M_2w,MTRES1,-1,0.270688465216806,2.17066161798175,0.687185460004499,1.0,-1.0,-2.17066161798175,random MitoCarta,"Rat vastus lateralis RNA, male 2 wk"
rat_train|SKM-VL|RNA|M_2w,COX6A1,-1,0.173370079012734,1.03392301076197,0.9306848787580864,1.0,-1.0,-1.03392301076197,random MitoCarta,"Rat vastus lateralis RNA, male 2 wk"
rat_train|SKM-VL|RNA|M_2w,MRPL35,-1,0.0619793926792101,0.547506011629153,0.9823761381909588,1.0,-1.0,-0.547506011629153,random MitoCarta,"Rat vastus lateralis RNA, male 2 wk"
rat_train|SKM-VL|RNA|M_2w,TIMM8A,-1,0.216136179727111,0.571232350606477,0.9781850322449764,1.0,-1.0,-0.571232350606477,random MitoCarta,"Rat vastus lateralis RNA, male 2 wk"
rat_train|SKM-VL|RNA|M_2w,AHCYL1,-1,0.0216028128748662,0.185855262689437,0.9937163182239545,1.0,-1.0,-0.185855262689437,random MitoCarta,"Rat vastus lateralis RNA, male 2 wk"
rat_train|SKM-VL|RNA|M_2w,MMAA,-1,-0.0283968585631313,-0.130991291873626,0.9968287647086792,1.0,1.0,0.130991291873626,random MitoCarta,"Rat vastus lateralis RNA, male 2 wk"
rat_train|SKM-VL|RNA|M_4w,LARS2,-1,0.075829778817813,0.582952623451539,1.0,1.0,-1.0,-0.582952623451539,random MitoCarta,"Rat vastus lateralis RNA, male 4 wk"
rat_train|SKM-VL|RNA|M_4w,STX17,-1,0.140212051260499,0.452832139261972,1.0,1.0,-1.0,-0.452832139261972,random MitoCarta,"Rat vastus lateralis RNA, male 4 wk"
rat_train|SKM-VL|RNA|M_4w,FUNDC1,-1,0.0155672508254713,0.0948750868428467,1.0,1.0,-1.0,-0.0948750868428467,random MitoCarta,"Rat vastus lateralis RNA, male 4 wk"
rat_train|SKM-VL|RNA|M_4w,MTRES1,-1,0.248226069208934,1.948476259133,0.7667331396727606,1.0,-1.0,-1.948476259133,random MitoCarta,"Rat vastus lateralis RNA, male 4 wk"
rat_train|SKM-VL|RNA|M_4w,COX6A1,-1,0.168888892229308,0.984268822881945,0.9687454405166428,1.0,-1.0,-0.984268822881945,random MitoCarta,"Rat vastus lateralis RNA, male 4 wk"
rat_train|SKM-VL|RNA|M_4w,MRPL35,-1,0.0906107450494405,0.782291990118472,0.995171609019254,1.0,-1.0,-0.782291990118472,random MitoCarta,"Rat vastus lateralis RNA, male 4 wk"
rat_train|SKM-VL|RNA|M_4w,TIMM8A,-1,0.437633117179887,1.13011200992379,0.9526705016625538,1.0,-1.0,-1.13011200992379,random MitoCarta,"Rat vastus lateralis RNA, male 4 wk"
rat_train|SKM-VL|RNA|M_4w,AHCYL1,-1,0.0298723356329604,0.251356253436298,1.0,1.0,-1.0,-0.251356253436298,random MitoCarta,"Rat vastus lateralis RNA, male 4 wk"
rat_train|SKM-VL|RNA|M_4w,MMAA,-1,-0.0142120026416487,-0.0639921085947003,1.0,1.0,1.0,0.0639921085947003,random MitoCarta,"Rat vastus lateralis RNA, male 4 wk"
rat_train|SKM-VL|RNA|M_8w,LARS2,-1,-0.0432795323271568,-0.455747805078081,0.9255545248839924,1.0,1.0,0.455747805078081,random MitoCarta,"Rat vastus lateralis RNA, male 8 wk"
rat_train|SKM-VL|RNA|M_8w,STX17,-1,0.252638618328088,1.14238178760692,0.7455828389435522,1.0,-1.0,-1.14238178760692,random MitoCarta,"Rat vastus lateralis RNA, male 8 wk"
rat_train|SKM-VL|RNA|M_8w,FUNDC1,-1,0.0862909986823412,0.724162124642111,0.8618822635295542,1.0,-1.0,-0.724162124642111,random MitoCarta,"Rat vastus lateralis RNA, male 8 wk"
rat_train|SKM-VL|RNA|M_8w,MTRES1,-1,0.101666356204075,1.09694120883808,0.7561464984061832,1.0,-1.0,-1.09694120883808,random MitoCarta,"Rat vastus lateralis RNA, male 8 wk"
rat_train|SKM-VL|RNA|M_8w,COX6A1,-1,0.225467402980176,1.80922486462973,0.5291622297628102,1.0,-1.0,-1.80922486462973,random MitoCarta,"Rat vastus lateralis RNA, male 8 wk"
rat_train|SKM-VL|RNA|M_8w,MRPL35,-1,0.0059827621739311,0.0708105258353567,0.990717707725884,1.0,-1.0,-0.0708105258353567,random MitoCarta,"Rat vastus lateralis RNA, male 8 wk"
rat_train|SKM-VL|RNA|M_8w,TIMM8A,-1,0.424437494716372,1.49117863971009,0.6293427126491651,1.0,-1.0,-1.49117863971009,random MitoCarta,"Rat vastus lateralis RNA, male 8 wk"
rat_train|SKM-VL|RNA|M_8w,AHCYL1,-1,0.0670190126706334,0.776203224015214,0.8467696909977727,1.0,-1.0,-0.776203224015214,random MitoCarta,"Rat vastus lateralis RNA, male 8 wk"
rat_train|SKM-VL|RNA|M_8w,MMAA,-1,0.192486448502293,1.18812443495537,0.7332114568612785,1.0,-1.0,-1.18812443495537,random MitoCarta,"Rat vastus lateralis RNA, male 8 wk"
rat_train|HEART|RNA|F_1w,LARS2,-1,0.0060685816711543,0.111715360539842,0.9998454844552934,1.0,-1.0,-0.111715360539842,random MitoCarta,"Rat heart RNA, female 1 wk"
rat_train|HEART|RNA|F_1w,STX17,-1,0.0173207723705154,0.137450360204606,0.9998454844552934,1.0,-1.0,-0.137450360204606,random MitoCarta,"Rat heart RNA, female 1 wk"
rat_train|HEART|RNA|F_1w,FUNDC1,-1,0.0297169272387328,0.415479410725114,0.9998454844552934,1.0,-1.0,-0.415479410725114,random MitoCarta,"Rat heart RNA, female 1 wk"
rat_train|HEART|RNA|F_1w,MTRES1,-1,0.0751627375520617,1.11174387947924,0.9998454844552934,1.0,-1.0,-1.11174387947924,random MitoCarta,"Rat heart RNA, female 1 wk"
rat_train|HEART|RNA|F_1w,COX6A1,-1,0.0308530600889584,0.78543669986441,0.9998454844552934,1.0,-1.0,-0.78543669986441,random MitoCarta,"Rat heart RNA, female 1 wk"
rat_train|HEART|RNA|F_1w,MRPL35,-1,0.0103612242027342,0.198461497029396,0.9998454844552934,1.0,-1.0,-0.198461497029396,random MitoCarta,"Rat heart RNA, female 1 wk"
rat_train|HEART|RNA|F_1w,TIMM8A,-1,-0.109858408733973,-0.778255196005901,0.9998454844552934,1.0,1.0,0.778255196005901,random MitoCarta,"Rat heart RNA, female 1 wk"
rat_train|HEART|RNA|F_1w,AHCYL1,-1,0.0894146307193117,2.06923955037051,0.9177487753068934,1.0,-1.0,-2.06923955037051,random MitoCarta,"Rat heart RNA, female 1 wk"
rat_train|HEART|RNA|F_1w,MMAA,-1,0.0849843144474981,0.881444725333757,0.9998454844552934,1.0,-1.0,-0.881444725333757,random MitoCarta,"Rat heart RNA, female 1 wk"
rat_train|HEART|RNA|F_2w,LARS2,-1,-0.0229876266591881,-0.407353072256669,1.0,1.0,1.0,0.407353072256669,random MitoCarta,"Rat heart RNA, female 2 wk"
rat_train|HEART|RNA|F_2w,STX17,-1,-0.0694603229445711,-0.524379484497428,1.0,1.0,1.0,0.524379484497428,random MitoCarta,"Rat heart RNA, female 2 wk"
rat_train|HEART|RNA|F_2w,FUNDC1,-1,-0.0083362819214217,-0.112145112466296,1.0,1.0,1.0,0.112145112466296,random MitoCarta,"Rat heart RNA, female 2 wk"
rat_train|HEART|RNA|F_2w,MTRES1,-1,0.0166067685274541,0.236001194525354,1.0,1.0,-1.0,-0.236001194525354,random MitoCarta,"Rat heart RNA, female 2 wk"
rat_train|HEART|RNA|F_2w,COX6A1,-1,-0.0087707426821243,-0.216348580646081,1.0,1.0,1.0,0.216348580646081,random MitoCarta,"Rat heart RNA, female 2 wk"
rat_train|HEART|RNA|F_2w,MRPL35,-1,0.0234911587660926,0.434193605470027,1.0,1.0,-1.0,-0.434193605470027,random MitoCarta,"Rat heart RNA, female 2 wk"
rat_train|HEART|RNA|F_2w,TIMM8A,-1,-0.0256889933872061,-0.176320533416833,1.0,1.0,1.0,0.176320533416833,random MitoCarta,"Rat heart RNA, female 2 wk"
rat_train|HEART|RNA|F_2w,AHCYL1,-1,0.0728417506555192,1.62775691365366,0.8892026689773587,1.0,-1.0,-1.62775691365366,random MitoCarta,"Rat heart RNA, female 2 wk"
rat_train|HEART|RNA|F_2w,MMAA,-1,0.182259285462818,1.83042197637192,0.8339577672238743,1.0,-1.0,-1.83042197637192,random MitoCarta,"Rat heart RNA, female 2 wk"
rat_train|HEART|RNA|F_4w,LARS2,-1,-0.0009726473449514,-0.017672424806408,1.0,1.0,1.0,0.017672424806408,random MitoCarta,"Rat heart RNA, female 4 wk"
rat_train|HEART|RNA|F_4w,STX17,-1,0.116376303308454,0.919598875405771,0.9439062202483004,1.0,-1.0,-0.919598875405771,random MitoCarta,"Rat heart RNA, female 4 wk"
rat_train|HEART|RNA|F_4w,FUNDC1,-1,-0.0656023376048458,-0.90126601793051,0.9454647031765524,1.0,1.0,0.90126601793051,random MitoCarta,"Rat heart RNA, female 4 wk"
rat_train|HEART|RNA|F_4w,MTRES1,-1,0.0895890281599741,1.31075940594656,0.8763072934737965,1.0,-1.0,-1.31075940594656,random MitoCarta,"Rat heart RNA, female 4 wk"
rat_train|HEART|RNA|F_4w,COX6A1,-1,0.0491626011120102,1.23794134211249,0.8936913788902578,1.0,-1.0,-1.23794134211249,random MitoCarta,"Rat heart RNA, female 4 wk"
rat_train|HEART|RNA|F_4w,MRPL35,-1,-0.0015978638346215,-0.0302510704873907,1.0,1.0,1.0,0.0302510704873907,random MitoCarta,"Rat heart RNA, female 4 wk"
rat_train|HEART|RNA|F_4w,TIMM8A,-1,-0.036733078109036,-0.258564104749085,0.994939916212477,1.0,1.0,0.258564104749085,random MitoCarta,"Rat heart RNA, female 4 wk"
rat_train|HEART|RNA|F_4w,AHCYL1,-1,0.0597484455696908,1.36537036462587,0.8681380995352691,1.0,-1.0,-1.36537036462587,random MitoCarta,"Rat heart RNA, female 4 wk"
rat_train|HEART|RNA|F_4w,MMAA,-1,0.123085115765407,1.26687377137755,0.8876654656583898,1.0,-1.0,-1.26687377137755,random MitoCarta,"Rat heart RNA, female 4 wk"
rat_train|HEART|RNA|F_8w,LARS2,-1,0.012948171124178,0.234847334290768,0.9730417095393346,1.0,-1.0,-0.234847334290768,random MitoCarta,"Rat heart RNA, female 8 wk"
rat_train|HEART|RNA|F_8w,STX17,-1,0.125835131663695,0.986980527307083,0.8066925972708907,1.0,-1.0,-0.986980527307083,random MitoCarta,"Rat heart RNA, female 8 wk"
rat_train|HEART|RNA|F_8w,FUNDC1,-1,0.0573352059424476,0.791133864630992,0.8652396473934032,1.0,-1.0,-0.791133864630992,random MitoCarta,"Rat heart RNA, female 8 wk"
rat_train|HEART|RNA|F_8w,MTRES1,-1,0.0980475222209065,1.43149382087482,0.6377026073606054,1.0,-1.0,-1.43149382087482,random MitoCarta,"Rat heart RNA, female 8 wk"
rat_train|HEART|RNA|F_8w,COX6A1,-1,-0.0413335357812944,-1.04132214151252,0.7848446421579492,1.0,1.0,1.04132214151252,random MitoCarta,"Rat heart RNA, female 8 wk"
rat_train|HEART|RNA|F_8w,MRPL35,-1,0.0880881555220738,1.66952789499738,0.5504980134275461,1.0,-1.0,-1.66952789499738,random MitoCarta,"Rat heart RNA, female 8 wk"
rat_train|HEART|RNA|F_8w,TIMM8A,-1,-0.0220498278047654,-0.154741505173937,0.983240172422488,1.0,1.0,0.154741505173937,random MitoCarta,"Rat heart RNA, female 8 wk"
rat_train|HEART|RNA|F_8w,AHCYL1,-1,0.0368683688715556,0.840187471337703,0.8507107499844707,1.0,-1.0,-0.840187471337703,random MitoCarta,"Rat heart RNA, female 8 wk"
rat_train|HEART|RNA|F_8w,MMAA,-1,0.0745792265068867,0.76038646659496,0.8709434409691056,1.0,-1.0,-0.76038646659496,random MitoCarta,"Rat heart RNA, female 8 wk"
rat_train|HEART|RNA|M_1w,LARS2,-1,0.055775266253219,0.878197436765873,0.980572227924856,1.0,-1.0,-0.878197436765873,random MitoCarta,"Rat heart RNA, male 1 wk"
rat_train|HEART|RNA|M_1w,STX17,-1,-0.258708986516826,-1.43168194349163,0.9377564609863752,1.0,1.0,1.43168194349163,random MitoCarta,"Rat heart RNA, male 1 wk"
rat_train|HEART|RNA|M_1w,FUNDC1,-1,0.094518302066047,1.06104289877784,0.9705610829378104,1.0,-1.0,-1.06104289877784,random MitoCarta,"Rat heart RNA, male 1 wk"
rat_train|HEART|RNA|M_1w,MTRES1,-1,0.174109281168554,2.20909736649659,0.6382562895890498,1.0,-1.0,-2.20909736649659,random MitoCarta,"Rat heart RNA, male 1 wk"
rat_train|HEART|RNA|M_1w,COX6A1,-1,0.0046013060973519,0.112333012684771,0.9956729044771214,1.0,-1.0,-0.112333012684771,random MitoCarta,"Rat heart RNA, male 1 wk"
rat_train|HEART|RNA|M_1w,MRPL35,-1,0.0163981123513651,0.2720221282663,0.9941774730396212,1.0,-1.0,-0.2720221282663,random MitoCarta,"Rat heart RNA, male 1 wk"
rat_train|HEART|RNA|M_1w,TIMM8A,-1,0.146929122665257,1.06064080833247,0.9705610829378104,1.0,-1.0,-1.06064080833247,random MitoCarta,"Rat heart RNA, male 1 wk"
rat_train|HEART|RNA|M_1w,AHCYL1,-1,-0.01980158710386,-0.419857432731902,0.9923953428772244,1.0,1.0,0.419857432731902,random MitoCarta,"Rat heart RNA, male 1 wk"
rat_train|HEART|RNA|M_1w,MMAA,-1,0.19869331627991,1.91370100050979,0.788149942243867,1.0,-1.0,-1.91370100050979,random MitoCarta,"Rat heart RNA, male 1 wk"
rat_train|HEART|RNA|M_2w,LARS2,-1,0.0101005816828586,0.177501935819679,0.9889560881168218,1.0,-1.0,-0.177501935819679,random MitoCarta,"Rat heart RNA, male 2 wk"
rat_train|HEART|RNA|M_2w,STX17,-1,-0.190053142230676,-1.17703159903229,0.8385334281517792,1.0,1.0,1.17703159903229,random MitoCarta,"Rat heart RNA, male 2 wk"
rat_train|HEART|RNA|M_2w,FUNDC1,-1,0.102340457779849,1.28297663426684,0.8015136343090291,1.0,-1.0,-1.28297663426684,random MitoCarta,"Rat heart RNA, male 2 wk"
rat_train|HEART|RNA|M_2w,MTRES1,-1,0.0971742592657768,1.37268332092355,0.7744508287668281,1.0,-1.0,-1.37268332092355,random MitoCarta,"Rat heart RNA, male 2 wk"
rat_train|HEART|RNA|M_2w,COX6A1,-1,0.0114596348816542,0.312592398912144,0.9798544624609852,1.0,-1.0,-0.312592398912144,random MitoCarta,"Rat heart RNA, male 2 wk"
rat_train|HEART|RNA|M_2w,MRPL35,-1,-0.0141783824214835,-0.262520207261789,0.983334761445142,1.0,1.0,0.262520207261789,random MitoCarta,"Rat heart RNA, male 2 wk"
rat_train|HEART|RNA|M_2w,TIMM8A,-1,-0.0697006311537139,-0.557579190002774,0.944876697111986,1.0,1.0,0.557579190002774,random MitoCarta,"Rat heart RNA, male 2 wk"
rat_train|HEART|RNA|M_2w,AHCYL1,-1,0.0239832898205497,0.568705567401483,0.9433745325630044,1.0,-1.0,-0.568705567401483,random MitoCarta,"Rat heart RNA, male 2 wk"
rat_train|HEART|RNA|M_2w,MMAA,-1,0.0855814775776722,0.91259406603008,0.8929152922396557,1.0,-1.0,-0.91259406603008,random MitoCarta,"Rat heart RNA, male 2 wk"
rat_train|HEART|RNA|M_4w,LARS2,-1,-0.0108624719219203,-0.186740333201725,0.9965324722031856,1.0,1.0,0.186740333201725,random MitoCarta,"Rat heart RNA, male 4 wk"
rat_train|HEART|RNA|M_4w,STX17,-1,0.0225900116558715,0.137549843183513,0.9965324722031856,1.0,-1.0,-0.137549843183513,random MitoCarta,"Rat heart RNA, male 4 wk"
rat_train|HEART|RNA|M_4w,FUNDC1,-1,0.0187769409385426,0.229792087904795,0.9965324722031856,1.0,-1.0,-0.229792087904795,random MitoCarta,"Rat heart RNA, male 4 wk"
rat_train|HEART|RNA|M_4w,MTRES1,-1,0.0452377773560548,0.623383403693939,0.9895654843075598,1.0,-1.0,-0.623383403693939,random MitoCarta,"Rat heart RNA, male 4 wk"
rat_train|HEART|RNA|M_4w,COX6A1,-1,-0.0150254964667744,-0.400713224502552,0.9965324722031856,1.0,1.0,0.400713224502552,random MitoCarta,"Rat heart RNA, male 4 wk"
rat_train|HEART|RNA|M_4w,MRPL35,-1,-0.0830504411370304,-1.49858569646239,0.8662927036029944,1.0,1.0,1.49858569646239,random MitoCarta,"Rat heart RNA, male 4 wk"
rat_train|HEART|RNA|M_4w,TIMM8A,-1,-0.0190127348527711,-0.148614354596102,0.9965324722031856,1.0,1.0,0.148614354596102,random MitoCarta,"Rat heart RNA, male 4 wk"
rat_train|HEART|RNA|M_4w,AHCYL1,-1,-0.0134208953239604,-0.309973856915842,0.9965324722031856,1.0,1.0,0.309973856915842,random MitoCarta,"Rat heart RNA, male 4 wk"
rat_train|HEART|RNA|M_4w,MMAA,-1,0.123740237629633,1.29289485357408,0.9109889373780596,1.0,-1.0,-1.29289485357408,random MitoCarta,"Rat heart RNA, male 4 wk"
rat_train|HEART|RNA|M_8w,LARS2,-1,-0.0461717059992417,-0.795565277261216,0.8728681015623456,1.0,1.0,0.795565277261216,random MitoCarta,"Rat heart RNA, male 8 wk"
rat_train|HEART|RNA|M_8w,STX17,-1,-0.189380192792226,-1.14177750068508,0.779031246321705,1.0,1.0,1.14177750068508,random MitoCarta,"Rat heart RNA, male 8 wk"
rat_train|HEART|RNA|M_8w,FUNDC1,-1,0.0983403914173965,1.21122909537272,0.7516547723421682,1.0,-1.0,-1.21122909537272,random MitoCarta,"Rat heart RNA, male 8 wk"
rat_train|HEART|RNA|M_8w,MTRES1,-1,-0.0308845956427542,-0.427269329363571,0.944530527119676,1.0,1.0,0.427269329363571,random MitoCarta,"Rat heart RNA, male 8 wk"
rat_train|HEART|RNA|M_8w,COX6A1,-1,0.015581857751472,0.417699865731798,0.9476566994150352,1.0,-1.0,-0.417699865731798,random MitoCarta,"Rat heart RNA, male 8 wk"
rat_train|HEART|RNA|M_8w,MRPL35,-1,-0.0450178067664686,-0.815575400102851,0.8649178515514302,1.0,1.0,0.815575400102851,random MitoCarta,"Rat heart RNA, male 8 wk"
rat_train|HEART|RNA|M_8w,TIMM8A,-1,-0.150380725256724,-1.17230629410643,0.7678050406068089,1.0,1.0,1.17230629410643,random MitoCarta,"Rat heart RNA, male 8 wk"
rat_train|HEART|RNA|M_8w,AHCYL1,-1,-0.0794296605288345,-1.8377612479535,0.4967273539901469,1.0,1.0,1.8377612479535,random MitoCarta,"Rat heart RNA, male 8 wk"
rat_train|HEART|RNA|M_8w,MMAA,-1,-0.0080075942744974,-0.0837595662802824,0.9908701810121004,1.0,1.0,0.0837595662802824,random MitoCarta,"Rat heart RNA, male 8 wk"
rat_train|HEART|PROT|F_1w,LARS2,-1,0.0249996468240065,0.727431285673442,0.9389894248718136,1.0,-1.0,-0.727431285673442,random MitoCarta,"Rat heart protein, female 1 wk"
rat_train|HEART|PROT|F_1w,STX17,-1,-0.0249232894342343,-0.58557639992598,0.9477395897544691,1.0,1.0,0.58557639992598,random MitoCarta,"Rat heart protein, female 1 wk"
rat_train|HEART|PROT|F_1w,FUNDC1,-1,0.0380838242379666,0.745473411903972,0.9325766526686372,1.0,-1.0,-0.745473411903972,random MitoCarta,"Rat heart protein, female 1 wk"
rat_train|HEART|PROT|F_1w,MTRES1,-1,0.0586682847233606,1.34531709874841,0.8556085972630328,1.0,-1.0,-1.34531709874841,random MitoCarta,"Rat heart protein, female 1 wk"
rat_train|HEART|PROT|F_1w,COX6A1,-1,0.0333258870088353,0.84691720700017,0.9190354619420522,1.0,-1.0,-0.84691720700017,random MitoCarta,"Rat heart protein, female 1 wk"
rat_train|HEART|PROT|F_1w,MRPL35,-1,0.0467150723915163,0.610286529044348,0.9473707305273013,1.0,-1.0,-0.610286529044348,random MitoCarta,"Rat heart protein, female 1 wk"
rat_train|HEART|PROT|F_1w,TIMM8A,-1,0.101046074476042,3.02738813732219,0.6516822021106315,1.0,-1.0,-3.02738813732219,random MitoCarta,"Rat heart protein, female 1 wk"
rat_train|HEART|PROT|F_1w,AHCYL1,-1,0.0046249624214811,0.207393245101202,0.9841021374241596,1.0,-1.0,-0.207393245101202,random MitoCarta,"Rat heart protein, female 1 wk"
rat_train|HEART|PROT|F_1w,MMAA,-1,0.0667175790018287,1.9189240808127,0.8082487233104398,1.0,-1.0,-1.9189240808127,random MitoCarta,"Rat heart protein, female 1 wk"
rat_train|HEART|PROT|F_2w,LARS2,-1,0.0638712690571567,1.85850462988244,0.4128145639103459,1.0,-1.0,-1.85850462988244,random MitoCarta,"Rat heart protein, female 2 wk"
rat_train|HEART|PROT|F_2w,STX17,-1,0.0249084303091122,0.585227282566572,0.8196481316536008,1.0,-1.0,-0.585227282566572,random MitoCarta,"Rat heart protein, female 2 wk"
rat_train|HEART|PROT|F_2w,FUNDC1,-1,0.1537258463201,3.00911301443895,0.2206655558966114,1.0,-1.0,-3.00911301443895,random MitoCarta,"Rat heart protein, female 2 wk"
rat_train|HEART|PROT|F_2w,MTRES1,-1,0.0165560120834987,0.379644406650726,0.8911430396341257,1.0,-1.0,-0.379644406650726,random MitoCarta,"Rat heart protein, female 2 wk"
rat_train|HEART|PROT|F_2w,COX6A1,-1,0.0594309174262776,1.51032938996572,0.5188853174147269,1.0,-1.0,-1.51032938996572,random MitoCarta,"Rat heart protein, female 2 wk"
rat_train|HEART|PROT|F_2w,MRPL35,-1,0.0970863297044236,1.26833752233954,0.5944199783998679,1.0,-1.0,-1.26833752233954,random MitoCarta,"Rat heart protein, female 2 wk"
rat_train|HEART|PROT|F_2w,TIMM8A,-1,0.114097787050503,3.41842361321325,0.1874871946247445,1.0,-1.0,-3.41842361321325,random MitoCarta,"Rat heart protein, female 2 wk"
rat_train|HEART|PROT|F_2w,AHCYL1,-1,0.0344084251275001,1.54294766004361,0.5088306011806627,1.0,-1.0,-1.54294766004361,random MitoCarta,"Rat heart protein, female 2 wk"
rat_train|HEART|PROT|F_2w,MMAA,-1,0.0012888496350907,0.0370697593996102,0.989961013228262,1.0,-1.0,-0.0370697593996102,random MitoCarta,"Rat heart protein, female 2 wk"
rat_train|HEART|PROT|F_4w,LARS2,-1,0.10673246345817,3.1056651985145,0.1436929736265846,1.0,-1.0,-3.1056651985145,random MitoCarta,"Rat heart protein, female 4 wk"
rat_train|HEART|PROT|F_4w,STX17,-1,0.03082617027901,0.724265465163408,0.8274328139693751,1.0,-1.0,-0.724265465163408,random MitoCarta,"Rat heart protein, female 4 wk"
rat_train|HEART|PROT|F_4w,FUNDC1,-1,0.0519098652471388,1.01611183045745,0.7346826356322521,1.0,-1.0,-1.01611183045745,random MitoCarta,"Rat heart protein, female 4 wk"
rat_train|HEART|PROT|F_4w,MTRES1,-1,0.127217236765145,2.91720688073102,0.169405659698858,1.0,-1.0,-2.91720688073102,random MitoCarta,"Rat heart protein, female 4 wk"
rat_train|HEART|PROT|F_4w,COX6A1,-1,0.121098916721128,3.07751017378813,0.146067887176584,1.0,-1.0,-3.07751017378813,random MitoCarta,"Rat heart protein, female 4 wk"
rat_train|HEART|PROT|F_4w,MRPL35,-1,0.144004286287566,1.88127453403898,0.4349873059238178,1.0,-1.0,-1.88127453403898,random MitoCarta,"Rat heart protein, female 4 wk"
rat_train|HEART|PROT|F_4w,TIMM8A,-1,0.151970452647072,4.55310656997676,0.0307868058026465,1.0,-1.0,-4.0,random MitoCarta,"Rat heart protein, female 4 wk"
rat_train|HEART|PROT|F_4w,AHCYL1,-1,0.0388656938071152,1.74282115770919,0.4824092067321239,1.0,-1.0,-1.74282115770919,random MitoCarta,"Rat heart protein, female 4 wk"
rat_train|HEART|PROT|F_4w,MMAA,-1,0.111525805279786,3.20769363315091,0.1274921913814904,1.0,-1.0,-3.20769363315091,random MitoCarta,"Rat heart protein, female 4 wk"
rat_train|HEART|PROT|F_8w,LARS2,-1,-0.0383797733916022,-1.11676169262115,0.6995426819185976,1.0,1.0,1.11676169262115,random MitoCarta,"Rat heart protein, female 8 wk"
rat_train|HEART|PROT|F_8w,STX17,-1,0.022446531772198,0.52738460951038,0.8870870679418867,1.0,-1.0,-0.52738460951038,random MitoCarta,"Rat heart protein, female 8 wk"
rat_train|HEART|PROT|F_8w,FUNDC1,-1,0.125581643861139,2.4582031451648,0.2480781396740329,1.0,-1.0,-2.4582031451648,random MitoCarta,"Rat heart protein, female 8 wk"
rat_train|HEART|PROT|F_8w,MTRES1,-1,0.035312103553243,0.809738633521635,0.8020643851612325,1.0,-1.0,-0.809738633521635,random MitoCarta,"Rat heart protein, female 8 wk"
rat_train|HEART|PROT|F_8w,COX6A1,-1,0.0830248028114451,2.10992535893095,0.3560387258190372,1.0,-1.0,-2.10992535893095,random MitoCarta,"Rat heart protein, female 8 wk"
rat_train|HEART|PROT|F_8w,MRPL35,-1,-0.0347013556315013,-0.453339121557874,0.9074178827959845,1.0,1.0,0.453339121557874,random MitoCarta,"Rat heart protein, female 8 wk"
rat_train|HEART|PROT|F_8w,TIMM8A,-1,0.074577853602829,2.23438773326802,0.316131131847667,1.0,-1.0,-2.23438773326802,random MitoCarta,"Rat heart protein, female 8 wk"
rat_train|HEART|PROT|F_8w,AHCYL1,-1,0.0726539014803321,3.25795693545193,0.0906225614279374,1.0,-1.0,-3.25795693545193,random MitoCarta,"Rat heart protein, female 8 wk"
rat_train|HEART|PROT|F_8w,MMAA,-1,-0.020257915681414,-0.582656067707028,0.8754381153998094,1.0,1.0,0.582656067707028,random MitoCarta,"Rat heart protein, female 8 wk"
rat_train|HEART|PROT|M_1w,LARS2,-1,-0.0087235599723537,-0.317048622314655,0.9539886163260486,1.0,1.0,0.317048622314655,random MitoCarta,"Rat heart protein, male 1 wk"
rat_train|HEART|PROT|M_1w,STX17,-1,0.048135100997569,1.29667656793953,0.7208410700228602,1.0,-1.0,-1.29667656793953,random MitoCarta,"Rat heart protein, male 1 wk"
rat_train|HEART|PROT|M_1w,FUNDC1,-1,0.0017942823906211,0.0206179684114399,0.9991435586686208,1.0,-1.0,-0.0206179684114399,random MitoCarta,"Rat heart protein, male 1 wk"
rat_train|HEART|PROT|M_1w,MTRES1,-1,0.0317044617254428,0.850024567205465,0.8307021839490126,1.0,-1.0,-0.850024567205465,random MitoCarta,"Rat heart protein, male 1 wk"
rat_train|HEART|PROT|M_1w,COX6A1,-1,-0.0182347537886415,-0.305575101331727,0.9550570938859964,1.0,1.0,0.305575101331727,random MitoCarta,"Rat heart protein, male 1 wk"
rat_train|HEART|PROT|M_1w,MRPL35,-1,-0.0427973491242184,-0.806203719913556,0.8361355050410372,1.0,1.0,0.806203719913556,random MitoCarta,"Rat heart protein, male 1 wk"
rat_train|HEART|PROT|M_1w,TIMM8A,-1,0.130254754670665,2.89917276347775,0.3279232296420717,1.0,-1.0,-2.89917276347775,random MitoCarta,"Rat heart protein, male 1 wk"
rat_train|HEART|PROT|M_1w,AHCYL1,-1,0.0299419556302091,1.13910469650298,0.765245410256907,1.0,-1.0,-1.13910469650298,random MitoCarta,"Rat heart protein, male 1 wk"
rat_train|HEART|PROT|M_1w,MMAA,-1,0.0298505540614892,0.962700760741378,0.8055748175234384,1.0,-1.0,-0.962700760741378,random MitoCarta,"Rat heart protein, male 1 wk"
rat_train|HEART|PROT|M_2w,LARS2,-1,0.0384906133806175,1.39890090548414,0.6224335962704852,1.0,-1.0,-1.39890090548414,random MitoCarta,"Rat heart protein, male 2 wk"
rat_train|HEART|PROT|M_2w,STX17,-1,0.0425556428362792,1.14637559194472,0.7176907091919948,1.0,-1.0,-1.14637559194472,random MitoCarta,"Rat heart protein, male 2 wk"
rat_train|HEART|PROT|M_2w,FUNDC1,-1,-0.0964147330566229,-1.10789468310544,0.7319297869061968,1.0,1.0,1.10789468310544,random MitoCarta,"Rat heart protein, male 2 wk"
rat_train|HEART|PROT|M_2w,MTRES1,-1,0.0883548211296197,2.36887064166589,0.2800945288779738,1.0,-1.0,-2.36887064166589,random MitoCarta,"Rat heart protein, male 2 wk"
rat_train|HEART|PROT|M_2w,COX6A1,-1,-0.0010921633638928,-0.0183022997985448,0.9977100108924248,1.0,1.0,0.0183022997985448,random MitoCarta,"Rat heart protein, male 2 wk"
rat_train|HEART|PROT|M_2w,MRPL35,-1,0.0374873045879224,0.706174682001816,0.8601097643670501,1.0,-1.0,-0.706174682001816,random MitoCarta,"Rat heart protein, male 2 wk"
rat_train|HEART|PROT|M_2w,TIMM8A,-1,0.104839151948377,2.33347960804453,0.2876233009117134,1.0,-1.0,-2.33347960804453,random MitoCarta,"Rat heart protein, male 2 wk"
rat_train|HEART|PROT|M_2w,AHCYL1,-1,0.0158397189050149,0.602602529334636,0.8812433297894533,1.0,-1.0,-0.602602529334636,random MitoCarta,"Rat heart protein, male 2 wk"
rat_train|HEART|PROT|M_2w,MMAA,-1,0.0647046551669245,2.08676933179843,0.3673930623408883,1.0,-1.0,-2.08676933179843,random MitoCarta,"Rat heart protein, male 2 wk"
rat_train|HEART|PROT|M_4w,LARS2,-1,0.0145243647536055,0.527872777824636,0.8206890871567184,1.0,-1.0,-0.527872777824636,random MitoCarta,"Rat heart protein, male 4 wk"
rat_train|HEART|PROT|M_4w,STX17,-1,0.116591905919684,3.14078477627169,0.0871497971759763,1.0,-1.0,-3.14078477627169,random MitoCarta,"Rat heart protein, male 4 wk"
rat_train|HEART|PROT|M_4w,FUNDC1,-1,0.04351899090619,0.500073558371689,0.8299088123496393,1.0,-1.0,-0.500073558371689,random MitoCarta,"Rat heart protein, male 4 wk"
rat_train|HEART|PROT|M_4w,MTRES1,-1,0.0615142600062903,1.64925153726391,0.3977116758260891,1.0,-1.0,-1.64925153726391,random MitoCarta,"Rat heart protein, male 4 wk"
rat_train|HEART|PROT|M_4w,COX6A1,-1,-0.0332162515027272,-0.556632655228312,0.8097377256333836,1.0,1.0,0.556632655228312,random MitoCarta,"Rat heart protein, male 4 wk"
rat_train|HEART|PROT|M_4w,MRPL35,-1,0.0514747104833416,0.969665269516883,0.6589300298292887,1.0,-1.0,-0.969665269516883,random MitoCarta,"Rat heart protein, male 4 wk"
rat_train|HEART|PROT|M_4w,TIMM8A,-1,0.0465559832459767,1.03622964816085,0.629269235868874,1.0,-1.0,-1.03622964816085,random MitoCarta,"Rat heart protein, male 4 wk"
rat_train|HEART|PROT|M_4w,AHCYL1,-1,0.0301716827379818,1.14784438039704,0.5887529342825697,1.0,-1.0,-1.14784438039704,random MitoCarta,"Rat heart protein, male 4 wk"
rat_train|HEART|PROT|M_4w,MMAA,-1,0.0688089023179221,2.21913410621424,0.2427407677038421,1.0,-1.0,-2.21913410621424,random MitoCarta,"Rat heart protein, male 4 wk"
rat_train|HEART|PROT|M_8w,LARS2,-1,-0.0640433573364178,-2.32758853911312,0.1978128896804199,1.0,1.0,2.32758853911312,random MitoCarta,"Rat heart protein, male 8 wk"
rat_train|HEART|PROT|M_8w,STX17,-1,0.112845981483003,3.03987603521468,0.0705812980498332,1.0,-1.0,-3.03987603521468,random MitoCarta,"Rat heart protein, male 8 wk"
rat_train|HEART|PROT|M_8w,FUNDC1,-1,-0.042004857122469,-0.482674757220524,0.8717563953052762,1.0,1.0,0.482674757220524,random MitoCarta,"Rat heart protein, male 8 wk"
rat_train|HEART|PROT|M_8w,MTRES1,-1,0.0193177446857742,0.517925764143583,0.859427164039458,1.0,-1.0,-0.517925764143583,random MitoCarta,"Rat heart protein, male 8 wk"
rat_train|HEART|PROT|M_8w,COX6A1,-1,-0.0037085469359567,-0.0621472392160492,0.9850099166397646,1.0,1.0,0.0621472392160492,random MitoCarta,"Rat heart protein, male 8 wk"
rat_train|HEART|PROT|M_8w,MRPL35,-1,-0.0564830348149667,-1.06401059205007,0.6538771334987654,1.0,1.0,1.06401059205007,random MitoCarta,"Rat heart protein, male 8 wk"
rat_train|HEART|PROT|M_8w,TIMM8A,-1,0.109015926956747,2.42644506158253,0.1749353321661411,1.0,-1.0,-2.42644506158253,random MitoCarta,"Rat heart protein, male 8 wk"
rat_train|HEART|PROT|M_8w,AHCYL1,-1,0.0462074067718323,1.75790368261427,0.3785247071966103,1.0,-1.0,-1.75790368261427,random MitoCarta,"Rat heart protein, male 8 wk"
rat_train|HEART|PROT|M_8w,MMAA,-1,0.0267064905790974,0.861302565582827,0.7342888936420399,1.0,-1.0,-0.861302565582827,random MitoCarta,"Rat heart protein, male 8 wk"
