rna,prot,cross,label,dataset,tissue,contrast,early,n_genes_both,rho_all,rho_all_lo,rho_all_hi,n_sig_both,rna_opposed,prot_opposed,both_opposed,rho_sig,rho_sig_lo,rho_sig_hi,frac_same_sign_sig,class_concordant,class_RNA_only,class_PROT_only,class_opposite,class_ns,genome_concordant,genome_RNA_only,genome_PROT_only,genome_opposite
human_acute|VL|RNA|EE_vs_CON_15to45min,human_acute|VL|PROT|EE_vs_CON_15to45min,False,"Human vastus lateralis, EE–CON 15–45 min",human_acute,VL,EE_vs_CON_15to45min,True,5744,0.19261936902044713,0.16735990200813025,0.2176261209082834,307,155,146,88,0.24888332590957618,0.13917168698283153,0.3525592705919258,0.5928338762214984,0,16,0,0,291,0,275,1,0
human_acute|VL|RNA|EE_vs_CON_3.5to4h,human_acute|VL|PROT|EE_vs_CON_3.5to4h,False,"Human vastus lateralis, EE–CON 3.5–4 h",human_acute,VL,EE_vs_CON_3.5to4h,False,5744,0.04270216683156708,0.016846799957838037,0.06850046286288468,307,188,176,106,-0.014640976319458786,-0.12638235251058186,0.09746729742824645,0.504885993485342,1,44,0,0,262,2,706,1,0
human_acute|VL|RNA|EE_vs_CON_24h,human_acute|VL|PROT|EE_vs_CON_24h,False,"Human vastus lateralis, EE–CON 24 h",human_acute,VL,EE_vs_CON_24h,False,5744,0.09222335183211652,0.06646510804092076,0.11785875645711708,307,136,155,84,0.24612284949514307,0.1363239807268902,0.34994830969246105,0.5993485342019544,1,29,0,0,277,1,755,0,0
human_acute|VL|RNA|RE_vs_CON_15to45min,human_acute|VL|PROT|RE_vs_CON_15to45min,False,"Human vastus lateralis, RE–CON 15–45 min",human_acute,VL,RE_vs_CON_15to45min,True,5744,0.23435789555941,0.2094298108587628,0.25898155257691646,307,152,144,89,0.289206769471188,0.18094566657184985,0.39054302971922333,0.6156351791530945,0,20,0,0,287,0,218,0,0
human_acute|VL|RNA|RE_vs_CON_3.5to4h,human_acute|VL|PROT|RE_vs_CON_3.5to4h,False,"Human vastus lateralis, RE–CON 3.5–4 h",human_acute,VL,RE_vs_CON_3.5to4h,False,5744,0.12744785158094107,0.10181785205319217,0.15290876913536844,307,187,159,100,0.1261864532606054,0.014001453221984027,0.23523409073195117,0.5244299674267101,2,120,0,0,185,9,1919,2,0
human_acute|VL|RNA|RE_vs_CON_24h,human_acute|VL|PROT|RE_vs_CON_24h,False,"Human vastus lateralis, RE–CON 24 h",human_acute,VL,RE_vs_CON_24h,False,5744,0.059003276801742534,0.03316924767215999,0.08475851460322446,307,159,158,93,0.20517066761558042,0.0942533601981587,0.31105689062271696,0.5732899022801303,2,96,0,0,209,14,1642,6,1
human_acute|ADIPOSE|RNA|EE_vs_CON_3.5to4h,human_acute|ADIPOSE|PROT|EE_vs_CON_3.5to4h,False,"Human subcutaneous adipose, EE–CON 3.5–4 h",human_acute,ADIPOSE,EE_vs_CON_3.5to4h,False,6657,0.03310057632371731,0.009078006363323562,0.057084961555887756,344,184,185,103,0.10581439567015595,-0.0002246463294824703,0.20950028401269086,0.5261627906976745,0,1,9,0,334,0,2,293,0
human_acute|ADIPOSE|RNA|RE_vs_CON_3.5to4h,human_acute|ADIPOSE|PROT|RE_vs_CON_3.5to4h,False,"Human subcutaneous adipose, RE–CON 3.5–4 h",human_acute,ADIPOSE,RE_vs_CON_3.5to4h,False,6657,0.007434054914263017,-0.016592453945053577,0.031451983404271154,344,202,182,104,0.03314977876171413,-0.07287774201575786,0.13843636507986146,0.4883720930232558,0,0,0,0,344,0,10,2,0
rat_train|SKM-GN|RNA|F_1w,rat_train|SKM-GN|PROT|F_1w,False,"Rat gastrocnemius, female 1 wk",rat_train,SKM-GN,F_1w,False,5375,0.1921283084638107,0.16600811118232858,0.2179791003630758,272,140,157,82,0.1503928565465357,0.03135493686605938,0.26522410764895393,0.5110294117647058,2,7,0,0,263,3,34,4,0
rat_train|SKM-VL|RNA|F_1w,rat_train|SKM-GN|PROT|F_1w,True,"Rat vastus lateralis RNA vs gastrocnemius protein, female 1 wk",rat_train,SKM-GN,F_1w,False,5376,0.11079427941741578,0.08422986235217823,0.13720132301189636,271,116,157,75,0.19387285049321082,0.07536911207032546,0.3069765815753006,0.5461254612546126,0,0,2,0,269,0,10,7,0
rat_train|SKM-GN|RNA|F_2w,rat_train|SKM-GN|PROT|F_2w,False,"Rat gastrocnemius, female 2 wk",rat_train,SKM-GN,F_2w,False,5375,0.13242708284118385,0.1059516711599682,0.15871487097527642,272,150,147,86,0.13182460040502147,0.01257424336856823,0.2473776880369884,0.5404411764705882,0,0,5,0,267,0,2,41,0
rat_train|SKM-VL|RNA|F_2w,rat_train|SKM-GN|PROT|F_2w,True,"Rat vastus lateralis RNA vs gastrocnemius protein, female 2 wk",rat_train,SKM-GN,F_2w,False,5377,0.05595028816935348,0.029242859556148075,0.08257788826058614,271,110,147,55,1.3867785736680895e-05,-0.11914358151165923,0.11917092328098557,0.4575645756457565,0,1,5,0,265,2,24,39,0
rat_train|SKM-GN|RNA|F_4w,rat_train|SKM-GN|PROT|F_4w,False,"Rat gastrocnemius, female 4 wk",rat_train,SKM-GN,F_4w,False,5375,0.3142689835756437,0.2893724701938509,0.3387405893921367,272,144,148,93,0.3855545908400259,0.2754049273281672,0.4857117551159333,0.6102941176470589,0,1,6,0,265,0,3,167,0
rat_train|SKM-VL|RNA|F_4w,rat_train|SKM-GN|PROT|F_4w,True,"Rat vastus lateralis RNA vs gastrocnemius protein, female 4 wk",rat_train,SKM-GN,F_4w,False,5376,0.391594512810422,0.3678519734717465,0.41482680568526686,271,121,148,85,0.44583785543737786,0.33988171682375495,0.5406178200426429,0.6346863468634686,2,7,4,0,258,39,147,128,0
rat_train|SKM-GN|RNA|F_8w,rat_train|SKM-GN|PROT|F_8w,False,"Rat gastrocnemius, female 8 wk",rat_train,SKM-GN,F_8w,False,5375,0.27181933996370095,0.24641847527623623,0.2968470275300314,272,134,155,88,0.23520228414953828,0.1179923656055058,0.3459485175815913,0.5845588235294118,0,0,26,0,246,3,7,534,0
rat_train|SKM-VL|RNA|F_8w,rat_train|SKM-GN|PROT|F_8w,True,"Rat vastus lateralis RNA vs gastrocnemius protein, female 8 wk",rat_train,SKM-GN,F_8w,False,5377,0.37393365858393024,0.3499027419895709,0.3974727636340305,271,121,155,82,0.27778320430263126,0.1618291716397296,0.3861710403527562,0.5867158671586716,5,10,21,0,235,110,184,426,1
rat_train|SKM-GN|RNA|M_1w,rat_train|SKM-GN|PROT|M_1w,False,"Rat gastrocnemius, male 1 wk",rat_train,SKM-GN,M_1w,False,5381,0.2059710226701351,0.17996982138941214,0.23168460408486022,272,151,150,96,0.30342503166466694,0.1887731849403376,0.409916272185395,0.5992647058823529,0,1,2,0,269,1,39,17,0
rat_train|SKM-VL|RNA|M_1w,rat_train|SKM-GN|PROT|M_1w,True,"Rat vastus lateralis RNA vs gastrocnemius protein, male 1 wk",rat_train,SKM-GN,M_1w,False,5384,0.032621450761771795,0.005906584306888477,0.059289785981104674,271,149,149,87,0.14532776210115045,0.02600162531921519,0.2605707130358814,0.5424354243542435,0,1,2,0,268,0,3,18,0
rat_train|SKM-GN|RNA|M_2w,rat_train|SKM-GN|PROT|M_2w,False,"Rat gastrocnemius, male 2 wk",rat_train,SKM-GN,M_2w,False,5382,0.20776987109987297,0.18178527989783622,0.2334645041465818,272,162,152,102,0.30629333765865124,0.19177167423740393,0.4125860917668249,0.5955882352941176,0,3,7,0,262,2,21,56,0
rat_train|SKM-VL|RNA|M_2w,rat_train|SKM-GN|PROT|M_2w,True,"Rat vastus lateralis RNA vs gastrocnemius protein, male 2 wk",rat_train,SKM-GN,M_2w,False,5382,0.12869078467451903,0.10221547236576352,0.15498391161783295,271,155,151,100,0.27550949038902156,0.1594665643588612,0.3840425715250699,0.6088560885608856,0,1,7,0,263,1,2,57,0
rat_train|SKM-GN|RNA|M_4w,rat_train|SKM-GN|PROT|M_4w,False,"Rat gastrocnemius, male 4 wk",rat_train,SKM-GN,M_4w,False,5381,0.24443015667536072,0.21876379611217942,0.26975852160879743,272,148,155,90,0.24778228066702124,0.13096831388581764,0.35781021989006695,0.5477941176470589,0,1,9,0,262,5,41,136,0
rat_train|SKM-VL|RNA|M_4w,rat_train|SKM-GN|PROT|M_4w,True,"Rat vastus lateralis RNA vs gastrocnemius protein, male 4 wk",rat_train,SKM-GN,M_4w,False,5383,0.185862368046308,0.15971722721785933,0.21174694072455308,271,146,155,91,0.14988302824204716,0.030614617007132236,0.2649431989709152,0.5608856088560885,0,1,8,1,261,1,2,139,1
rat_train|SKM-GN|RNA|M_8w,rat_train|SKM-GN|PROT|M_8w,False,"Rat gastrocnemius, male 8 wk",rat_train,SKM-GN,M_8w,False,5381,0.2704250823427111,0.24502339963191153,0.2954557488198503,272,165,155,105,0.37565267378594913,0.26487218772648896,0.4766463967510217,0.5955882352941176,6,26,16,0,224,43,209,247,8
rat_train|SKM-VL|RNA|M_8w,rat_train|SKM-GN|PROT|M_8w,True,"Rat vastus lateralis RNA vs gastrocnemius protein, male 8 wk",rat_train,SKM-GN,M_8w,False,5384,0.2862770162045622,0.2610594239446423,0.3111041432314601,271,140,154,87,0.2372940935291706,0.1199250992856351,0.34812143948155316,0.5571955719557196,0,3,22,0,246,5,28,293,0
rat_train|HEART|RNA|F_1w,rat_train|HEART|PROT|F_1w,False,"Rat heart, female 1 wk",rat_train,HEART,F_1w,False,7842,0.06682567694366155,0.04473348753547945,0.0888525369815001,351,205,165,107,0.18419885669885666,0.08019846562967452,0.2842320215934635,0.5555555555555556,0,0,0,0,351,0,2,0,0
rat_train|HEART|RNA|F_2w,rat_train|HEART|PROT|F_2w,False,"Rat heart, female 2 wk",rat_train,HEART,F_2w,False,7841,0.059803775379511794,0.03769879669129258,0.08185025566649272,351,198,186,111,0.10682928182928184,0.0018721103218322026,0.2094584263266267,0.5384615384615384,0,0,0,0,351,0,30,0,0
rat_train|HEART|RNA|F_4w,rat_train|HEART|PROT|F_4w,False,"Rat heart, female 4 wk",rat_train,HEART,F_4w,False,7840,0.1630093459005136,0.14123929356887244,0.184621817686712,351,206,199,137,0.3212751137751138,0.22158679084913954,0.4143176573562319,0.6267806267806267,1,8,3,0,339,4,49,65,0
rat_train|HEART|RNA|F_8w,rat_train|HEART|PROT|F_8w,False,"Rat heart, female 8 wk",rat_train,HEART,F_8w,False,7841,0.14798004774260912,0.12613951933056916,0.1696771875355046,351,195,189,120,0.2798237873237873,0.17845544795080734,0.3753146639170338,0.5897435897435898,6,9,23,0,313,19,172,160,2
rat_train|HEART|RNA|M_1w,rat_train|HEART|PROT|M_1w,False,"Rat heart, male 1 wk",rat_train,HEART,M_1w,False,7841,0.12949896664911992,0.1075809060650488,0.1512912085303563,351,193,195,118,0.31969502719502724,0.21993633694379017,0.4128363992175827,0.5669515669515669,0,9,1,0,341,1,31,3,0
rat_train|HEART|RNA|M_2w,rat_train|HEART|PROT|M_2w,False,"Rat heart, male 2 wk",rat_train,HEART,M_2w,False,7840,0.1837938066278548,0.1621363513961748,0.2052742769935358,351,191,209,126,0.33360445110445114,0.23448284706008593,0.42586064388903383,0.5783475783475783,3,13,5,0,330,13,94,86,1
rat_train|HEART|RNA|M_4w,rat_train|HEART|PROT|M_4w,False,"Rat heart, male 4 wk",rat_train,HEART,M_4w,False,7841,0.16158882651648723,0.13981303376063214,0.18320839345541154,351,190,210,122,0.19196026196026195,0.08811203395763999,0.2916805858155217,0.5555555555555556,3,10,14,0,324,8,74,185,1
rat_train|HEART|RNA|M_8w,rat_train|HEART|PROT|M_8w,False,"Rat heart, male 8 wk",rat_train,HEART,M_8w,False,7840,0.1728218946001052,0.1511030793905699,0.19437393815093196,351,192,198,122,0.24309301809301806,0.14051492547846786,0.3405077145902025,0.584045584045584,10,23,39,2,277,49,252,419,10
