gene,group,Human VL RNA,Human VL PROT,Rat SKM-GN RNA,Rat SKM-GN PROT,Rat SKM-VL RNA,Rat HEART RNA,Rat HEART PROT
THY1,HIIT-up,6/6,6/6,8/8,8/8,8/8,8/8,0/8
ZNF207,HIIT-up,6/6,6/6,8/8,8/8,8/8,8/8,8/8
BOLA3,HIIT-up,6/6,6/6,8/8,8/8,8/8,8/8,8/8
MRPS16,HIIT-up,6/6,6/6,8/8,8/8,8/8,8/8,8/8
ECM1,HIIT-up,6/6,6/6,8/8,8/8,8/8,8/8,8/8
FSCN1,HIIT-up,6/6,6/6,8/8,8/8,8/8,8/8,8/8
NEDD4L,HIIT-up,6/6,6/6,8/8,8/8,8/8,8/8,8/8
PC,HIIT-up,6/6,6/6,8/8,8/8,8/8,8/8,8/8
MRPL53,HIIT-up,6/6,6/6,8/8,8/8,8/8,8/8,8/8
FKBP9,HIIT-up,6/6,6/6,8/8,8/8,8/8,8/8,8/8
RPE,HIIT-up,6/6,6/6,8/8,8/8,8/8,8/8,8/8
MRPL9,HIIT-up,6/6,6/6,8/8,8/8,8/8,8/8,8/8
MTIF3,HIIT-up,6/6,6/6,8/8,8/8,8/8,8/8,8/8
CCDC50,HIIT-up,6/6,6/6,8/8,8/8,8/8,8/8,8/8
PHGDH,HIIT-up,6/6,6/6,8/8,0/8,8/8,8/8,8/8
MRPS34,HIIT-up,6/6,6/6,8/8,8/8,8/8,8/8,8/8
MRPL17,HIIT-up,6/6,6/6,8/8,8/8,8/8,8/8,8/8
BCKDK,HIIT-up,6/6,6/6,8/8,8/8,8/8,8/8,8/8
MTSS1,HIIT-up,6/6,6/6,8/8,0/8,8/8,8/8,8/8
PPIF,HIIT-up,6/6,6/6,8/8,8/8,8/8,8/8,8/8
THBS4,HIIT-up,6/6,6/6,8/8,8/8,8/8,8/8,8/8
NAMPT,HIIT-up,6/6,6/6,8/8,8/8,8/8,8/8,8/8
MTCH2,HIIT-up,6/6,6/6,8/8,8/8,8/8,8/8,8/8
NDUFAF4,HIIT-up,6/6,6/6,8/8,8/8,8/8,8/8,8/8
MT-ATP8,HIIT-up,6/6,6/6,8/8,8/8,8/8,8/8,8/8
TIMM50,HIIT-up,6/6,6/6,8/8,8/8,8/8,8/8,8/8
RPS9,HIIT-up,6/6,6/6,8/8,0/8,8/8,8/8,8/8
SLIRP,HIIT-up,6/6,6/6,8/8,8/8,8/8,8/8,8/8
AFM,HIIT-up,0/6,6/6,0/8,8/8,0/8,0/8,8/8
GRPEL1,HIIT-up,6/6,6/6,8/8,8/8,8/8,8/8,8/8
ATAD1,HIIT-up,6/6,6/6,8/8,8/8,8/8,8/8,8/8
HSPE1,HIIT-up,6/6,6/6,8/8,8/8,8/8,8/8,8/8
PPP1R12A,HIIT-up,6/6,6/6,8/8,8/8,8/8,8/8,8/8
MT-CO2,HIIT-up,6/6,6/6,8/8,8/8,8/8,8/8,8/8
COX5A,HIIT-up,6/6,6/6,8/8,8/8,8/8,8/8,8/8
SFN,HIIT-up,0/6,0/6,0/8,0/8,8/8,8/8,0/8
SLC35A4,HIIT-up,6/6,6/6,8/8,0/8,8/8,8/8,0/8
SLC25A3,HIIT-up,6/6,6/6,8/8,8/8,8/8,8/8,8/8
IDH3G,HIIT-up,6/6,6/6,8/8,8/8,8/8,8/8,8/8
RHOT1,HIIT-up,6/6,6/6,8/8,8/8,8/8,8/8,8/8
CIAPIN1,HIIT-up,6/6,6/6,8/8,8/8,8/8,8/8,8/8
MRPS31,HIIT-up,6/6,6/6,8/8,8/8,8/8,8/8,8/8
IDH3A,HIIT-up,6/6,6/6,8/8,8/8,8/8,8/8,8/8
NDUFA7,HIIT-up,6/6,6/6,8/8,8/8,8/8,8/8,8/8
MRPL12,HIIT-up,6/6,6/6,8/8,8/8,8/8,8/8,8/8
PNPT1,HIIT-up,6/6,6/6,8/8,8/8,8/8,8/8,8/8
MAP7D1,HIIT-up,6/6,6/6,8/8,8/8,8/8,8/8,8/8
TIMM44,HIIT-up,6/6,6/6,8/8,8/8,8/8,8/8,8/8
NNT,HIIT-up,6/6,6/6,8/8,8/8,8/8,8/8,8/8
MSRB2,HIIT-up,6/6,6/6,8/8,8/8,8/8,8/8,8/8
NTMT1,HIIT-up,6/6,6/6,8/8,8/8,8/8,8/8,8/8
UNC45B,HIIT-up,6/6,6/6,8/8,8/8,8/8,8/8,8/8
TPSB2,HIIT-up,6/6,6/6,8/8,0/8,8/8,8/8,0/8
KIF15,HIIT-up,0/6,0/6,0/8,0/8,8/8,8/8,8/8
NDUFS4,HIIT-up,6/6,6/6,8/8,8/8,8/8,8/8,8/8
PMPCB,HIIT-up,6/6,6/6,8/8,8/8,8/8,8/8,8/8
RUFY3,HIIT-up,6/6,6/6,8/8,8/8,8/8,8/8,8/8
COX5B,HIIT-up,6/6,6/6,8/8,8/8,8/8,8/8,8/8
ETFRF1,HIIT-up,6/6,6/6,8/8,8/8,8/8,8/8,8/8
PHKA1,HIIT-up,6/6,6/6,8/8,8/8,8/8,8/8,8/8
GYG1,HIIT-up,6/6,6/6,8/8,8/8,8/8,8/8,8/8
RPS19,HIIT-up,6/6,6/6,0/8,0/8,0/8,0/8,0/8
RFTN1,HIIT-up,6/6,6/6,8/8,8/8,8/8,8/8,8/8
NDUFA6,HIIT-up,6/6,6/6,8/8,8/8,8/8,8/8,8/8
NDUFA8,HIIT-up,6/6,6/6,8/8,8/8,8/8,8/8,8/8
HCCS,HIIT-up,6/6,6/6,8/8,8/8,8/8,8/8,8/8
DLST,HIIT-up,6/6,6/6,8/8,8/8,8/8,8/8,8/8
NDUFA4,HIIT-up,6/6,6/6,8/8,8/8,8/8,8/8,8/8
AK3,HIIT-up,6/6,6/6,8/8,8/8,8/8,8/8,8/8
VIM,HIIT-up,6/6,6/6,8/8,8/8,8/8,8/8,8/8
COX4I1,HIIT-up,6/6,6/6,8/8,8/8,8/8,8/8,8/8
GRSF1,HIIT-up,6/6,6/6,8/8,8/8,8/8,8/8,8/8
RPS16,HIIT-up,6/6,6/6,8/8,8/8,8/8,8/8,8/8
RPS13,HIIT-up,6/6,6/6,8/8,8/8,8/8,8/8,8/8
HSPA9,HIIT-up,6/6,6/6,8/8,8/8,8/8,8/8,8/8
COX6B1,HIIT-up,6/6,6/6,8/8,8/8,8/8,8/8,8/8
ATP5ME,HIIT-up,6/6,6/6,8/8,8/8,8/8,8/8,8/8
GHITM,HIIT-up,6/6,6/6,8/8,0/8,8/8,8/8,8/8
LRPPRC,HIIT-up,6/6,6/6,8/8,8/8,8/8,8/8,8/8
EIF5,HIIT-up,6/6,6/6,8/8,0/8,8/8,8/8,8/8
CYC1,HIIT-up,6/6,6/6,8/8,8/8,8/8,8/8,8/8
PRDX3,HIIT-up,6/6,6/6,8/8,8/8,8/8,8/8,8/8
TBCA,HIIT-up,6/6,6/6,8/8,8/8,8/8,8/8,8/8
QARS1,HIIT-up,6/6,6/6,8/8,8/8,8/8,8/8,8/8
RPS3A,HIIT-up,6/6,6/6,8/8,8/8,8/8,8/8,8/8
TNNT3,HIIT-up,6/6,6/6,8/8,8/8,8/8,8/8,0/8
HK1,HIIT-up,6/6,6/6,8/8,8/8,8/8,8/8,8/8
TACC2,HIIT-up,6/6,6/6,8/8,8/8,8/8,8/8,8/8
NDUFB10,HIIT-up,6/6,6/6,8/8,8/8,8/8,8/8,8/8
GRHPR,HIIT-up,6/6,6/6,8/8,8/8,8/8,8/8,8/8
ANK2,HIIT-up,6/6,6/6,8/8,8/8,8/8,8/8,8/8
STOML2,HIIT-up,6/6,6/6,8/8,8/8,8/8,8/8,8/8
PDHX,HIIT-up,6/6,6/6,8/8,8/8,8/8,8/8,8/8
CMYA5,HIIT-up,6/6,6/6,8/8,8/8,8/8,8/8,8/8
COQ7,HIIT-up,6/6,6/6,8/8,8/8,8/8,8/8,8/8
UBE2V1,HIIT-up,6/6,6/6,8/8,8/8,8/8,8/8,8/8
SDHB,HIIT-up,6/6,6/6,8/8,8/8,8/8,8/8,8/8
RPL18,HIIT-up,6/6,6/6,8/8,8/8,8/8,8/8,8/8
STUB1,HIIT-up,6/6,6/6,8/8,8/8,8/8,8/8,8/8
MYOT,HIIT-up,6/6,6/6,8/8,8/8,8/8,8/8,8/8
DTNA,HIIT-down,6/6,6/6,8/8,8/8,8/8,8/8,8/8
C11orf54,HIIT-down,6/6,6/6,8/8,8/8,8/8,8/8,8/8
CACNB1,HIIT-down,6/6,6/6,8/8,8/8,8/8,8/8,0/8
ABLIM2,HIIT-down,6/6,6/6,8/8,8/8,8/8,8/8,8/8
HSPA2,HIIT-down,6/6,6/6,8/8,8/8,8/8,8/8,8/8
GSTP1,HIIT-down,6/6,6/6,8/8,8/8,8/8,8/8,8/8
CACNG1,HIIT-down,6/6,6/6,8/8,8/8,8/8,0/8,0/8
RNH1,HIIT-down,6/6,6/6,8/8,8/8,8/8,8/8,8/8
ESD,HIIT-down,6/6,6/6,8/8,8/8,8/8,8/8,8/8
CA3,HIIT-down,6/6,6/6,8/8,8/8,8/8,8/8,8/8
PRKAR2A,HIIT-down,6/6,6/6,8/8,8/8,8/8,8/8,8/8
ALDH1A1,HIIT-down,6/6,6/6,8/8,8/8,8/8,8/8,8/8
PPP2R2A,HIIT-down,6/6,6/6,8/8,8/8,8/8,8/8,8/8
PFN2,HIIT-down,6/6,6/6,8/8,8/8,8/8,8/8,8/8
ANXA3,HIIT-down,6/6,6/6,8/8,8/8,8/8,8/8,8/8
PALLD,HIIT-down,6/6,6/6,0/8,8/8,0/8,0/8,8/8
GDI1,HIIT-down,6/6,6/6,8/8,8/8,8/8,8/8,8/8
MYLK2,HIIT-down,6/6,6/6,8/8,8/8,8/8,0/8,8/8
ART3,HIIT-down,6/6,6/6,8/8,8/8,8/8,8/8,8/8
ACTN3,HIIT-down,6/6,6/6,8/8,8/8,8/8,0/8,0/8
SMTNL1,HIIT-down,6/6,6/6,8/8,8/8,8/8,0/8,0/8
TUBB8,HIIT-down,0/6,6/6,0/8,0/8,0/8,0/8,0/8
PDLIM3,HIIT-down,6/6,6/6,8/8,8/8,8/8,8/8,8/8
