Comparison,Genes measured,Opposed,Same direction,Sign test p,Sign test p (effective n),Genes at BH FDR < 0.05,Opposed at BH FDR < 0.05
"Human vastus lateralis RNA, EE–CON 15–45 min",354,150,204,0.004779167007856454,0.006060673223699584,36,5
"Human vastus lateralis RNA, EE–CON 3.5–4 h",354,135,219,9.381345123224641e-06,1.7609752966255637e-05,71,27
"Human vastus lateralis RNA, EE–CON 24 h",354,206,148,0.002402149924138049,0.00302702595159105,31,18
"Human vastus lateralis RNA, RE–CON 15–45 min",354,158,196,0.049084249741371835,0.06227343925727827,34,3
"Human vastus lateralis RNA, RE–CON 3.5–4 h",354,127,227,1.1848438600845282e-07,2.1593120418659276e-07,120,40
"Human vastus lateralis RNA, RE–CON 24 h",354,186,168,0.3662606290786447,0.38062627571704805,73,36
"Human vastus lateralis protein, EE–CON 15–45 min",153,64,89,0.05198885282686186,0.05490187249732853,1,0
"Human vastus lateralis protein, EE–CON 3.5–4 h",153,70,83,0.33199325143986436,0.3593644032877554,1,0
"Human vastus lateralis protein, EE–CON 24 h",153,94,59,0.005802740347174332,0.009543281732431066,0,0
"Human vastus lateralis protein, RE–CON 15–45 min",153,69,84,0.25763377654672176,0.27861454634422095,0,0
"Human vastus lateralis protein, RE–CON 3.5–4 h",153,75,78,0.8716178400407862,0.9336249535488024,0,0
"Human vastus lateralis protein, RE–CON 24 h",153,84,69,0.25763377654672176,0.27861454634422095,1,0
"Rat gastrocnemius RNA, female 1 wk",324,175,149,0.16476581547964037,0.16926513869103524,4,3
"Rat gastrocnemius RNA, female 2 wk",324,166,158,0.6974214781686109,0.7312405686519508,0,0
"Rat gastrocnemius RNA, female 4 wk",324,158,166,0.6974214781686109,0.7312405686519508,0,0
"Rat gastrocnemius RNA, female 8 wk",324,154,170,0.4046942164023831,0.42280846837088304,1,0
"Rat gastrocnemius RNA, male 1 wk",325,168,157,0.5791675441368292,0.6069779078902132,1,0
"Rat gastrocnemius RNA, male 2 wk",325,174,151,0.2222782042871102,0.22989350149904345,2,1
"Rat gastrocnemius RNA, male 4 wk",325,159,166,0.739327644237401,0.7750626145465014,1,0
"Rat gastrocnemius RNA, male 8 wk",325,171,154,0.3748253580707013,0.39120726374641895,13,6
"Rat gastrocnemius protein, female 1 wk",120,67,53,0.23520336797252533,0.2588620001653155,0,0
"Rat gastrocnemius protein, female 2 wk",120,63,57,0.6482600518210047,0.7068822614919525,0,0
"Rat gastrocnemius protein, female 4 wk",120,67,53,0.23520336797252533,0.2588620001653155,4,0
"Rat gastrocnemius protein, female 8 wk",120,63,57,0.6482600518210047,0.7068822614919525,14,6
"Rat gastrocnemius protein, male 1 wk",122,65,57,0.5264163099662322,0.5760121204363972,0,0
"Rat gastrocnemius protein, male 2 wk",122,71,51,0.08498064582685338,0.0928159209821895,2,1
"Rat gastrocnemius protein, male 4 wk",122,65,57,0.5264163099662322,0.5760121204363972,1,0
"Rat gastrocnemius protein, male 8 wk",122,60,62,0.9279107996055393,0.8521555266297132,5,1
"Rat vastus lateralis RNA, female 1 wk",326,162,164,0.955843136850611,0.909146390123208,2,2
"Rat vastus lateralis RNA, female 2 wk",326,131,195,0.00046639267320067206,0.0005936686525939959,4,1
"Rat vastus lateralis RNA, female 4 wk",326,178,148,0.10809594410706892,0.13770754104678318,11,5
"Rat vastus lateralis RNA, female 8 wk",326,173,153,0.29264334527010466,0.3042657853230669,16,9
"Rat vastus lateralis RNA, male 1 wk",327,162,165,0.9119555228667678,0.8643057375065969,0,0
"Rat vastus lateralis RNA, male 2 wk",328,168,160,0.6991809174584517,0.732918158118289,0,0
"Rat vastus lateralis RNA, male 4 wk",328,186,142,0.017449778550935616,0.02272071617749055,0,0
"Rat vastus lateralis RNA, male 8 wk",327,148,179,0.09696566863389414,0.0982895703703949,4,3
"Rat heart RNA, female 1 wk",358,193,165,0.15348243975341255,0.1565817493577398,0,0
"Rat heart RNA, female 2 wk",358,182,176,0.7916252353525289,0.8275519600013483,0,0
"Rat heart RNA, female 4 wk",358,207,151,0.003592105808579276,0.004545669077292912,0,0
"Rat heart RNA, female 8 wk",358,166,192,0.1863281047818784,0.1910117897360713,5,3
"Rat heart RNA, male 1 wk",359,174,185,0.5977138698618538,0.6245279775907056,0,0
"Rat heart RNA, male 2 wk",359,183,176,0.751546030022031,0.7856975514560507,4,3
"Rat heart RNA, male 4 wk",359,171,188,0.39845112144004907,0.4146006086621248,4,3
"Rat heart RNA, male 8 wk",359,163,196,0.09110019846488414,0.09161393540996073,13,5
"Rat heart protein, female 1 wk",199,97,102,0.7768377068940348,0.7699893951857694,0,0
"Rat heart protein, female 2 wk",199,87,112,0.08863025090616317,0.10741108743413712,0,0
"Rat heart protein, female 4 wk",199,93,106,0.3950157781201118,0.380250914548775,2,0
"Rat heart protein, female 8 wk",199,91,108,0.25665059122063927,0.30592964330114203,5,0
"Rat heart protein, male 1 wk",199,103,96,0.6707043457315791,0.6609484635151919,1,0
"Rat heart protein, male 2 wk",199,97,102,0.7768377068940348,0.7699893951857694,4,1
"Rat heart protein, male 4 wk",199,97,102,0.7768377068940348,0.7699893951857694,7,2
"Rat heart protein, male 8 wk",199,88,111,0.11864782596955128,0.14338908065653874,10,3
