Comparison,Setting changed,Conclusion,Default,Alternative
"Human vastus lateralis RNA, EE–CON 15–45 min",universe: all genes vs muscle-intrinsic,set-level verdict,no set-level shift,opposed
"Human vastus lateralis RNA, EE–CON 3.5–4 h",universe: all genes vs muscle-intrinsic,set-level verdict,no set-level shift,same direction
"Human vastus lateralis RNA, EE–CON 24 h",universe: all genes vs muscle-intrinsic,set-level verdict,no set-level shift,same direction
"Human vastus lateralis RNA, RE–CON 3.5–4 h",universe: all genes vs muscle-intrinsic,set-level verdict,no set-level shift,same direction
"Human vastus lateralis protein, EE–CON 24 h",FDR cutoff 0.05 vs 0.1,set-level verdict,no set-level shift,opposed
"Human vastus lateralis protein, RE–CON 15–45 min",universe: all genes vs muscle-intrinsic,set-level verdict,no set-level shift,opposed
"Human vastus lateralis protein, RE–CON 24 h",universe: all genes vs muscle-intrinsic,set-level verdict,no set-level shift,opposed
"Rat gastrocnemius RNA, female 4 wk",universe: all genes vs muscle-intrinsic,set-level verdict,no set-level shift,same direction
"Rat gastrocnemius RNA, female 8 wk",universe: all genes vs muscle-intrinsic,set-level verdict,no set-level shift,same direction
"Rat gastrocnemius RNA, male 1 wk",universe: all genes vs muscle-intrinsic,set-level verdict,no set-level shift,same direction
"Rat gastrocnemius RNA, male 2 wk",universe: all genes vs muscle-intrinsic,set-level verdict,no set-level shift,same direction
"Rat gastrocnemius RNA, male 4 wk",universe: all genes vs muscle-intrinsic,set-level verdict,no set-level shift,same direction
"Rat gastrocnemius protein, female 1 wk",universe: all genes vs muscle-intrinsic,set-level verdict,no set-level shift,same direction
"Rat gastrocnemius protein, female 2 wk",universe: all genes vs muscle-intrinsic,set-level verdict,no set-level shift,same direction
"Rat gastrocnemius protein, female 4 wk",universe: all genes vs muscle-intrinsic,set-level verdict,no set-level shift,same direction
"Rat gastrocnemius protein, female 8 wk",universe: all genes vs muscle-intrinsic,set-level verdict,no set-level shift,same direction
"Rat gastrocnemius protein, male 2 wk",universe: all genes vs muscle-intrinsic,set-level verdict,no set-level shift,same direction
"Rat gastrocnemius protein, male 4 wk",universe: all genes vs muscle-intrinsic,set-level verdict,no set-level shift,same direction
"Rat gastrocnemius protein, male 8 wk",universe: all genes vs muscle-intrinsic,set-level verdict,no set-level shift,same direction
"Rat vastus lateralis RNA, female 4 wk",universe: all genes vs muscle-intrinsic,set-level verdict,no set-level shift,same direction
"Rat vastus lateralis RNA, female 8 wk",universe: all genes vs muscle-intrinsic,set-level verdict,no set-level shift,same direction
"Rat vastus lateralis RNA, male 4 wk",universe: all genes vs muscle-intrinsic,set-level verdict,no set-level shift,same direction
"Rat vastus lateralis RNA, male 4 wk",null size 1000 vs 200,pathway-class null,within null,above 95th percentile
"Rat vastus lateralis RNA, male 8 wk",universe: all genes vs muscle-intrinsic,set-level verdict,no set-level shift,same direction
"Rat heart RNA, female 8 wk",universe: all genes vs muscle-intrinsic,set-level verdict,no set-level shift,same direction
"Rat heart RNA, male 1 wk",universe: all genes vs muscle-intrinsic,set-level verdict,no set-level shift,same direction
"Rat heart protein, female 2 wk",universe: all genes vs muscle-intrinsic,set-level verdict,no set-level shift,same direction
"Rat heart protein, female 4 wk",universe: all genes vs muscle-intrinsic,set-level verdict,no set-level shift,same direction
"Rat heart protein, male 1 wk",universe: all genes vs muscle-intrinsic,set-level verdict,no set-level shift,same direction
"Rat heart protein, male 2 wk",universe: all genes vs muscle-intrinsic,set-level verdict,no set-level shift,same direction
"Rat heart protein, male 4 wk",universe: all genes vs muscle-intrinsic,set-level verdict,no set-level shift,same direction
