feature_key,analysis_id,analysis_summary,metabolite_name,refmet_name,n_measured,median_intensity
AN001201:ME211535,AN001201,Reversed phase NEGATIVE ION MODE,16:0-18:0 PC (M+CL)-,PC 16:0_18:0,201,11093.0
AN001201:ME211536,AN001201,Reversed phase NEGATIVE ION MODE,18:0 LYSO-PE (M-H)-,LPE 18:0,148,118678.5
AN001201:ME211531,AN001201,Reversed phase NEGATIVE ION MODE,1-METHYLADENOSINE (M+CL)-,1-Methyladenosine,163,15349.0
AN001201:ME211532,AN001201,Reversed phase NEGATIVE ION MODE,1-METHYLURIC ACID (2M-H)-,1-Methyluric acid,100,13932.5
AN001201:ME211533,AN001201,Reversed phase NEGATIVE ION MODE,1-METHYLURIC ACID (M-H)-,1-Methyluric acid,66,272654.5
AN001201:ME211534,AN001201,Reversed phase NEGATIVE ION MODE,1-METHYLXANTHINE (M-H)-,1-Methylxanthine,205,168703.0
AN001201:ME211537,AN001201,Reversed phase NEGATIVE ION MODE,2-DEOXY-D-GLUCOSE (M+CL)-,2-Deoxy-glucose,162,144341.0
AN001201:ME211538,AN001201,Reversed phase NEGATIVE ION MODE,2-HYDROXY-3-METHYLBUTYRIC ACID (M-H)-,2-Hydroxy-3-methylbutyric acid,218,1184000.0
AN001201:ME211539,AN001201,Reversed phase NEGATIVE ION MODE,2-METHYLMALEIC ACID (M-H)-,Citraconic acid,134,71755.0
AN001201:ME211540,AN001201,Reversed phase NEGATIVE ION MODE,3-(4-HYDROXYPHENYL)LACTIC ACID (2M-H)-,Hydroxyphenyllactic acid,108,19588.0
AN001201:ME211541,AN001201,Reversed phase NEGATIVE ION MODE,3-(4-HYDROXYPHENYL)LACTIC ACID (M-H)-,Hydroxyphenyllactic acid,216,129768.0
AN001201:ME211542,AN001201,Reversed phase NEGATIVE ION MODE,3-HYDROXY-3-METHYLGLUTARIC ACID (M-H)-,3-Hydroxymethylglutaric acid,101,68225.0
AN001201:ME211543,AN001201,Reversed phase NEGATIVE ION MODE,3-METHOXYTYROSINE (M-H)-,3-O-Methyl-DOPA,43,4788.0
AN001201:ME211544,AN001201,Reversed phase NEGATIVE ION MODE,4-ACETAMINOPHEN SULFATE (M-H)-,Paracetamol sulfate,82,102897.0
AN001201:ME211545,AN001201,Reversed phase NEGATIVE ION MODE,4-HYDROXYPHENYLACETIC ACID (M-H)-,4-Hydroxyphenylacetic acid,70,4681.0
AN001201:ME211546,AN001201,Reversed phase NEGATIVE ION MODE,4-NITROPHENOL (M-H)-,4-Nitrophenol,218,48391.5
AN001201:ME211547,AN001201,Reversed phase NEGATIVE ION MODE,4-PYRIDOXIC ACID (M-H)-,4-Pyridoxic acid,213,226228.0
AN001201:ME211548,AN001201,Reversed phase NEGATIVE ION MODE,5-HYDROXY OMEPRAZOLE (M-H)-,5-Hydroxyomeprazole,103,723669.0
AN001201:ME211549,AN001201,Reversed phase NEGATIVE ION MODE,5-HYDROXYTRYPTOPHAN (M-H)-,5-Hydroxy-tryptophan,204,18278.0
AN001201:ME211550,AN001201,Reversed phase NEGATIVE ION MODE,5-OXOPROLINE (M-H)-,Pyroglutamic acid,99,1479385.0
AN001201:ME211551,AN001201,Reversed phase NEGATIVE ION MODE,ACETAMINOPHEN (TN TYLENOL) (M-H)-,Acetaminophen,33,45749.0
AN001201:ME211552,AN001201,Reversed phase NEGATIVE ION MODE,ADENOSINE 5'-MONOPHOSPHATE (M-H)-,AMP,81,11720.0
AN001201:ME211553,AN001201,Reversed phase NEGATIVE ION MODE,ADIPIC ACID (M-H)-,Adipic acid,213,25872.0
AN001201:ME211554,AN001201,Reversed phase NEGATIVE ION MODE,ALPHA-HYDROXYISOBUTYRIC ACID (M-H)-,2-Hydroxyisobutyric acid,218,213990.0
AN001201:ME211555,AN001201,Reversed phase NEGATIVE ION MODE,ARACHIDIC ACID (M-H)-,Arachidic acid,165,12606.0
AN001201:ME211556,AN001201,Reversed phase NEGATIVE ION MODE,ARACHIDONIC ACID (M-H)-,Arachidonic acid,218,457186.0
AN001201:ME211557,AN001201,Reversed phase NEGATIVE ION MODE,AZELAIC ACID (M-H)-,Azelaic acid,218,113793.5
AN001201:ME211558,AN001201,Reversed phase NEGATIVE ION MODE,BEHENIC ACID (M-H)-,Behenic acid,147,10798.0
AN001201:ME211559,AN001201,Reversed phase NEGATIVE ION MODE,BENZOIC ACID (M-H)-,Benzoic acid,218,25288.0
AN001201:ME211560,AN001201,Reversed phase NEGATIVE ION MODE,BILIVERDIN (M-H)-,Biliverdin,100,30184.0
AN001201:ME211561,AN001201,Reversed phase NEGATIVE ION MODE,CHOLIC ACID (2M-H)-,Cholic acid,21,41669.0
AN001201:ME211562,AN001201,Reversed phase NEGATIVE ION MODE,CHOLIC ACID (M+CL)-,Cholic acid,73,4749.0
AN001201:ME211563,AN001201,Reversed phase NEGATIVE ION MODE,CHOLIC ACID (M-H)-,Cholic acid,207,26205.0
AN001201:ME211564,AN001201,Reversed phase NEGATIVE ION MODE,CIS-11-EICOSENOIC ACID (M-H)-,cis-Gondoic acid,215,92842.0
AN001201:ME211565,AN001201,Reversed phase NEGATIVE ION MODE,CITRAMALIC ACID (M-H)-,Citramalic acid,205,38779.0
AN001201:ME211566,AN001201,Reversed phase NEGATIVE ION MODE,CITRIC ACID (M-H)-,Citric acid,218,3509117.5
AN001201:ME211567,AN001201,Reversed phase NEGATIVE ION MODE,CITRULLINE (M-H)-,Citrulline,49,4413.0
AN001201:ME211568,AN001201,Reversed phase NEGATIVE ION MODE,CORTISOL (M+CL)-,Cortisol,204,219618.0
AN001201:ME211569,AN001201,Reversed phase NEGATIVE ION MODE,CORTISONE (M+CL)-,Cortisone,214,104762.0
AN001201:ME211570,AN001201,Reversed phase NEGATIVE ION MODE,DECANOIC ACID (M-H)-,Capric acid,111,10178.0
AN001201:ME211571,AN001201,Reversed phase NEGATIVE ION MODE,DEHYDROASCORBIC ACID (M-H)-,Dehydroascorbic acid,217,956436.0
AN001201:ME211572,AN001201,Reversed phase NEGATIVE ION MODE,DEOXYADENOSINE (M+CL)-,Deoxyadenosine,158,8705.0
AN001201:ME211573,AN001201,Reversed phase NEGATIVE ION MODE,DEOXYCHOLIC ACID (2M-H)-,Deoxycholic acid,198,12500.5
AN001201:ME211574,AN001201,Reversed phase NEGATIVE ION MODE,DEOXYCHOLIC ACID (M+CL)-,Deoxycholic acid,199,10159.0
AN001201:ME211575,AN001201,Reversed phase NEGATIVE ION MODE,DEOXYCHOLIC ACID (M-H)-,Deoxycholic acid,210,213887.5
AN001201:ME211576,AN001201,Reversed phase NEGATIVE ION MODE,DEOXYURIDINE (M+CL)-,Deoxyuridine,141,66656.0
AN001201:ME211577,AN001201,Reversed phase NEGATIVE ION MODE,DOCOSAHEXAENOIC ACID (M-H)-,Docosahexaenoic acid,218,311927.0
AN001201:ME211578,AN001201,Reversed phase NEGATIVE ION MODE,DUMP (M-H)-,dUMP,204,10871.5
AN001201:ME211579,AN001201,Reversed phase NEGATIVE ION MODE,EPIBRASSINOLIDE [ISTD] (M+CL)-,Standard,218,48913.5
AN001201:ME211580,AN001201,Reversed phase NEGATIVE ION MODE,ERUCIC ACID (M-H)-,cis-Erucic acid,141,9399.0
AN001201:ME211581,AN001201,Reversed phase NEGATIVE ION MODE,ETHYLMALONIC ACID (M-H)-,Ethylmalonic acid,137,13871.0
AN001201:ME211582,AN001201,Reversed phase NEGATIVE ION MODE,GLUCOSE (M+CL)-,Glucose,214,188126.5
AN001201:ME211583,AN001201,Reversed phase NEGATIVE ION MODE,GLUTAMINE (M-H)-,Glutamine,204,19168.0
AN001201:ME211584,AN001201,Reversed phase NEGATIVE ION MODE,GLUTARIC ACID (M-H)-,Glutaric acid,74,22922.5
AN001201:ME211585,AN001201,Reversed phase NEGATIVE ION MODE,GLYCERIC ACID (M-H)-,Glyceric acid,151,15079.0
AN001201:ME211586,AN001201,Reversed phase NEGATIVE ION MODE,GLYCOCHOLIC ACID (2M-H)-,Glycocholic acid,77,5625.0
AN001201:ME211587,AN001201,Reversed phase NEGATIVE ION MODE,GLYCOCHOLIC ACID (M-H)-,Glycocholic acid,216,146704.5
AN001201:ME211588,AN001201,Reversed phase NEGATIVE ION MODE,GLYCOLITHOCHOLIC ACID (M-H)-,Glycolithocholic acid,146,21455.0
AN001201:ME211589,AN001201,Reversed phase NEGATIVE ION MODE,GUANOSINE 5'-PHOSPHATE (2M-H)+,GMP,213,28783.0
AN001201:ME211590,AN001201,Reversed phase NEGATIVE ION MODE,HEPTADECANOIC ACID (M-H)-,Margaric acid,165,54966.0
AN001201:ME211591,AN001201,Reversed phase NEGATIVE ION MODE,HIPPURIC ACID (M-H)-,Hippuric acid,189,1799625.0
AN001201:ME211592,AN001201,Reversed phase NEGATIVE ION MODE,HYODEOXYCHOLIC ACID (M-H)-,Hyodeoxycholic acid,211,509785.0
AN001201:ME211594,AN001201,Reversed phase NEGATIVE ION MODE,IBUPROFEN CARBOXYLIC ACID (2M-H)-,Carboxyibuprofen,19,66294.0
AN001201:ME211595,AN001201,Reversed phase NEGATIVE ION MODE,IBUPROFEN CARBOXYLIC ACID (M-H)-,Carboxyibuprofen,126,17342.0
AN001201:ME211593,AN001201,Reversed phase NEGATIVE ION MODE,IBUPROFEN (M-H)-,Ibuprofen,99,11642.0
AN001201:ME211596,AN001201,Reversed phase NEGATIVE ION MODE,INDOLE-3-ACETIC ACID (M-H)-,Indoleacetic acid,218,59208.5
AN001201:ME211597,AN001201,Reversed phase NEGATIVE ION MODE,ISOCITRIC ACID (M-H)-,Isocitric acid,217,781643.0
AN001201:ME211598,AN001201,Reversed phase NEGATIVE ION MODE,ISOLEUCINE (M-H)-,Isoleucine,218,546419.5
AN001201:ME211599,AN001201,Reversed phase NEGATIVE ION MODE,KYNURENIC ACID (M-H)-,Kynurenic acid,211,17480.0
AN001201:ME211602,AN001201,Reversed phase NEGATIVE ION MODE,L-[15N]ANTHRANILIC ACID [ISTD] (M-H)-,Standard,215,29251.0
AN001201:ME211603,AN001201,Reversed phase NEGATIVE ION MODE,LAURIC ACID (M-H)-,Lauric acid,216,72556.5
AN001201:ME211600,AN001201,Reversed phase NEGATIVE ION MODE,L-HISTIDINE (M-H)-,Histidine,216,12956.5
AN001201:ME211604,AN001201,Reversed phase NEGATIVE ION MODE,LIGNOCERIC ACID (M-H)-,Lignoceric acid,163,5743.0
AN001201:ME211605,AN001201,Reversed phase NEGATIVE ION MODE,LINOLEIC ACID (M-H)-,Linoleic acid,218,3029813.5
AN001201:ME211601,AN001201,Reversed phase NEGATIVE ION MODE,L-TRYPTOPHAN-15N2 [ISTD] (M-H)-,Standard,218,292131.5
AN001201:ME211606,AN001201,Reversed phase NEGATIVE ION MODE,LYSINE (M-H)-,Lysine,217,6492.0
AN001201:ME211607,AN001201,Reversed phase NEGATIVE ION MODE,MALIC ACID (M-H)-,Malic acid,217,131272.0
AN001201:ME211608,AN001201,Reversed phase NEGATIVE ION MODE,MANDELIC ACID #2 (M-H)-,Mandelic acid,174,46602.0
AN001201:ME211609,AN001201,Reversed phase NEGATIVE ION MODE,MANDELIC ACID (M-H)-,Mandelic acid,218,31039.0
AN001201:ME211610,AN001201,Reversed phase NEGATIVE ION MODE,METHYLMALONIC ACID (M-H)-,Methylmalonic acid,167,51537.0
AN001201:ME211611,AN001201,Reversed phase NEGATIVE ION MODE,MEVALONIC ACID (M-H)-,Mevalonic acid,214,28887.0
AN001201:ME211612,AN001201,Reversed phase NEGATIVE ION MODE,MYRISTIC ACID (M-H)-,Myristic acid,215,240721.0
AN001201:ME211613,AN001201,Reversed phase NEGATIVE ION MODE,MYRISTOLEIC ACID (M-H)-,Myristoleic acid,217,73274.0
AN001201:ME211614,AN001201,Reversed phase NEGATIVE ION MODE,N-ACETYL-D-GLUCOSAMINE (M+CL)-,N-Acetylglucosamine,47,15576.0
AN001201:ME211616,AN001201,Reversed phase NEGATIVE ION MODE,N-ACETYL-DL-METHIONINE (M-H)-,N-Acetylmethionine,112,28242.0
AN001201:ME211615,AN001201,Reversed phase NEGATIVE ION MODE,N-ACETYL-D-TRYPTOPHAN (M-H)-,N-Acetyl-D-tryptophan,158,7935.5
AN001201:ME211619,AN001201,Reversed phase NEGATIVE ION MODE,N-ACETYLGLYCINE (M-H)-,N-Acetylglycine,101,12707.0
AN001201:ME211617,AN001201,Reversed phase NEGATIVE ION MODE,N-ACETYL-L-ALANINE (M-H)-,N-Acetylalanine,207,116870.0
AN001201:ME211618,AN001201,Reversed phase NEGATIVE ION MODE,N-ACETYL-L-LEUCINE (M-H)-,N-Acetylleucine,217,9686.0
AN001201:ME211620,AN001201,Reversed phase NEGATIVE ION MODE,N-ACETYLNEURAMINIC ACID (M-H)-,N-Acetylneuraminic acid,217,104793.0
AN001201:ME211622,AN001201,Reversed phase NEGATIVE ION MODE,NAPROXEN (M-H)-,Naproxen,34,4219732.0
AN001201:ME211623,AN001201,Reversed phase NEGATIVE ION MODE,NERVONIC ACID (M-H)-,Nervonic acid,159,36348.0
AN001201:ME211621,AN001201,Reversed phase NEGATIVE ION MODE,N-ETHYLMALEIMIDE (M-H)-,N-Ethylmaleimide,206,35734.0
AN001201:ME211624,AN001201,Reversed phase NEGATIVE ION MODE,OLEIC ACID (M-H)-,Oleic acid,218,7052983.0
AN001201:ME211625,AN001201,Reversed phase NEGATIVE ION MODE,OMEGA-HYDROXYDODECANOIC ACID (M-H)-,12-Hydroxy lauric acid,47,2678.0
AN001201:ME211626,AN001201,Reversed phase NEGATIVE ION MODE,OMEPRAZOLE (M-H)-,Omeprazole,70,57771.5
AN001201:ME211627,AN001201,Reversed phase NEGATIVE ION MODE,ORNITHINE (M-H)-,Ornithine,156,3272.5
AN001201:ME211628,AN001201,Reversed phase NEGATIVE ION MODE,OXALIC ACID (M-H)-,Oxalic acid,214,114138.5
AN001201:ME211629,AN001201,Reversed phase NEGATIVE ION MODE,OXALOACETIC ACID (M-H)-[-H2O],Oxaloacetic acid,218,181315.0
AN001201:ME211630,AN001201,Reversed phase NEGATIVE ION MODE,P-ACETAMIDOPHENYL BETA-D-GLUCURONIDE (2M-H)-,p-Acetamidophenylglucuronide,31,107585.0
AN001201:ME211631,AN001201,Reversed phase NEGATIVE ION MODE,P-ACETAMIDOPHENYL BETA-D-GLUCURONIDE (M-H)-,p-Acetamidophenylglucuronide,62,41562.0
AN001201:ME211632,AN001201,Reversed phase NEGATIVE ION MODE,PALMITIC ACID (M-H)-,Palmitic acid,218,1650712.5
AN001201:ME211633,AN001201,Reversed phase NEGATIVE ION MODE,PALMITOLEIC ACID (M-H)-,Palmitoleic acid,218,813291.5
AN001201:ME211634,AN001201,Reversed phase NEGATIVE ION MODE,PANTOTHENIC ACID (M+CL)-,Pantothenic acid,44,7073.5
AN001201:ME211635,AN001201,Reversed phase NEGATIVE ION MODE,PANTOTHENIC ACID (M-H)-,Pantothenic acid,218,103371.5
AN001201:ME211636,AN001201,Reversed phase NEGATIVE ION MODE,PHENYLALANINE (M-H)-,Phenylalanine,218,1642043.0
AN001201:ME211637,AN001201,Reversed phase NEGATIVE ION MODE,PHTHALIC ACID (M-H)-,Phthalic acid,92,8219.5
AN001201:ME211638,AN001201,Reversed phase NEGATIVE ION MODE,PHYTANIC ACID (M-H)-,Phytanic acid,162,13027.0
AN001201:ME211639,AN001201,Reversed phase NEGATIVE ION MODE,PIMELIC ACID (M-H)-,Pimelic acid,68,3630.0
AN001201:ME211640,AN001201,Reversed phase NEGATIVE ION MODE,QUINIC ACID (M-H)-,Quinic acid,31,24260.0
AN001201:ME211641,AN001201,Reversed phase NEGATIVE ION MODE,RAFFINOSE (M+CL)-,Raffinose,205,5297.0
AN001201:ME211642,AN001201,Reversed phase NEGATIVE ION MODE,S-ADENOSYL-L-HOMOCYSTEINE (M-H)-,S-Adenosylhomocysteine,163,21472.0
AN001201:ME211643,AN001201,Reversed phase NEGATIVE ION MODE,SALICYLATE #2 (M-H)-,Salicylic acid,218,206147.0
AN001201:ME211644,AN001201,Reversed phase NEGATIVE ION MODE,SALICYLIC ACID (M-H)-,Salicylic acid,39,8543.0
AN001201:ME211645,AN001201,Reversed phase NEGATIVE ION MODE,SALICYLURIC ACID (M-H)-,Salicyluric acid,181,11406.0
AN001201:ME211646,AN001201,Reversed phase NEGATIVE ION MODE,SEBACIC ACID (M-H)-,Sebacic acid,218,30582.5
AN001201:ME211647,AN001201,Reversed phase NEGATIVE ION MODE,STEARIC ACID (M-H)-,Stearic acid,218,893261.0
AN001201:ME211648,AN001201,Reversed phase NEGATIVE ION MODE,SUBERIC ACID (M-H)-,Suberic acid,214,29914.5
AN001201:ME211649,AN001201,Reversed phase NEGATIVE ION MODE,SUCCINIC ACID (M-H)-,Succinic acid,218,157144.0
AN001201:ME211650,AN001201,Reversed phase NEGATIVE ION MODE,SUCROSE (M+CL)-,Sucrose,100,5459.0
AN001201:ME211651,AN001201,Reversed phase NEGATIVE ION MODE,TARTARIC ACID (M-H)-,Tartaric acid,5,1993873.0
AN001201:ME211652,AN001201,Reversed phase NEGATIVE ION MODE,THEOPHYLLINE (M-H)-,Theophylline,216,464482.5
AN001201:ME211653,AN001201,Reversed phase NEGATIVE ION MODE,THYMIDINE (M+CL)-,Thymidine,151,11131.0
AN001201:ME211654,AN001201,Reversed phase NEGATIVE ION MODE,THYROXINE (M-H)-,Thyroxine,218,23556.5
AN001201:ME211655,AN001201,Reversed phase NEGATIVE ION MODE,TRANS-ACONITIC ACID (M-H)-,trans-Aconitic acid,217,627907.0
AN001201:ME211656,AN001201,Reversed phase NEGATIVE ION MODE,TRICARBALLYLIC ACID (M-H)-[-H2O],"1,2,3-Propanetricarboxylic acid",106,18562.0
AN001201:ME211657,AN001201,Reversed phase NEGATIVE ION MODE,TRICOSANOIC ACID (M-H)-,Tricosylic acid,76,3042.0
AN001201:ME211658,AN001201,Reversed phase NEGATIVE ION MODE,TRIDECANOIC ACID (M-H)-,Tridecylic acid,147,6156.0
AN001201:ME211659,AN001201,Reversed phase NEGATIVE ION MODE,TRYPTOPHAN (2M-H)-,Tryptophan,218,703120.0
AN001201:ME211660,AN001201,Reversed phase NEGATIVE ION MODE,TRYPTOPHAN (M-H)-,Tryptophan,218,2987567.5
AN001201:ME211661,AN001201,Reversed phase NEGATIVE ION MODE,TYROSINE (M-H)-,Tyrosine,217,413066.0
AN001201:ME211662,AN001201,Reversed phase NEGATIVE ION MODE,URIC ACID (M-H)-,Uric acid,218,2179584.0
AN001201:ME211663,AN001201,Reversed phase NEGATIVE ION MODE,URIDINE (M+CL)-,Uridine,216,3905286.5
AN001201:ME211664,AN001201,Reversed phase NEGATIVE ION MODE,URIDINE (M-H)-,Uridine,163,210721.0
AN001201:ME211665,AN001201,Reversed phase NEGATIVE ION MODE,VALINE (M-H)-,Valine,157,12284.0
AN001201:ME211666,AN001201,Reversed phase NEGATIVE ION MODE,XANTHINE (M-H)-,Xanthine,163,115053.0
AN001201:ME211667,AN001201,Reversed phase NEGATIVE ION MODE,ZEATIN [ISTD] (M+CL)-,Standard,218,115684.0
AN001201:ME211668,AN001201,Reversed phase NEGATIVE ION MODE,ZEATIN [ISTD] (M-H)-,Standard,218,148063.0
AN001202:ME211671,AN001202,Reversed phase POSITIVE ION MODE,16:0 LYSO PC (M+H)+,LPC 16:0,218,476451.0
AN001202:ME211672,AN001202,Reversed phase POSITIVE ION MODE,16:0 LYSO PC (M+NA)+,LPC 16:0,218,939007.0
AN001202:ME211673,AN001202,Reversed phase POSITIVE ION MODE,18:0 LYSO-PE (M+H)+,LPE 18:0,123,111329.0
AN001202:ME211669,AN001202,Reversed phase POSITIVE ION MODE,1-METHYLADENOSINE (M+H)+,1-Methyladenosine,214,164453.5
AN001202:ME211670,AN001202,Reversed phase POSITIVE ION MODE,1-METHYLADENOSINE (M+NA)+,1-Methyladenosine,51,12940.0
AN001202:ME211674,AN001202,Reversed phase POSITIVE ION MODE,3-DEHYDROXYCARNITINE (M+H)+,3-Dehydroxycarnitine,41,60719.0
AN001202:ME211675,AN001202,Reversed phase POSITIVE ION MODE,3-HYDROXYBENZALDEHYDE (M+H)+[-H2O],3-Hydroxybenzaldehyde,209,127445.0
AN001202:ME211676,AN001202,Reversed phase POSITIVE ION MODE,3-METHOXYTYROSINE (M+H)+,3-O-Methyl-DOPA,202,26195.5
AN001202:ME211677,AN001202,Reversed phase POSITIVE ION MODE,3-METHYL-2-BUTENAL (M+NA)+,3-Methyl-2-butenal,100,4208.0
AN001202:ME211678,AN001202,Reversed phase POSITIVE ION MODE,4-HYDROXY-3-METHOXYPHENYLGLYCOL (M+H)+[-H2O],Vanylglycol,154,1094472.5
AN001202:ME211679,AN001202,Reversed phase POSITIVE ION MODE,4-PYRIDOXIC ACID (M+NA)+,4-Pyridoxic acid,211,72111.0
AN001202:ME211680,AN001202,Reversed phase POSITIVE ION MODE,4-QUINOLINECARBOXYLIC ACID #2 (M+H)+,4-Quinolinecarboxylic acid,91,26821.0
AN001202:ME211682,AN001202,Reversed phase POSITIVE ION MODE,5-HYDROXYTRYPTOPHAN (M+H)+,5-Hydroxy-tryptophan,85,30505.0
AN001202:ME211681,AN001202,Reversed phase POSITIVE ION MODE,5'-METHYLTHIOADENOSINE (M+H)+,5'-Methylthioadenosine,217,77286.0
AN001202:ME211683,AN001202,Reversed phase POSITIVE ION MODE,5-OXOPROLINE (M+H)+,Pyroglutamic acid,162,103435.5
AN001202:ME211684,AN001202,Reversed phase POSITIVE ION MODE,5-OXOPROLINE (M+NA)+,Pyroglutamic acid,216,169900.0
AN001202:ME211685,AN001202,Reversed phase POSITIVE ION MODE,ACETAMINOPHEN (TN TYLENOL) (M+H)+,Acetaminophen,49,172042.0
AN001202:ME211686,AN001202,Reversed phase POSITIVE ION MODE,ACETAMINOPHEN (TN TYLENOL) (M+NA)+,Acetaminophen,67,146312.0
AN001202:ME211687,AN001202,Reversed phase POSITIVE ION MODE,ADENOSINE 5'-MONOPHOSPHATE (M+H)+,AMP,86,3880.0
AN001202:ME211688,AN001202,Reversed phase POSITIVE ION MODE,ADIPIC ACID (M+H)+,Adipic acid,52,19525.0
AN001202:ME211689,AN001202,Reversed phase POSITIVE ION MODE,ADIPIC ACID (M+NA)+,Adipic acid,104,24295.0
AN001202:ME211690,AN001202,Reversed phase POSITIVE ION MODE,ALPHA-LINOLENIC ACID (M+NA)+,alpha-Linolenic acid,215,16908.0
AN001202:ME211691,AN001202,Reversed phase POSITIVE ION MODE,ALPHA-TOCOPHEROL (M+H)+,alpha-Tocopherol,218,106278.0
AN001202:ME211692,AN001202,Reversed phase POSITIVE ION MODE,AZELAIC ACID (M+H)+[-H2O],Azelaic acid,53,23506.0
AN001202:ME211693,AN001202,Reversed phase POSITIVE ION MODE,AZELAIC ACID (M+NA)+,Azelaic acid,216,98754.0
AN001202:ME211694,AN001202,Reversed phase POSITIVE ION MODE,BILIVERDIN (M+H)+,Biliverdin,216,239716.0
AN001202:ME211695,AN001202,Reversed phase POSITIVE ION MODE,BILIVERDIN (M+NA)+,Biliverdin,160,42742.0
AN001202:ME211696,AN001202,Reversed phase POSITIVE ION MODE,BIS(2-ETHYLHEXYL)PHTHALIC ACID (M+H)+,bis(2-Ethylhexyl)phthalic acid,103,403220.0
AN001202:ME211697,AN001202,Reversed phase POSITIVE ION MODE,BIS(2-ETHYLHEXYL)PHTHALIC ACID (M+NA)+,bis(2-Ethylhexyl)phthalic acid,218,413548.5
AN001202:ME211698,AN001202,Reversed phase POSITIVE ION MODE,CAFFEINE (M+H)+,Caffeine,207,3162991.0
AN001202:ME211699,AN001202,Reversed phase POSITIVE ION MODE,CAFFEINE (M+NA)+,Caffeine,100,73764.0
AN001202:ME211700,AN001202,Reversed phase POSITIVE ION MODE,CHOLESTEROL (M+H)+[-H2O],Cholesterol,218,424765.5
AN001202:ME211701,AN001202,Reversed phase POSITIVE ION MODE,CHOLIC ACID (2M+H)+,Cholic acid,11,179403.0
AN001202:ME211702,AN001202,Reversed phase POSITIVE ION MODE,CHOLIC ACID (2M+NA)+,Cholic acid,24,15752.5
AN001202:ME211703,AN001202,Reversed phase POSITIVE ION MODE,CHOLINE M+,Choline,218,218908.5
AN001202:ME211704,AN001202,Reversed phase POSITIVE ION MODE,CITRIC ACID (M+NA)+,Citric acid,217,66793.0
AN001202:ME211705,AN001202,Reversed phase POSITIVE ION MODE,CORTICOSTERONE (M+H)+,Corticosterone,34,6914.5
AN001202:ME211706,AN001202,Reversed phase POSITIVE ION MODE,CORTICOSTERONE (M+NA)+,Corticosterone,200,22925.5
AN001202:ME211707,AN001202,Reversed phase POSITIVE ION MODE,CORTISOL (M+H)+,Cortisol,217,85709.0
AN001202:ME211708,AN001202,Reversed phase POSITIVE ION MODE,CORTISOL (M+NA)+,Cortisol,217,516382.0
AN001202:ME211709,AN001202,Reversed phase POSITIVE ION MODE,CORTISONE (M+H)+,Cortisone,200,20248.5
AN001202:ME211710,AN001202,Reversed phase POSITIVE ION MODE,CORTISONE (M+NA)+,Cortisone,207,116500.0
AN001202:ME211711,AN001202,Reversed phase POSITIVE ION MODE,DECANOIC ACID (2M+NA)+,Capric acid,15,3240.0
AN001202:ME211712,AN001202,Reversed phase POSITIVE ION MODE,DECANOYLCARNITINE (*) (M+H)+,CAR 10:0,214,14322.5
AN001202:ME211713,AN001202,Reversed phase POSITIVE ION MODE,DEOXYCHOLIC ACID (2M+H)+,Deoxycholic acid,172,6167.0
AN001202:ME211714,AN001202,Reversed phase POSITIVE ION MODE,DEOXYCHOLIC ACID (2M+NA)+,Deoxycholic acid,194,24855.0
AN001202:ME211715,AN001202,Reversed phase POSITIVE ION MODE,DEOXYCHOLIC ACID (M+NA)+,Deoxycholic acid,217,116382.0
AN001202:ME211716,AN001202,Reversed phase POSITIVE ION MODE,DESMOSTEROL (M+H)+[-H2O],Desmosterol,96,11219.0
AN001202:ME211717,AN001202,Reversed phase POSITIVE ION MODE,DODECENOYLCARNITINE (*) II M+,CAR 12:1,155,16250.0
AN001202:ME211718,AN001202,Reversed phase POSITIVE ION MODE,DOXYLAMINE (M+H)+,Doxylamine,101,5920.0
AN001202:ME211719,AN001202,Reversed phase POSITIVE ION MODE,EDTA (M+H)+,EDTA,157,168558.0
AN001202:ME211720,AN001202,Reversed phase POSITIVE ION MODE,EDTA (M+NA)+,EDTA,158,354391.5
AN001202:ME211721,AN001202,Reversed phase POSITIVE ION MODE,ELAIDIC ACID (M+H)+,Elaidic acid,204,18874.0
AN001202:ME211722,AN001202,Reversed phase POSITIVE ION MODE,GLUCOSE (M+NA)+,Glucose,213,12063.0
AN001202:ME211723,AN001202,Reversed phase POSITIVE ION MODE,GLUTARYLCARNITINE (*) (M+H)+,CAR DC5:0,215,414892.0
AN001202:ME211724,AN001202,Reversed phase POSITIVE ION MODE,GLYCEROL MYRISTATE (M+H)+[-H2O],MG 14:0,146,2462.5
AN001202:ME211725,AN001202,Reversed phase POSITIVE ION MODE,GLYCEROL MYRISTATE (M+NA)+,MG 14:0,211,10823.0
AN001202:ME211726,AN001202,Reversed phase POSITIVE ION MODE,GLYCOCHOLIC ACID (M+H)+,Glycocholic acid,200,14954.5
AN001202:ME211727,AN001202,Reversed phase POSITIVE ION MODE,GLYCOCHOLIC ACID (M+H)+[-H2O],Glycocholic acid,167,9835.0
AN001202:ME211728,AN001202,Reversed phase POSITIVE ION MODE,GLYCOCHOLIC ACID (M+NA)+,Glycocholic acid,192,24623.0
AN001202:ME211729,AN001202,Reversed phase POSITIVE ION MODE,HEXANOYLCARNITINE (*) M+,CAR 6:0,164,108004.0
AN001202:ME211730,AN001202,Reversed phase POSITIVE ION MODE,HIPPURIC ACID (M+H)+,Hippuric acid,179,247071.0
AN001202:ME211731,AN001202,Reversed phase POSITIVE ION MODE,HIPPURIC ACID (M+NA)+,Hippuric acid,178,1110051.0
AN001202:ME211733,AN001202,Reversed phase POSITIVE ION MODE,IBUPROFEN CARBOXYLIC ACID (M+H)+[-H2O],Carboxyibuprofen,28,12926.5
AN001202:ME211734,AN001202,Reversed phase POSITIVE ION MODE,IBUPROFEN CARBOXYLIC ACID (M+NA)+,Carboxyibuprofen,132,18108.0
AN001202:ME211732,AN001202,Reversed phase POSITIVE ION MODE,IBUPROFEN (M+NA)+,Ibuprofen,86,5611.0
AN001202:ME211735,AN001202,Reversed phase POSITIVE ION MODE,INDOLE-3-ACETALDEHYDE (M+H)+,Indoleacetaldehyde,177,117448.0
AN001202:ME211736,AN001202,Reversed phase POSITIVE ION MODE,INDOLE-3-ACETIC ACID (M+H)+,Indoleacetic acid,217,173184.0
AN001202:ME211737,AN001202,Reversed phase POSITIVE ION MODE,INDOLE-3-ACETIC ACID (M+NA)+,Indoleacetic acid,217,216237.0
AN001202:ME211738,AN001202,Reversed phase POSITIVE ION MODE,ISO-BUTYRYLCARNITINE (*) (M+H)+,CAR 3:0;2Me,216,782955.0
AN001202:ME211739,AN001202,Reversed phase POSITIVE ION MODE,ISOLEUCINE (M+H)+,Isoleucine,217,22386027.0
AN001202:ME211740,AN001202,Reversed phase POSITIVE ION MODE,ISOLEUCINE (M+NA)+,Isoleucine,217,550913.0
AN001202:ME211741,AN001202,Reversed phase POSITIVE ION MODE,ISOVALERYLCARNITINE (*) (M+H)+,CAR 4:0;3Me,217,448009.0
AN001202:ME211742,AN001202,Reversed phase POSITIVE ION MODE,KYNURENIC ACID (M+H)+,Kynurenic acid,93,37270.0
AN001202:ME211743,AN001202,Reversed phase POSITIVE ION MODE,KYNURENINE (M+H)+,Kynurenine,217,415792.0
AN001202:ME211744,AN001202,Reversed phase POSITIVE ION MODE,KYNURENINE (M+NA)+,Kynurenine,212,67007.0
AN001202:ME211746,AN001202,Reversed phase POSITIVE ION MODE,LAUROYLCARNITINE (M+H)+,CAR 12:0,209,22682.0
AN001202:ME211745,AN001202,Reversed phase POSITIVE ION MODE,L-TRYPTOPHAN-15N2 [ISTD] (M+H)+,Standard,217,1094073.0
AN001202:ME211747,AN001202,Reversed phase POSITIVE ION MODE,LUMICHROME (M+NA)+,Lumichrome,182,6119.0
AN001202:ME211748,AN001202,Reversed phase POSITIVE ION MODE,LYSINE (M+H)+,Lysine,143,3810.0
AN001202:ME211749,AN001202,Reversed phase POSITIVE ION MODE,METHIONINE (M+H)+,Methionine,218,731471.0
AN001202:ME211750,AN001202,Reversed phase POSITIVE ION MODE,METHYL INDOLE-3-ACETATE (M+H)+,Indole-3-methyl acetate,147,38975.0
AN001202:ME211751,AN001202,Reversed phase POSITIVE ION MODE,METHYL INDOLE-3-ACETATE (M+NA)+,Indole-3-methyl acetate,164,67971.0
AN001202:ME211752,AN001202,Reversed phase POSITIVE ION MODE,METHYL JASMONATE (M+H)+,Methyl jasmonate,49,19036.0
AN001202:ME211753,AN001202,Reversed phase POSITIVE ION MODE,MYRISTOYLCARNITINE (*) (M+H)+,CAR 14:0,40,4213.0
AN001202:ME211754,AN001202,Reversed phase POSITIVE ION MODE,N-ACETYL-DL-SERINE (M+H)+[-H2O],N-Acetylserine,155,35802.0
AN001202:ME211755,AN001202,Reversed phase POSITIVE ION MODE,N-ACETYL-L-PHENYLALANINE (M+NA)+,N-Acetylphenylalanine,95,6712.0
AN001202:ME211759,AN001202,Reversed phase POSITIVE ION MODE,NAPROXEN (M+H)+,Naproxen,68,171018.5
AN001202:ME211760,AN001202,Reversed phase POSITIVE ION MODE,NAPROXEN (M+NA)+,Naproxen,49,939230.0
AN001202:ME211756,AN001202,Reversed phase POSITIVE ION MODE,N-CYCLOHEXYLFORMAMIDE (M+H)+,N-Cyclohexylformamide,164,58545.0
AN001202:ME211757,AN001202,Reversed phase POSITIVE ION MODE,N-CYCLOHEXYLFORMAMIDE (M+NA)+,N-Cyclohexylformamide,217,84469.0
AN001202:ME211761,AN001202,Reversed phase POSITIVE ION MODE,NICOTINAMIDE (M+H)+,Niacinamide,175,111539.0
AN001202:ME211758,AN001202,Reversed phase POSITIVE ION MODE,N-METHYL-GLUTAMIC ACID (M+NA)+,N-Methyl-glutamic acid,66,21835.5
AN001202:ME211762,AN001202,Reversed phase POSITIVE ION MODE,OCTENOYLCARNITINE (*) M+,CAR 8:1,164,260370.0
AN001202:ME211763,AN001202,Reversed phase POSITIVE ION MODE,OLEAMIDE (M+H)+,Oleamide,15,7019.0
AN001202:ME211764,AN001202,Reversed phase POSITIVE ION MODE,OLEIC ACID (M+H)+,Oleic acid,35,1863.0
AN001202:ME211765,AN001202,Reversed phase POSITIVE ION MODE,OLEIC ACID (M+NA)+,Oleic acid,141,12799.0
AN001202:ME211766,AN001202,Reversed phase POSITIVE ION MODE,OLEOYL-GLYCEROL (M+H)+,MG 18:1,60,5302.5
AN001202:ME211767,AN001202,Reversed phase POSITIVE ION MODE,OLEOYL-GLYCEROL (M+NA)+,MG 18:1,218,85814.0
AN001202:ME211768,AN001202,Reversed phase POSITIVE ION MODE,OMEPRAZOLE (M+H)+,Omeprazole,64,406635.5
AN001202:ME211769,AN001202,Reversed phase POSITIVE ION MODE,OMEPRAZOLE SULFONE (2M+NA)+,Omeprazole sulfone,99,582248.0
AN001202:ME211770,AN001202,Reversed phase POSITIVE ION MODE,OMEPRAZOLE SULFONE (M+H)+,Omeprazole sulfone,91,2501588.0
AN001202:ME211771,AN001202,Reversed phase POSITIVE ION MODE,P-ACETAMIDOPHENYL BETA-D-GLUCURONIDE (2M+H)+,p-Acetamidophenylglucuronide,26,68154.5
AN001202:ME211772,AN001202,Reversed phase POSITIVE ION MODE,P-ACETAMIDOPHENYL BETA-D-GLUCURONIDE (M+H)+,p-Acetamidophenylglucuronide,33,106766.0
AN001202:ME211773,AN001202,Reversed phase POSITIVE ION MODE,P-ACETAMIDOPHENYL BETA-D-GLUCURONIDE (M+NA)+,p-Acetamidophenylglucuronide,43,81820.0
AN001202:ME211774,AN001202,Reversed phase POSITIVE ION MODE,PANTOTHENIC ACID (M+H)+,Pantothenic acid,212,50826.0
AN001202:ME211775,AN001202,Reversed phase POSITIVE ION MODE,PANTOTHENIC ACID (M+NA)+,Pantothenic acid,214,167662.5
AN001202:ME211776,AN001202,Reversed phase POSITIVE ION MODE,PHENYLALANINE (M+H)+,Phenylalanine,213,624671.0
AN001202:ME211777,AN001202,Reversed phase POSITIVE ION MODE,PHENYLALANINE (M+NA)+,Phenylalanine,164,72923.0
AN001202:ME211778,AN001202,Reversed phase POSITIVE ION MODE,PROLINE (M+H)+,Proline,208,182197.5
AN001202:ME211779,AN001202,Reversed phase POSITIVE ION MODE,PROLINE (M+NA)+,Proline,49,10157.0
AN001202:ME211780,AN001202,Reversed phase POSITIVE ION MODE,PROPIONYLCARNITINE (*) (M+H)+,CAR 3:0,155,141385.0
AN001202:ME211781,AN001202,Reversed phase POSITIVE ION MODE,S-ADENOSYL-L-HOMOCYSTEINE (M+H)+,S-Adenosylhomocysteine,214,17172.0
AN001202:ME211782,AN001202,Reversed phase POSITIVE ION MODE,SALICYLURIC ACID (M+H)+,Salicyluric acid,27,41461.0
AN001202:ME211783,AN001202,Reversed phase POSITIVE ION MODE,SALICYLURIC ACID (M+NA)+,Salicyluric acid,32,17166.5
AN001202:ME211784,AN001202,Reversed phase POSITIVE ION MODE,SEBACIC ACID (M+NA)+,Sebacic acid,160,22179.0
AN001202:ME211785,AN001202,Reversed phase POSITIVE ION MODE,SEROTONIN (M+H)+,Serotonin,25,358284.0
AN001202:ME211786,AN001202,Reversed phase POSITIVE ION MODE,SUBERIC ACID (M+NA)+,Suberic acid,84,18287.5
AN001202:ME211787,AN001202,Reversed phase POSITIVE ION MODE,TETRADECENOYLCARNITINE (*) M+,CAR 14:1,95,23234.0
AN001202:ME211788,AN001202,Reversed phase POSITIVE ION MODE,THEOBROMINE (M+H)+,Theobromine,207,442707.0
AN001202:ME211789,AN001202,Reversed phase POSITIVE ION MODE,THEOBROMINE (M+NA)+,Theobromine,206,71309.5
AN001202:ME211790,AN001202,Reversed phase POSITIVE ION MODE,THEOPHYLLINE (M+H)+,Theophylline,150,253237.0
AN001202:ME211791,AN001202,Reversed phase POSITIVE ION MODE,THEOPHYLLINE (M+NA)+,Theophylline,199,188632.0
AN001202:ME211792,AN001202,Reversed phase POSITIVE ION MODE,THYROXINE (M+H)+,Thyroxine,217,26465.0
AN001202:ME211793,AN001202,Reversed phase POSITIVE ION MODE,TRYPTOPHAN (M+H)+,Tryptophan,217,9256246.0
AN001202:ME211794,AN001202,Reversed phase POSITIVE ION MODE,TRYPTOPHAN (M+NA)+,Tryptophan,217,1107447.0
AN001202:ME211795,AN001202,Reversed phase POSITIVE ION MODE,TYROSINE (M+H)+,Tyrosine,216,3007797.0
AN001202:ME211796,AN001202,Reversed phase POSITIVE ION MODE,TYROSINE (M+NA)+,Tyrosine,210,229919.5
AN001202:ME211797,AN001202,Reversed phase POSITIVE ION MODE,URIC ACID (M+H)+,Uric acid,100,65771.5
AN001202:ME211798,AN001202,Reversed phase POSITIVE ION MODE,URIDINE (M+NA)+,Uridine,210,42224.0
AN001202:ME211799,AN001202,Reversed phase POSITIVE ION MODE,VALINE (M+H)+,Valine,217,1817574.0
AN001202:ME211800,AN001202,Reversed phase POSITIVE ION MODE,VALINE (M+NA)+,Valine,48,62036.0
AN001202:ME211801,AN001202,Reversed phase POSITIVE ION MODE,ZEATIN [ISTD] (M+H)+,Standard,217,240901.0
AN001203:ME211804,AN001203,C18 NEGATIVE ION MODE,CerP 32:1; [M-H]-@5.07,CerP 32:1;O2,218,6732.4533055
AN001203:ME211805,AN001203,C18 NEGATIVE ION MODE,CerP 34:1; [M-H]-@5.79,CerP 34:1;O2,218,16423.077790000003
AN001203:ME211806,AN001203,C18 NEGATIVE ION MODE,CerP 34:2; [M-H]-@5.25,CerP 34:2;O2,218,12850.62565
AN001203:ME211802,AN001203,C18 NEGATIVE ION MODE,CL 66:1; [M-2H](2-)@6.20,CL 66:1,218,14758.598194999999
AN001203:ME211803,AN001203,C18 NEGATIVE ION MODE,CL 74:7; [M-2H](2-)@6.21,CL 74:7,218,386457.1953
AN001203:ME211807,AN001203,C18 NEGATIVE ION MODE,FFA(16:0),Palmitic acid,218,65733324.595
AN001203:ME211808,AN001203,C18 NEGATIVE ION MODE,FFA(18:0),Stearic acid,218,64335730.58499999
AN001203:ME211809,AN001203,C18 NEGATIVE ION MODE,FFA(18:1),Octadecenoic acid,218,54603319.355000004
AN001203:ME211810,AN001203,C18 NEGATIVE ION MODE,FFA(18:2),Octadecadienoic acid,218,30668852.17
AN001203:ME211811,AN001203,C18 NEGATIVE ION MODE,FFA(20:0),Arachidic acid,218,1833899.1664999998
AN001203:ME211812,AN001203,C18 NEGATIVE ION MODE,FFA(20:1),Heneicosenoic acid,218,969428.9602000001
AN001203:ME211813,AN001203,C18 NEGATIVE ION MODE,FFA(20:2),Eicosadienoic acid,218,693037.24545
AN001203:ME211814,AN001203,C18 NEGATIVE ION MODE,FFA(20:4) Arachidonic acid,Arachidonic acid,218,1723805.388
AN001203:ME211815,AN001203,C18 NEGATIVE ION MODE,FFA(22:0),Behenic acid,218,501529.05425000004
AN001203:ME211816,AN001203,C18 NEGATIVE ION MODE,FFA(22:1),Docosenoic acid,218,132322.9793
AN001203:ME211817,AN001203,C18 NEGATIVE ION MODE,FFA(22:2),Docosadienoic acid,218,39213.99969
AN001203:ME211818,AN001203,C18 NEGATIVE ION MODE,FFA(22:3),Docosatrienoic acid,218,48086.92693
AN001203:ME211819,AN001203,C18 NEGATIVE ION MODE,FFA(24:0),Lignoceric acid,218,222559.83545
AN001203:ME211820,AN001203,C18 NEGATIVE ION MODE,FFA(24:1),Tetracosenoic acid,218,227340.23
AN001203:ME211821,AN001203,C18 NEGATIVE ION MODE,FFA(24:2),Tetracosadienoic acid,218,63078.649489999996
AN001203:ME211822,AN001203,C18 NEGATIVE ION MODE,FFA(24:3),Tetracosatrienoic acid,218,8471.355072
AN001203:ME211895,AN001203,C18 NEGATIVE ION MODE,lysoPE 16:0; [M-H]-@1.64,LPE 16:0,218,77643.768725
AN001203:ME211896,AN001203,C18 NEGATIVE ION MODE,lysoPE 18:0; [M-H]-@2.39,LPE 18:0,218,168968.73995000002
AN001203:ME211897,AN001203,C18 NEGATIVE ION MODE,lysoPE 18:1; [M-H]-@1.80,LPE 18:1,218,115928.6276
AN001203:ME211898,AN001203,C18 NEGATIVE ION MODE,lysoPE 18:2; [M-H]-@1.34,LPE 18:2,218,190161.87135
AN001203:ME211899,AN001203,C18 NEGATIVE ION MODE,lysoPE 20:3; [M-H]-@1.61,LPE 20:3,218,27559.490525
AN001203:ME211900,AN001203,C18 NEGATIVE ION MODE,lysoPE 20:4; [M-H]-@1.31,LPE 20:4,218,159952.38014999998
AN001203:ME211901,AN001203,C18 NEGATIVE ION MODE,lysoPE 22:4; [M-H]-@1.92,LPE 22:4,218,7714.460987500001
AN001203:ME211902,AN001203,C18 NEGATIVE ION MODE,lysoPE 22:5; [M-H]-@1.56,LPE 22:5,218,33888.3088
AN001203:ME211903,AN001203,C18 NEGATIVE ION MODE,lysoPE 22:6; [M-H]-@1.27,LPE 22:6,218,110428.5049
AN001203:ME211823,AN001203,C18 NEGATIVE ION MODE,PA 34:2; [M-H]-@6.19,PA 34:2,218,6871.435461499999
AN001203:ME211824,AN001203,C18 NEGATIVE ION MODE,PC 28:0; [M-Ac-H]-@5.20,PC 28:0,218,22598.033715
AN001203:ME211825,AN001203,C18 NEGATIVE ION MODE,PC 30:0; [M-Ac-H]-@5.92,PC 30:0,218,82938.596885
AN001203:ME211826,AN001203,C18 NEGATIVE ION MODE,PC 30:1; [M-Ac-H]-@5.38,PC 30:1,218,32121.52493
AN001203:ME211827,AN001203,C18 NEGATIVE ION MODE,PC 32:1; [M-Ac-H]-@6.04,PC 32:1,218,243238.2646
AN001203:ME211828,AN001203,C18 NEGATIVE ION MODE,PC 32:2; [M-Ac-H]-@5.54,PC 32:2,218,198601.1912
AN001203:ME211829,AN001203,C18 NEGATIVE ION MODE,PC 33:1; [M-Ac-H]-@6.39,PC 33:1,218,75311.17511
AN001203:ME211830,AN001203,C18 NEGATIVE ION MODE,PC 33:2; [M-Ac-H]-@5.92,PC 33:2,218,186597.73465
AN001203:ME211831,AN001203,C18 NEGATIVE ION MODE,PC 34:2; [M-Ac-H]-@6.18,PC 34:2,218,4583176.149499999
AN001203:ME211832,AN001203,C18 NEGATIVE ION MODE,PC 34:3; [M-Ac-H]-@5.74,PC 34:3,218,402620.69745
AN001203:ME211833,AN001203,C18 NEGATIVE ION MODE,PC 34:4; [M-Ac-H]-@5.48,PC 34:4,218,77411.65658000001
AN001203:ME211834,AN001203,C18 NEGATIVE ION MODE,PC 35:1; [M-Ac-H]-@6.99,PC 35:1,218,74097.4025
AN001203:ME211835,AN001203,C18 NEGATIVE ION MODE,PC 35:2; [M-Ac-H]-@6.50,PC 35:2,218,145170.39250000002
AN001203:ME211836,AN001203,C18 NEGATIVE ION MODE,PC 36:5; [M-Ac-H]-@5.62,PC 36:5,218,316848.88695
AN001203:ME211837,AN001203,C18 NEGATIVE ION MODE,PC 37:2; [M-Ac-H]-@7.12,PC 37:2,218,38247.75502
AN001203:ME211838,AN001203,C18 NEGATIVE ION MODE,PC 37:3; [M-Ac-H]-@6.69,PC 37:3,218,38422.661785000004
AN001203:ME211839,AN001203,C18 NEGATIVE ION MODE,PC 37:5; [M-Ac-H]-@5.98,PC 37:5,218,36004.037345
AN001203:ME211840,AN001203,C18 NEGATIVE ION MODE,PC 38:2; [M-Ac-H]-@7.37,PC 38:2,218,147795.17725
AN001203:ME211841,AN001203,C18 NEGATIVE ION MODE,PC 39:6; [M-Ac-H]-@6.36,PC 39:6,218,18230.259125
AN001203:ME211842,AN001203,C18 NEGATIVE ION MODE,PC 40:3; [M-Ac-H]-@7.54,PC 40:3,218,17646.188555
AN001203:ME211843,AN001203,C18 NEGATIVE ION MODE,PC 40:4; [M-Ac-H]-@7.26,PC 40:4,218,88177.358525
AN001203:ME211844,AN001203,C18 NEGATIVE ION MODE,PC 40:5; [M-Ac-H]-@7.00,PC 40:5,218,139343.35605
AN001203:ME211845,AN001203,C18 NEGATIVE ION MODE,PC 40:7; [M-Ac-H]-@6.17,PC 40:7,218,53763.32707
AN001203:ME211846,AN001203,C18 NEGATIVE ION MODE,PC 40:8; [M-Ac-H]-@5.76,PC 40:8,218,73986.97656000001
AN001203:ME211847,AN001203,C18 NEGATIVE ION MODE,PE 32:1; [M-H]-@6.19,PE 32:1,218,19798.611805
AN001203:ME211848,AN001203,C18 NEGATIVE ION MODE,PE 33:1; [M-H]-@6.49,PE 33:1,218,4489.392855
AN001203:ME211849,AN001203,C18 NEGATIVE ION MODE,PE 33:2; [M-H]-@6.02,PE 33:2,218,7060.645699
AN001203:ME211850,AN001203,C18 NEGATIVE ION MODE,PE 34:1; [M-H]-@6.80,PE 34:1,218,211483.1665
AN001203:ME211851,AN001203,C18 NEGATIVE ION MODE,PE 34:2; [M-H]-@6.35,PE 34:2,218,329039.62360000005
AN001203:ME211852,AN001203,C18 NEGATIVE ION MODE,PE 34:3; [M-H]-@5.95,PE 34:3,218,105164.40969999999
AN001203:ME211853,AN001203,C18 NEGATIVE ION MODE,PE 35:1; [M-H]-@7.06,PE 35:1,218,8777.6681305
AN001203:ME211854,AN001203,C18 NEGATIVE ION MODE,PE 35:2; [M-H]-@6.63,PE 35:2,218,24260.662235
AN001203:ME211855,AN001203,C18 NEGATIVE ION MODE,PE 35:4; [M-H]-@6.01,PE 35:4,218,12916.83691
AN001203:ME211856,AN001203,C18 NEGATIVE ION MODE,PE 36:0; [M-H]-@7.80,PE 36:0,218,30148.450845
AN001203:ME211857,AN001203,C18 NEGATIVE ION MODE,PE 36:1; [M-H]-@7.39,PE 36:1,218,163014.05735000002
AN001203:ME211858,AN001203,C18 NEGATIVE ION MODE,PE 36:2; [M-H]-@6.92,PE 36:2,218,736326.1886
AN001203:ME211859,AN001203,C18 NEGATIVE ION MODE,PE 36:3; [M-H]-@6.49,PE 36:3,218,494952.1469
AN001203:ME211860,AN001203,C18 NEGATIVE ION MODE,PE 36:4; [M-H]-@6.16,PE 36:4,218,480739.58415
AN001203:ME211861,AN001203,C18 NEGATIVE ION MODE,PE 36:5; [M-H]-@5.93,PE 36:5,218,143885.8958
AN001203:ME211862,AN001203,C18 NEGATIVE ION MODE,PE 37:4; [M-H]-@6.61,PE 37:4,218,41479.07756
AN001203:ME211863,AN001203,C18 NEGATIVE ION MODE,PE 38:2; [M-H]-@6.77,PE 38:2,218,36929.90402
AN001203:ME211864,AN001203,C18 NEGATIVE ION MODE,PE 38:3; [M-H]-@7.19,PE 38:3,218,167047.05105
AN001203:ME211865,AN001203,C18 NEGATIVE ION MODE,PE 38:4; [M-H]-@6.89,PE 38:4,218,1372970.0465000002
AN001203:ME211866,AN001203,C18 NEGATIVE ION MODE,PE 38:5; [M-H]-@6.47,PE 38:5,218,735526.4051
AN001203:ME211867,AN001203,C18 NEGATIVE ION MODE,PE 38:6; [M-H]-@6.08,PE 38:6,218,950146.2306
AN001203:ME211868,AN001203,C18 NEGATIVE ION MODE,PE 38:7; [M-H]-@5.99,PE 38:7,218,15356.38721
AN001203:ME211869,AN001203,C18 NEGATIVE ION MODE,PE 39:6; [M-H]-@6.52,PE 39:6,218,22231.521405
AN001203:ME211870,AN001203,C18 NEGATIVE ION MODE,PE 40:4; [M-H]-@7.37,PE 40:4,218,91256.10465
AN001203:ME211871,AN001203,C18 NEGATIVE ION MODE,PE 40:5; [M-H]-@7.06,PE 40:5,218,161094.1801
AN001203:ME211872,AN001203,C18 NEGATIVE ION MODE,PE 40:6; [M-H]-@6.87,PE 40:6,218,400351.67185000004
AN001203:ME211873,AN001203,C18 NEGATIVE ION MODE,PE 40:7; [M-H]-@6.32,PE 40:7,218,85879.64378
AN001203:ME211874,AN001203,C18 NEGATIVE ION MODE,PE 40:8; [M-H]-@5.89,PE 40:8,218,33820.109345000004
AN001203:ME211875,AN001203,C18 NEGATIVE ION MODE,PG 34:1; [M-H]-@5.89,PG 34:1,218,20370.929865
AN001203:ME211876,AN001203,C18 NEGATIVE ION MODE,PG 34:2; [M-H]-@5.48,PG 34:2,218,4485.3266645
AN001203:ME211877,AN001203,C18 NEGATIVE ION MODE,PG 36:0; [M-H]-@6.91,PG 36:0,218,44688.05012
AN001203:ME211878,AN001203,C18 NEGATIVE ION MODE,PG 36:2; [M-H]-@5.89,PG 36:2,218,36716.031409999996
AN001203:ME211879,AN001203,C18 NEGATIVE ION MODE,PI 34:1; [M-H]-@5.71,PI 34:1,218,26222.42823
AN001203:ME211880,AN001203,C18 NEGATIVE ION MODE,PI 34:2; [M-H]-@5.28,PI 34:2,218,32922.224449999994
AN001203:ME211881,AN001203,C18 NEGATIVE ION MODE,PI 36:1; [M-H]-@6.33,PI 36:1,218,21250.85116
AN001203:ME211882,AN001203,C18 NEGATIVE ION MODE,PI 36:2; [M-H]-@5.93,PI 36:2,218,320422.0638
AN001203:ME211883,AN001203,C18 NEGATIVE ION MODE,PI 36:3; [M-H]-@5.43,PI 36:3,218,41755.039185
AN001203:ME211884,AN001203,C18 NEGATIVE ION MODE,PI 36:4; [M-H]-@5.27,PI 36:4,218,42579.702829999995
AN001203:ME211885,AN001203,C18 NEGATIVE ION MODE,PI 38:3; [M-H]-@6.12,PI 38:3,218,238590.3651
AN001203:ME211886,AN001203,C18 NEGATIVE ION MODE,PI 38:4; [M-H]-@5.89,PI 38:4,218,1081294.5405000001
AN001203:ME211887,AN001203,C18 NEGATIVE ION MODE,PI 38:5; [M-H]-@5.41,PI 38:5,218,46554.817404999994
AN001203:ME211888,AN001203,C18 NEGATIVE ION MODE,PI 38:6; [M-H]-@5.16,PI 38:6,218,7421.4482905
AN001203:ME211889,AN001203,C18 NEGATIVE ION MODE,PI 40:5; [M-H]-@5.97,PI 40:5,218,66590.64287499999
AN001203:ME211890,AN001203,C18 NEGATIVE ION MODE,PI 40:6; [M-H]-@5.80,PI 40:6,218,22045.44208
AN001203:ME211904,AN001203,C18 NEGATIVE ION MODE,plasmenyl-PE 32:0; [M-H]-@7.05,PE P-32:0,218,25234.369005
AN001203:ME211905,AN001203,C18 NEGATIVE ION MODE,plasmenyl-PE 32:1; [M-H]-@6.53,PE P-32:1,218,12156.1993
AN001203:ME211906,AN001203,C18 NEGATIVE ION MODE,plasmenyl-PE 34:0; [M-H]-@7.15,PE P-34:0,218,25094.869870000002
AN001203:ME211907,AN001203,C18 NEGATIVE ION MODE,plasmenyl-PE 34:1; [M-H]-@7.13,PE P-34:1,218,145204.3039
AN001203:ME211908,AN001203,C18 NEGATIVE ION MODE,plasmenyl-PE 34:2; [M-H]-@6.66,PE P-34:2,218,417566.56905
AN001203:ME211909,AN001203,C18 NEGATIVE ION MODE,plasmenyl-PE 34:3; [M-H]-@6.30,PE P-34:3,218,16307.55634
AN001203:ME211910,AN001203,C18 NEGATIVE ION MODE,plasmenyl-PE 36:1; [M-H]-@7.67,PE P-36:1,218,166714.98985
AN001203:ME211911,AN001203,C18 NEGATIVE ION MODE,plasmenyl-PE 36:2; [M-H]-@7.24,PE P-36:2,218,603923.08435
AN001203:ME211912,AN001203,C18 NEGATIVE ION MODE,plasmenyl-PE 36:3; [M-H]-@6.88,PE P-36:3,218,647736.1532000001
AN001203:ME211913,AN001203,C18 NEGATIVE ION MODE,plasmenyl-PE 36:4; [M-H]-@6.60,PE P-36:4,218,2192961.266
AN001203:ME211914,AN001203,C18 NEGATIVE ION MODE,plasmenyl-PE 36:5; [M-H]-@6.25,PE P-36:5,218,131600.6432
AN001203:ME211915,AN001203,C18 NEGATIVE ION MODE,plasmenyl-PE 38:1; [M-H]-@8.18,PE P-38:1,218,23329.50546
AN001203:ME211916,AN001203,C18 NEGATIVE ION MODE,plasmenyl-PE 38:2; [M-H]-@7.81,PE P-38:2,218,69083.786945
AN001203:ME211917,AN001203,C18 NEGATIVE ION MODE,plasmenyl-PE 38:3; [M-H]-@7.49,PE P-38:3,218,441561.5331
AN001203:ME211918,AN001203,C18 NEGATIVE ION MODE,plasmenyl-PE 38:4; [M-H]-@7.16,PE P-38:4,218,2294531.1095000003
AN001203:ME211919,AN001203,C18 NEGATIVE ION MODE,plasmenyl-PE 38:5; [M-H]-@6.70,PE P-38:5,218,2253291.543
AN001203:ME211920,AN001203,C18 NEGATIVE ION MODE,plasmenyl-PE 38:6; [M-H]-@6.49,PE P-38:6,218,1155408.7110000001
AN001203:ME211921,AN001203,C18 NEGATIVE ION MODE,plasmenyl-PE 40:2; [M-H]-@8.22,PE P-40:2,218,21845.489419999998
AN001203:ME211922,AN001203,C18 NEGATIVE ION MODE,plasmenyl-PE 40:4; [M-H]-@7.70,PE P-40:4,218,445642.49950000003
AN001203:ME211923,AN001203,C18 NEGATIVE ION MODE,plasmenyl-PE 40:5; [M-H]-@7.38,PE P-40:5,218,464575.91764999996
AN001203:ME211924,AN001203,C18 NEGATIVE ION MODE,plasmenyl-PE 40:6; [M-H]-@7.13,PE P-40:6,218,444028.54495
AN001203:ME211925,AN001203,C18 NEGATIVE ION MODE,plasmenyl-PE 42:4; [M-H]-@8.13,PE P-42:4,218,62727.330475
AN001203:ME211926,AN001203,C18 NEGATIVE ION MODE,plasmenyl-PE 42:5; [M-H]-@7.83,PE P-42:5,218,71206.71963
AN001203:ME211927,AN001203,C18 NEGATIVE ION MODE,plasmenyl-PE 42:6; [M-H]-@7.71,PE P-42:6,218,62466.683059999996
AN001203:ME211891,AN001203,C18 NEGATIVE ION MODE,PS 36:1; [M-H]-@6.45,PS 36:1,218,59431.702025000006
AN001203:ME211892,AN001203,C18 NEGATIVE ION MODE,PS 38:4; [M-H]-@6.05,PS 38:4,218,57897.451965
AN001203:ME211893,AN001203,C18 NEGATIVE ION MODE,PS 38:5; [M-H]-@5.57,PS 38:5,218,6117.495494999999
AN001203:ME211894,AN001203,C18 NEGATIVE ION MODE,PS 40:4; [M-H]-@6.44,PS 40:4,218,7872.244014
AN001204:ME211928,AN001204,C18 POSITIVE ION MODE,CE(16:0); [M+NH4]+@10.91,CE 16:0,218,42212.488955
AN001204:ME211929,AN001204,C18 POSITIVE ION MODE,CE(16:1); [M+NH4]+@10.62,CE 16:1,218,19894.65826
AN001204:ME211930,AN001204,C18 POSITIVE ION MODE,CE(17:0); [M+NH4]+@11.10,CE 17:0,218,25146.168644999998
AN001204:ME211931,AN001204,C18 POSITIVE ION MODE,CE(17:1); [M+NH4]+@10.81,CE 17:1,218,8327.320736000001
AN001204:ME211932,AN001204,C18 POSITIVE ION MODE,CE(18:1); [M+NH4]+@10.86,CE 18:1,218,443982.08705
AN001204:ME211933,AN001204,C18 POSITIVE ION MODE,CE(18:2); [M+NH4]+@10.72,CE 18:2,218,2912427.1890000002
AN001204:ME211935,AN001204,C18 POSITIVE ION MODE,CE(18:3); [M+NH4]+@10.44,CE 18:3,218,431819.9961
AN001204:ME211934,AN001204,C18 POSITIVE ION MODE,CE(18:3); [M+NH4]+@9.24,CE 18:3,218,3064.3737935
AN001204:ME211936,AN001204,C18 POSITIVE ION MODE,CE(20:1); [M+NH4]+@11.21,CE 20:1,218,5981.608903
AN001204:ME211937,AN001204,C18 POSITIVE ION MODE,CE(20:2); [M+NH4]+@11.01,CE 20:2,218,48807.396754999994
AN001204:ME211938,AN001204,C18 POSITIVE ION MODE,CE(20:3); [M+NH4]+@10.71,CE 20:3,218,430280.304
AN001204:ME211939,AN001204,C18 POSITIVE ION MODE,CE(20:4); [M+NH4]+@10.54,CE 20:4,218,1199382.514
AN001204:ME211940,AN001204,C18 POSITIVE ION MODE,CE(20:5); [M+NH4]+@10.32,CE 20:5,218,134443.8849
AN001204:ME211941,AN001204,C18 POSITIVE ION MODE,CE(20:5); [M+NH4]+@9.15,CE 20:5,218,6561.814219
AN001204:ME211942,AN001204,C18 POSITIVE ION MODE,CE(22:4); [M+NH4]+@10.82,CE 22:4,218,15779.03784
AN001204:ME211943,AN001204,C18 POSITIVE ION MODE,CE(22:5); [M+NH4]+@10.64,CE 22:5,218,36251.462935
AN001204:ME211944,AN001204,C18 POSITIVE ION MODE,CE(22:6); [M+NH4]+@10.42,CE 22:6,218,270694.3469
AN001204:ME211945,AN001204,C18 POSITIVE ION MODE,DG 30:0; [M+NH4]+@7.33,DG 30:0,218,3561.098849
AN001204:ME211946,AN001204,C18 POSITIVE ION MODE,DG 30:1; [M+NH4]+@6.85,DG 30:1,218,2261.1477585000002
AN001204:ME211947,AN001204,C18 POSITIVE ION MODE,DG 32:0; [M+NH4]+@7.88,DG 32:0,218,12559.67107
AN001204:ME211948,AN001204,C18 POSITIVE ION MODE,DG 32:1; [M+NH4]+@7.44,DG 32:1,218,14300.55762
AN001204:ME211949,AN001204,C18 POSITIVE ION MODE,DG 32:2; [M+NH4]+@7.00,DG 32:2,218,7158.1488385
AN001204:ME211950,AN001204,C18 POSITIVE ION MODE,DG 34:0; [M+NH4]+@8.37,DG 34:0,218,13446.278775
AN001204:ME211951,AN001204,C18 POSITIVE ION MODE,DG 34:2; [M+NH4]+@7.52,DG 34:2,218,87046.54577999999
AN001204:ME211952,AN001204,C18 POSITIVE ION MODE,DG 34:3; [M+NH4]+@7.15,DG 34:3,218,18529.413875
AN001204:ME211953,AN001204,C18 POSITIVE ION MODE,DG 34:4; [M+NH4]+@6.74,DG 34:4,218,3395.2885935
AN001204:ME211954,AN001204,C18 POSITIVE ION MODE,DG 35:1; [M+NH4]+@8.13,DG 35:1,218,4812.1518055
AN001204:ME211955,AN001204,C18 POSITIVE ION MODE,DG 35:2; [M+NH4]+@7.79,DG 35:2,218,4541.494832
AN001204:ME211956,AN001204,C18 POSITIVE ION MODE,DG 35:3; [M+NH4]+@7.43,DG 35:3,218,1702.1912465
AN001204:ME211957,AN001204,C18 POSITIVE ION MODE,DG 36:0; [M+NH4]+@8.84,DG 36:0,218,5725.748996
AN001204:ME211958,AN001204,C18 POSITIVE ION MODE,DG 36:1; [M+NH4]+@8.43,DG 36:1,218,34243.98386
AN001204:ME211959,AN001204,C18 POSITIVE ION MODE,DG 36:2; [M+NH4]+@7.96,DG 36:2,218,267993.61745
AN001204:ME211960,AN001204,C18 POSITIVE ION MODE,DG 36:3; [M+NH4]+@7.62,DG 36:3,218,160214.1585
AN001204:ME211961,AN001204,C18 POSITIVE ION MODE,DG 36:4; [M+NH4]+@7.30,DG 36:4,218,113382.63035
AN001204:ME211962,AN001204,C18 POSITIVE ION MODE,DG 36:5; [M+NH4]+@6.92,DG 36:5,218,15523.411955
AN001204:ME211963,AN001204,C18 POSITIVE ION MODE,DG 38:1; [M+NH4]+@8.65,DG 38:1,218,7527.8729165
AN001204:ME211964,AN001204,C18 POSITIVE ION MODE,DG 38:2; [M+NH4]+@8.50,DG 38:2,218,6880.809784
AN001204:ME211965,AN001204,C18 POSITIVE ION MODE,DG 38:3; [M+NH4]+@8.15,DG 38:3,218,10727.781015
AN001204:ME211966,AN001204,C18 POSITIVE ION MODE,DG 38:4; [M+NH4]+@7.86,DG 38:4,218,16019.5572
AN001204:ME211967,AN001204,C18 POSITIVE ION MODE,DG 38:5; [M+NH4]+@7.53,DG 38:5,218,30075.491114999997
AN001204:ME211968,AN001204,C18 POSITIVE ION MODE,DG 38:6; [M+NH4]+@7.24,DG 38:6,218,20184.92914
AN001204:ME211969,AN001204,C18 POSITIVE ION MODE,DG 40:5; [M+NH4]+@8.01,DG 40:5,218,3493.866588
AN001204:ME211970,AN001204,C18 POSITIVE ION MODE,DG 40:6; [M+NH4]+@7.63,DG 40:6,218,5961.5886085
AN001204:ME211971,AN001204,C18 POSITIVE ION MODE,DG 40:7; [M+NH4]+@7.50,DG 40:7,218,7144.8382975
AN001204:ME212173,AN001204,C18 POSITIVE ION MODE,lysoPC 14:0; [M+H]+@1.04,LPC 14:0,218,55732.27491
AN001204:ME212174,AN001204,C18 POSITIVE ION MODE,lysoPC 15:0; [M+H]+@1.23,LPC 15:0,218,41799.921669999996
AN001204:ME212175,AN001204,C18 POSITIVE ION MODE,lysoPC 16:0; [M+H]+@1.53,LPC 16:0,218,5724797.6625
AN001204:ME212176,AN001204,C18 POSITIVE ION MODE,lysoPC 16:1; [M+H]+@1.20,LPC 16:1,218,118242.89785000001
AN001204:ME212177,AN001204,C18 POSITIVE ION MODE,lysoPC 17:0; [M+H]+@1.95,LPC 17:0,218,2427228.323
AN001204:ME212178,AN001204,C18 POSITIVE ION MODE,lysoPC 17:1; [M+H]+@1.41,LPC 17:1,218,18084.94689
AN001204:ME212180,AN001204,C18 POSITIVE ION MODE,lysoPC 18:0; [M+H]+@1.70,LPC 18:0,218,29726.13624
AN001204:ME212179,AN001204,C18 POSITIVE ION MODE,lysoPC 18:0; [M+H]+@2.33,LPC 18:0,218,3024235.0
AN001204:ME212181,AN001204,C18 POSITIVE ION MODE,lysoPC 18:1; [M+H]+@1.76,LPC 18:1,218,1620262.873
AN001204:ME212182,AN001204,C18 POSITIVE ION MODE,lysoPC 18:2; [M+H]+@1.34,LPC 18:2,218,2550861.7970000003
AN001204:ME212183,AN001204,C18 POSITIVE ION MODE,lysoPC 18:3; [M+H]+@1.06,LPC 18:3,218,45093.194695
AN001204:ME212184,AN001204,C18 POSITIVE ION MODE,lysoPC 19:0; [M+H]+@2.78,LPC 19:0,218,23352.485829999998
AN001204:ME212185,AN001204,C18 POSITIVE ION MODE,lysoPC 20:0; [M+H]+@3.21,LPC 20:0,218,25067.316795
AN001204:ME212186,AN001204,C18 POSITIVE ION MODE,lysoPC 20:1; [M+H]+@2.50,LPC 20:1,218,35325.932805
AN001204:ME212187,AN001204,C18 POSITIVE ION MODE,lysoPC 20:2; [M+H]+@1.91,LPC 20:2,218,34044.240625
AN001204:ME212188,AN001204,C18 POSITIVE ION MODE,lysoPC 20:3; [M+H]+@1.57,LPC 20:3,218,362208.21595
AN001204:ME212189,AN001204,C18 POSITIVE ION MODE,lysoPC 20:4; [M+H]+@1.35,LPC 20:4,218,555885.2829
AN001204:ME212190,AN001204,C18 POSITIVE ION MODE,lysoPC 20:5; [M+H]+@1.00,LPC 20:5,218,230869.6335
AN001204:ME212191,AN001204,C18 POSITIVE ION MODE,lysoPC 22:0; [M+H]+@4.19,LPC 22:0,218,5511.524024
AN001204:ME212192,AN001204,C18 POSITIVE ION MODE,lysoPC 22:1; [M+H]+@3.37,LPC 22:1,218,3002.426087
AN001204:ME212193,AN001204,C18 POSITIVE ION MODE,lysoPC 22:4; [M+H]+@1.75,LPC 22:4,218,22423.093265
AN001204:ME212194,AN001204,C18 POSITIVE ION MODE,lysoPC 22:5; [M+H]+@1.41,LPC 22:5,218,50604.98237500001
AN001204:ME212195,AN001204,C18 POSITIVE ION MODE,lysoPC 22:6; [M+H]+@1.23,LPC 22:6,218,126948.8226
AN001204:ME212196,AN001204,C18 POSITIVE ION MODE,lysoPC 24:0; [M+H]+@5.07,LPC 24:0,218,12102.258255
AN001204:ME212197,AN001204,C18 POSITIVE ION MODE,lysoPC 24:1; [M+H]+@4.23,LPC 24:1,218,3666.373667
AN001204:ME212198,AN001204,C18 POSITIVE ION MODE,lysoPC 26:1; [M+H]+@5.06,LPC 26:1,218,2376.9421359999997
AN001204:ME211972,AN001204,C18 POSITIVE ION MODE,MG 17:0; [M+Li]+@3.14,MG 17:0,218,79956.874425
AN001204:ME211973,AN001204,C18 POSITIVE ION MODE,MG 20:1; [M+NH4]+@3.06,MG 20:1,218,11155.77091
AN001204:ME211974,AN001204,C18 POSITIVE ION MODE,PC 19:1; [M+H]+@1.74,PC 19:1,218,5784.133954999999
AN001204:ME211975,AN001204,C18 POSITIVE ION MODE,PC 19:2; [M+H]+@1.40,PC 19:2,218,15487.493475
AN001204:ME211976,AN001204,C18 POSITIVE ION MODE,PC 24:0; [M+H]+@3.65,PC 24:0,218,3424.8513135000003
AN001204:ME211977,AN001204,C18 POSITIVE ION MODE,PC 26:0; [M+H]+@4.43,PC 26:0,218,3649.1709245
AN001204:ME211978,AN001204,C18 POSITIVE ION MODE,PC 30:3; [M+H]+@5.20,PC 30:3,218,3519.7151519999998
AN001204:ME211979,AN001204,C18 POSITIVE ION MODE,PC 31:0; [M+Na]+@5.55,PC 31:0,218,15463.71414
AN001204:ME211980,AN001204,C18 POSITIVE ION MODE,PC 32:0; [M+H]+@6.50,PC 32:0,218,1390785.93
AN001204:ME211981,AN001204,C18 POSITIVE ION MODE,PC 32:1; [M+H]+@5.96,PC 32:1,218,1734479.7425
AN001204:ME211982,AN001204,C18 POSITIVE ION MODE,PC 32:3; [M+H]+@5.19,PC 32:3,218,17786.833834999998
AN001204:ME211983,AN001204,C18 POSITIVE ION MODE,PC 32:4; [M+H]+@5.39,PC 32:4,218,6305.265492
AN001204:ME211984,AN001204,C18 POSITIVE ION MODE,PC 33:3; [M+H]+@5.49,PC 33:3,218,16709.53955
AN001204:ME211985,AN001204,C18 POSITIVE ION MODE,PC 34:1; [M+H]+@6.59,PC 34:1,218,19054796.405
AN001204:ME211986,AN001204,C18 POSITIVE ION MODE,PC 34:5; [M+H]+@5.09,PC 34:5,218,12197.68686
AN001204:ME211987,AN001204,C18 POSITIVE ION MODE,PC 34:6; [M+H]+@5.11,PC 34:6,218,3068.3187355
AN001204:ME211988,AN001204,C18 POSITIVE ION MODE,PC 35:0; [M+H]+@7.34,PC 35:0,218,16052.121094999999
AN001204:ME211989,AN001204,C18 POSITIVE ION MODE,PC 35:3; [M+H]+@6.31,PC 35:3,218,187669.9798
AN001204:ME211990,AN001204,C18 POSITIVE ION MODE,PC 35:4; [M+H]+@6.77,PC 35:4,218,386395.84640000004
AN001204:ME211991,AN001204,C18 POSITIVE ION MODE,PC 35:5; [M+H]+@5.51,PC 35:5,218,13460.28681
AN001204:ME211992,AN001204,C18 POSITIVE ION MODE,PC 36:0; [M+H]+@7.70,PC 36:0,218,36609.00906
AN001204:ME211993,AN001204,C18 POSITIVE ION MODE,PC 36:1; [M+H]+@7.20,PC 36:1,218,2331001.6555
AN001204:ME211994,AN001204,C18 POSITIVE ION MODE,PC 36:2; [M+H]+@6.75,PC 36:2,218,19565735.93
AN001204:ME211995,AN001204,C18 POSITIVE ION MODE,PC 36:3; [M+H]+@6.28,PC 36:3,218,17590498.025
AN001204:ME211996,AN001204,C18 POSITIVE ION MODE,PC 36:4; [M+H]+@6.01,PC 36:4,218,12224003.26
AN001204:ME211997,AN001204,C18 POSITIVE ION MODE,PC 36:6; [M+H]+@5.47,PC 36:6,218,73896.241545
AN001204:ME211998,AN001204,C18 POSITIVE ION MODE,PC 36:7; [M+H]+@5.32,PC 36:7,218,18585.8762
AN001204:ME211999,AN001204,C18 POSITIVE ION MODE,PC 37:1; [M+H]+@7.53,PC 37:1,218,23421.604339999998
AN001204:ME212000,AN001204,C18 POSITIVE ION MODE,PC 37:4; [M+H]+@7.35,PC 37:4,218,31596.897785
AN001204:ME212001,AN001204,C18 POSITIVE ION MODE,PC 37:6; [M+H]+@5.66,PC 37:6,218,47883.61355
AN001204:ME212002,AN001204,C18 POSITIVE ION MODE,PC 38:3; [M+H]+@6.99,PC 38:3,218,2924476.1255
AN001204:ME212003,AN001204,C18 POSITIVE ION MODE,PC 38:4; [M+H]+@6.78,PC 38:4,218,7953147.189
AN001204:ME212004,AN001204,C18 POSITIVE ION MODE,PC 38:5; [M+H]+@6.25,PC 38:5,218,5315958.643
AN001204:ME212005,AN001204,C18 POSITIVE ION MODE,PC 38:6; [M+H]+@6.06,PC 38:6,218,7639252.1135
AN001204:ME212006,AN001204,C18 POSITIVE ION MODE,PC 38:7; [M+H]+@5.83,PC 38:7,218,204809.8118
AN001204:ME212007,AN001204,C18 POSITIVE ION MODE,PC 38:9; [M+H]+@5.42,PC 38:9,218,9368.13335
AN001204:ME212008,AN001204,C18 POSITIVE ION MODE,PC 39:3; [M+H]+@6.62,PC 39:3,218,5810.3149025
AN001204:ME212009,AN001204,C18 POSITIVE ION MODE,PC 39:4; [M+H]+@6.98,PC 39:4,218,46797.426215
AN001204:ME212010,AN001204,C18 POSITIVE ION MODE,PC 39:5; [M+H]+@6.04,PC 39:5,218,4538.7916535
AN001204:ME212011,AN001204,C18 POSITIVE ION MODE,PC 39:7; [M+H]+@5.90,PC 39:7,218,15076.589609999999
AN001204:ME212013,AN001204,C18 POSITIVE ION MODE,PC 40:10; [M+H]+@5.51,PC 40:10,218,12515.148195
AN001204:ME212012,AN001204,C18 POSITIVE ION MODE,PC 40:1; [M+H]+@8.20,PC 40:1,218,8513.5333955
AN001204:ME212014,AN001204,C18 POSITIVE ION MODE,PC 40:2; [M+H]+@7.89,PC 40:2,218,15453.1785
AN001204:ME212015,AN001204,C18 POSITIVE ION MODE,PC 40:6; [M+H]+@6.70,PC 40:6,218,1391418.9445000002
AN001204:ME212016,AN001204,C18 POSITIVE ION MODE,PC 40:9; [M+H]+@5.48,PC 40:9,218,7205.7868835
AN001204:ME212018,AN001204,C18 POSITIVE ION MODE,PC 42:10; [M+H]+@5.72,PC 42:10,218,25215.392079999998
AN001204:ME212019,AN001204,C18 POSITIVE ION MODE,PC 42:11; [M+H]+@5.69,PC 42:11,218,5999.4891179999995
AN001204:ME212017,AN001204,C18 POSITIVE ION MODE,PC 42:1; [M+H]+@8.77,PC 42:1,218,5462.109108500001
AN001204:ME212020,AN001204,C18 POSITIVE ION MODE,PC 42:2; [M+H]+@8.50,PC 42:2,218,9893.281783999999
AN001204:ME212021,AN001204,C18 POSITIVE ION MODE,PC 42:3; [M+H]+@7.97,PC 42:3,218,7456.537087000001
AN001204:ME212022,AN001204,C18 POSITIVE ION MODE,PC 42:4; [M+H]+@7.90,PC 42:4,218,12039.37421
AN001204:ME212023,AN001204,C18 POSITIVE ION MODE,PC 42:5; [M+H]+@7.45,PC 42:5,218,22700.859774999997
AN001204:ME212024,AN001204,C18 POSITIVE ION MODE,PC 42:6; [M+H]+@7.12,PC 42:6,218,21533.067635
AN001204:ME212025,AN001204,C18 POSITIVE ION MODE,PC 42:7; [M+H]+@6.79,PC 42:7,218,20227.359735
AN001204:ME212026,AN001204,C18 POSITIVE ION MODE,PC 42:8; [M+H]+@6.32,PC 42:8,218,20285.926480000002
AN001204:ME212027,AN001204,C18 POSITIVE ION MODE,PC 42:9; [M+H]+@5.96,PC 42:9,218,23912.35978
AN001204:ME212028,AN001204,C18 POSITIVE ION MODE,PC 44:3; [M+H]+@8.58,PC 44:3,218,3697.6042265
AN001204:ME212029,AN001204,C18 POSITIVE ION MODE,PC 44:4; [M+H]+@8.45,PC 44:4,218,5812.2570935
AN001204:ME212030,AN001204,C18 POSITIVE ION MODE,PC 44:5; [M+H]+@7.96,PC 44:5,218,5029.667117499999
AN001204:ME212031,AN001204,C18 POSITIVE ION MODE,PE 21:4; [M+H]+@1.32,PE 21:4,218,20902.76569
AN001204:ME212199,AN001204,C18 POSITIVE ION MODE,plasmenyl-PC 18:0; [M+Na]+@1.75,PC P-18:0,218,228564.1404
AN001204:ME212200,AN001204,C18 POSITIVE ION MODE,plasmenyl-PC 20:0; [M+Na]+@2.49,PC P-20:0,218,6518.593955
AN001204:ME212201,AN001204,C18 POSITIVE ION MODE,plasmenyl-PC 36:4; [M+Na]+@6.50,PC P-36:4,218,13096.46804
AN001204:ME212202,AN001204,C18 POSITIVE ION MODE,plasmenyl-PC 40:0; [M+Na]+@8.27,PC P-40:0,218,64749.489365
AN001204:ME212203,AN001204,C18 POSITIVE ION MODE,plasmenyl-PC 44:4; [M+Na]+@8.24,PC P-44:4,218,22148.35046
AN001204:ME212032,AN001204,C18 POSITIVE ION MODE,SM 28:1; [M]+@3.52,SM 18:1;O2/28:1,218,5641.902814
AN001204:ME212033,AN001204,C18 POSITIVE ION MODE,SM 29:1; [M]+@3.89,SM 18:1;O2/29:1,218,1158.224877
AN001204:ME212034,AN001204,C18 POSITIVE ION MODE,SM 30:0; [M]+@4.62,SM 30:0;O2,218,3346.873865
AN001204:ME212035,AN001204,C18 POSITIVE ION MODE,SM 30:1; [M]+@4.32,SM 30:1;O2,218,40221.079605
AN001204:ME212036,AN001204,C18 POSITIVE ION MODE,SM 32:0; [M]+@5.40,SM 32:0;O2,218,36191.7599
AN001204:ME212037,AN001204,C18 POSITIVE ION MODE,SM 32:1; [M]+@5.03,SM 32:1;O2,218,1167798.417
AN001204:ME212038,AN001204,C18 POSITIVE ION MODE,SM 32:2; [M]+@4.61,SM 32:2;O2,218,87155.561165
AN001204:ME212039,AN001204,C18 POSITIVE ION MODE,SM 33:0; [M]+@5.72,SM 33:0;O2,218,31603.201325
AN001204:ME212040,AN001204,C18 POSITIVE ION MODE,SM 33:1; [M+Na]+@5.42,SM 33:1;O2,218,69856.8064
AN001204:ME212041,AN001204,C18 POSITIVE ION MODE,SM 33:2; [M]+@4.96,SM 33:2;O2,218,21563.806324999998
AN001204:ME212042,AN001204,C18 POSITIVE ION MODE,SM 34:1; [M]+@5.73,SM 34:1;O2,218,7164752.974
AN001204:ME212043,AN001204,C18 POSITIVE ION MODE,SM 34:2; [M]+@5.20,SM 34:2;O2,218,1771464.7505
AN001204:ME212044,AN001204,C18 POSITIVE ION MODE,SM 35:0; [M]+@6.39,SM 35:0;O2,218,82389.670545
AN001204:ME212045,AN001204,C18 POSITIVE ION MODE,SM 35:2; [M]+@5.50,SM 35:2;O2,218,57615.587629999995
AN001204:ME212046,AN001204,C18 POSITIVE ION MODE,SM 36:1; [M]+@6.45,SM 36:1;O2,218,1849520.4235
AN001204:ME212047,AN001204,C18 POSITIVE ION MODE,SM 36:2; [M]+@5.92,SM 36:2;O2,218,2250315.6495
AN001204:ME212048,AN001204,C18 POSITIVE ION MODE,SM 37:0; [M]+@7.04,SM 37:0;O2,218,17918.554755
AN001204:ME212049,AN001204,C18 POSITIVE ION MODE,SM 37:1; [M]+@6.83,SM 37:1;O2,218,105506.0661
AN001204:ME212050,AN001204,C18 POSITIVE ION MODE,SM 37:2; [M]+@6.33,SM 37:2;O2,218,46848.022840000005
AN001204:ME212051,AN001204,C18 POSITIVE ION MODE,SM 38:0; [M]+@7.34,SM 38:0;O2,218,106413.7561
AN001204:ME212052,AN001204,C18 POSITIVE ION MODE,SM 38:1; [M]+@7.05,SM 38:1;O2,218,911234.9045
AN001204:ME212053,AN001204,C18 POSITIVE ION MODE,SM 38:4; [M]+@5.61,SM 38:4;O2,218,10296.287919999999
AN001204:ME212054,AN001204,C18 POSITIVE ION MODE,SM 39:0; [M]+@7.63,SM 39:0;O2,218,30938.561885
AN001204:ME212055,AN001204,C18 POSITIVE ION MODE,SM 39:1; [M]+@7.13,SM 39:1;O2,218,337257.33765
AN001204:ME212056,AN001204,C18 POSITIVE ION MODE,SM 39:2; [M]+@6.92,SM 39:2;O2,218,76227.492815
AN001204:ME212057,AN001204,C18 POSITIVE ION MODE,SM 40:1; [M]+@7.62,SM 40:1;O2,218,1497581.651
AN001204:ME212058,AN001204,C18 POSITIVE ION MODE,SM 40:2; [M]+@6.97,SM 40:2;O2,218,1660493.7995
AN001204:ME212059,AN001204,C18 POSITIVE ION MODE,SM 40:4; [M]+@6.24,SM 40:4;O2,218,20951.920424999997
AN001204:ME212060,AN001204,C18 POSITIVE ION MODE,SM 40:5; [M]+@5.92,SM 40:5;O2,218,9305.279952
AN001204:ME212061,AN001204,C18 POSITIVE ION MODE,SM 41:1; [M]+@7.95,SM 41:1;O2,218,931395.50505
AN001204:ME212062,AN001204,C18 POSITIVE ION MODE,SM 41:2; [M]+@7.54,SM 41:2;O2,218,637928.16715
AN001204:ME212063,AN001204,C18 POSITIVE ION MODE,SM 41:4; [M]+@6.75,SM 41:4;O2,218,27973.489015
AN001204:ME212064,AN001204,C18 POSITIVE ION MODE,SM 42:0; [M]+@8.39,SM 42:0;O2,218,139826.90214999998
AN001204:ME212065,AN001204,C18 POSITIVE ION MODE,SM 42:1; [M]+@8.15,SM 42:1;O2,218,1628912.169
AN001204:ME212066,AN001204,C18 POSITIVE ION MODE,SM 42:2; [M]+@7.65,SM 42:2;O2,218,2569155.4465
AN001204:ME212067,AN001204,C18 POSITIVE ION MODE,SM 42:4; [M]+@6.82,SM 42:4;O2,218,180515.56180000002
AN001204:ME212068,AN001204,C18 POSITIVE ION MODE,SM 42:5; [M]+@6.47,SM 42:5;O2,218,28663.21177
AN001204:ME212069,AN001204,C18 POSITIVE ION MODE,SM 43:2; [M]+@8.08,SM 43:2;O2,218,138208.8694
AN001204:ME212070,AN001204,C18 POSITIVE ION MODE,SM 44:1; [M]+@8.68,SM 44:1;O2,218,13809.612675
AN001204:ME212071,AN001204,C18 POSITIVE ION MODE,SM 44:2; [M]+@8.18,SM 44:2;O2,218,31160.33612
AN001204:ME212072,AN001204,C18 POSITIVE ION MODE,TG 40:0; [M+NH4]+@9.44,TG 40:0,218,27337.564935000002
AN001204:ME212073,AN001204,C18 POSITIVE ION MODE,TG 40:1; [M+NH4]+@9.13,TG 40:1,218,17679.239815
AN001204:ME212074,AN001204,C18 POSITIVE ION MODE,TG 42:0; [M+NH4]+@9.74,TG 42:0,218,46569.727715
AN001204:ME212075,AN001204,C18 POSITIVE ION MODE,TG 42:1; [M+NH4]+@9.48,TG 42:1,218,40415.13805
AN001204:ME212076,AN001204,C18 POSITIVE ION MODE,TG 42:2; [M+NH4]+@9.19,TG 42:2,218,24354.31297
AN001204:ME212077,AN001204,C18 POSITIVE ION MODE,TG 44:1; [M+NH4]+@9.80,TG 44:1,218,97156.562835
AN001204:ME212078,AN001204,C18 POSITIVE ION MODE,TG 44:2; [M+NH4]+@9.51,TG 44:2,218,53402.466615
AN001204:ME212079,AN001204,C18 POSITIVE ION MODE,TG 46:0; [M+NH4]+@10.28,TG 46:0,218,110597.07585
AN001204:ME212080,AN001204,C18 POSITIVE ION MODE,TG 46:1; [M+NH4]+@10.05,TG 46:1,218,217370.071
AN001204:ME212081,AN001204,C18 POSITIVE ION MODE,TG 46:2; [M+NH4]+@9.81,TG 46:2,218,198472.1255
AN001204:ME212082,AN001204,C18 POSITIVE ION MODE,TG 46:3; [M+NH4]+@9.56,TG 46:3,218,70450.28568500001
AN001204:ME212083,AN001204,C18 POSITIVE ION MODE,TG 48:0; [M+NH4]+@10.53,TG 48:0,218,228228.0379
AN001204:ME212084,AN001204,C18 POSITIVE ION MODE,TG 48:1; [M+NH4]+@10.30,TG 48:1,218,721068.37255
AN001204:ME212085,AN001204,C18 POSITIVE ION MODE,TG 48:2; [M+NH4]+@10.08,TG 48:2,218,799756.52755
AN001204:ME212086,AN001204,C18 POSITIVE ION MODE,TG 48:3; [M+NH4]+@9.85,TG 48:3,218,419142.0415
AN001204:ME212087,AN001204,C18 POSITIVE ION MODE,TG 49:0; [M+NH4]+@10.65,TG 49:0,218,16767.461235
AN001204:ME212088,AN001204,C18 POSITIVE ION MODE,TG 49:1; [M+NH4]+@10.45,TG 49:1,218,81911.253985
AN001204:ME212089,AN001204,C18 POSITIVE ION MODE,TG 49:2; [M+NH4]+@10.24,TG 49:2,218,96687.32949999999
AN001204:ME212090,AN001204,C18 POSITIVE ION MODE,TG 49:3; [M+NH4]+@10.02,TG 49:3,218,55338.550220000005
AN001204:ME212091,AN001204,C18 POSITIVE ION MODE,TG 50:0; [M+NH4]+@10.78,TG 50:0,218,293850.12995
AN001204:ME212092,AN001204,C18 POSITIVE ION MODE,TG 50:1; [M+NH4]+@10.53,TG 50:1,218,1542169.8595
AN001204:ME212093,AN001204,C18 POSITIVE ION MODE,TG 50:2; [M+NH4]+@10.32,TG 50:2,218,2708164.5604999997
AN001204:ME212094,AN001204,C18 POSITIVE ION MODE,TG 50:3; [M+NH4]+@10.11,TG 50:3,218,2078692.7344999998
AN001204:ME212095,AN001204,C18 POSITIVE ION MODE,TG 50:4; [M+NH4]+@9.91,TG 50:4,218,864897.6114
AN001204:ME212096,AN001204,C18 POSITIVE ION MODE,TG 50:5; [M+NH4]+@9.72,TG 50:5,218,202316.6385
AN001204:ME212098,AN001204,C18 POSITIVE ION MODE,TG 51:1; [M+NH4]+@10.05,TG 51:1,218,39965.551475
AN001204:ME212097,AN001204,C18 POSITIVE ION MODE,TG 51:1; [M+NH4]+@10.69,TG 51:1,218,84762.139815
AN001204:ME212099,AN001204,C18 POSITIVE ION MODE,TG 51:2; [M+NH4]+@10.48,TG 51:2,218,298547.7426
AN001204:ME212100,AN001204,C18 POSITIVE ION MODE,TG 51:2; [M+NH4]+@9.83,TG 51:2,218,39641.734970000005
AN001204:ME212101,AN001204,C18 POSITIVE ION MODE,TG 51:3; [M+NH4]+@10.29,TG 51:3,218,273274.01159999997
AN001204:ME212102,AN001204,C18 POSITIVE ION MODE,TG 51:3; [M+NH4]+@9.62,TG 51:3,218,15076.85914
AN001204:ME212104,AN001204,C18 POSITIVE ION MODE,TG 51:4; [M+NH4]+@10.10,TG 51:4,218,127638.67139999999
AN001204:ME212103,AN001204,C18 POSITIVE ION MODE,TG 51:4; [M+NH4]+@9.41,TG 51:4,218,8538.789953
AN001204:ME212105,AN001204,C18 POSITIVE ION MODE,TG 51:6; [M+NH4]+@9.63,TG 51:6,218,9594.327302
AN001204:ME212106,AN001204,C18 POSITIVE ION MODE,TG 52:0; [M+NH4]+@11.00,TG 52:0,218,169309.1624
AN001204:ME212107,AN001204,C18 POSITIVE ION MODE,TG 52:1; [M+NH4]+@10.80,TG 52:1,218,1265867.1485000001
AN001204:ME212108,AN001204,C18 POSITIVE ION MODE,TG 52:2; [M+NH4]+@10.56,TG 52:2,218,5209880.562999999
AN001204:ME212109,AN001204,C18 POSITIVE ION MODE,TG 52:3; [M+NH4]+@10.36,TG 52:3,218,6491265.4805
AN001204:ME212110,AN001204,C18 POSITIVE ION MODE,TG 52:4; [M+NH4]+@10.15,TG 52:4,218,4848034.7145
AN001204:ME212111,AN001204,C18 POSITIVE ION MODE,TG 52:5; [M+NH4]+@9.95,TG 52:5,218,1641805.4495
AN001204:ME212112,AN001204,C18 POSITIVE ION MODE,TG 52:6; [M+NH4]+@9.80,TG 52:6,218,340626.3238
AN001204:ME212113,AN001204,C18 POSITIVE ION MODE,TG 52:7; [M+NH4]+@9.63,TG 52:7,218,56523.438125
AN001204:ME212114,AN001204,C18 POSITIVE ION MODE,TG 53:1; [M+NH4]+@10.91,TG 53:1,218,41031.385165
AN001204:ME212115,AN001204,C18 POSITIVE ION MODE,TG 53:2; [M+NH4]+@10.08,TG 53:2,218,101949.034
AN001204:ME212116,AN001204,C18 POSITIVE ION MODE,TG 53:2; [M+NH4]+@10.72,TG 53:2,218,168599.50394999998
AN001204:ME212117,AN001204,C18 POSITIVE ION MODE,TG 53:3; [M+NH4]+@10.52,TG 53:3,218,270676.57704999996
AN001204:ME212118,AN001204,C18 POSITIVE ION MODE,TG 53:4; [M+NH4]+@10.33,TG 53:4,218,150033.99099999998
AN001204:ME212119,AN001204,C18 POSITIVE ION MODE,TG 53:5; [M+NH4]+@10.13,TG 53:5,218,71323.93841
AN001204:ME212120,AN001204,C18 POSITIVE ION MODE,TG 53:6; [M+NH4]+@9.95,TG 53:6,218,32780.376485
AN001204:ME212121,AN001204,C18 POSITIVE ION MODE,TG 53:7; [M+NH4]+@9.72,TG 53:7,218,23413.03841
AN001204:ME212122,AN001204,C18 POSITIVE ION MODE,TG 54:0; [M+NH4]+@11.24,TG 54:0,218,40614.987550000005
AN001204:ME212123,AN001204,C18 POSITIVE ION MODE,TG 54:1; [M+NH4]+@11.03,TG 54:1,218,255764.2348
AN001204:ME212124,AN001204,C18 POSITIVE ION MODE,TG 54:2; [M+NH4]+@10.82,TG 54:2,218,1110030.8215
AN001204:ME212125,AN001204,C18 POSITIVE ION MODE,TG 54:3; [M+NH4]+@10.64,TG 54:3,218,1668509.0315
AN001204:ME212126,AN001204,C18 POSITIVE ION MODE,TG 54:4; [M+NH4]+@10.43,TG 54:4,218,2552788.52
AN001204:ME212127,AN001204,C18 POSITIVE ION MODE,TG 54:5; [M+NH4]+@10.21,TG 54:5,218,2204868.158
AN001204:ME212128,AN001204,C18 POSITIVE ION MODE,TG 54:6; [M+NH4]+@10.03,TG 54:6,218,1315274.5104999999
AN001204:ME212129,AN001204,C18 POSITIVE ION MODE,TG 54:7; [M+NH4]+@9.85,TG 54:7,218,484683.7604
AN001204:ME212130,AN001204,C18 POSITIVE ION MODE,TG 54:8; [M+NH4]+@9.69,TG 54:8,218,99255.90551000001
AN001204:ME212131,AN001204,C18 POSITIVE ION MODE,TG 55:2; [M+NH4]+@10.94,TG 55:2,218,12713.80474
AN001204:ME212132,AN001204,C18 POSITIVE ION MODE,TG 55:3; [M+NH4]+@10.75,TG 55:3,218,27784.766335
AN001204:ME212133,AN001204,C18 POSITIVE ION MODE,TG 55:4; [M+NH4]+@10.54,TG 55:4,218,22841.573474999997
AN001204:ME212134,AN001204,C18 POSITIVE ION MODE,TG 55:5; [M+NH4]+@10.48,TG 55:5,218,26215.451415
AN001204:ME212135,AN001204,C18 POSITIVE ION MODE,TG 55:6; [M+NH4]+@10.27,TG 55:6,218,28454.97278
AN001204:ME212136,AN001204,C18 POSITIVE ION MODE,TG 55:7; [M+NH4]+@10.09,TG 55:7,218,20057.460444999997
AN001204:ME212137,AN001204,C18 POSITIVE ION MODE,TG 55:8; [M+NH4]+@9.86,TG 55:8,218,7981.8045205
AN001204:ME212139,AN001204,C18 POSITIVE ION MODE,TG 56:10; [M+NH4]+@9.64,TG 56:10,218,18960.46545
AN001204:ME212138,AN001204,C18 POSITIVE ION MODE,TG 56:1; [M+NH4]+@11.27,TG 56:1,218,27969.287095
AN001204:ME212140,AN001204,C18 POSITIVE ION MODE,TG 56:2; [M+NH4]+@11.05,TG 56:2,218,74822.14507
AN001204:ME212141,AN001204,C18 POSITIVE ION MODE,TG 56:3; [M+NH4]+@10.86,TG 56:3,218,109100.5411
AN001204:ME212142,AN001204,C18 POSITIVE ION MODE,TG 56:4; [M+NH4]+@10.70,TG 56:4,218,153779.17115
AN001204:ME212143,AN001204,C18 POSITIVE ION MODE,TG 56:5; [M+NH4]+@10.52,TG 56:5,218,404158.9784
AN001204:ME212144,AN001204,C18 POSITIVE ION MODE,TG 56:6; [M+NH4]+@10.37,TG 56:6,218,576200.6444999999
AN001204:ME212145,AN001204,C18 POSITIVE ION MODE,TG 56:7; [M+NH4]+@10.17,TG 56:7,218,659293.0184
AN001204:ME212146,AN001204,C18 POSITIVE ION MODE,TG 56:8; [M+NH4]+@9.98,TG 56:8,218,421779.8519
AN001204:ME212147,AN001204,C18 POSITIVE ION MODE,TG 56:9; [M+NH4]+@9.80,TG 56:9,218,114294.27424999999
AN001204:ME212148,AN001204,C18 POSITIVE ION MODE,TG 57:6; [M+NH4]+@10.49,TG 57:6,218,9714.8109645
AN001204:ME212149,AN001204,C18 POSITIVE ION MODE,TG 57:8; [M+NH4]+@10.12,TG 57:8,218,8217.3130135
AN001204:ME212150,AN001204,C18 POSITIVE ION MODE,TG 58:10; [M+NH4]+@9.92,TG 58:10,218,84394.15317
AN001204:ME212151,AN001204,C18 POSITIVE ION MODE,TG 58:11; [M+NH4]+@9.76,TG 58:11,218,24283.315479999997
AN001204:ME212152,AN001204,C18 POSITIVE ION MODE,TG 58:12; [M+NH4]+@9.57,TG 58:12,218,3725.361554
AN001204:ME212153,AN001204,C18 POSITIVE ION MODE,TG 58:2; [M+NH4]+@11.28,TG 58:2,218,24001.339724999998
AN001204:ME212154,AN001204,C18 POSITIVE ION MODE,TG 58:3; [M+NH4]+@11.10,TG 58:3,218,23740.92286
AN001204:ME212155,AN001204,C18 POSITIVE ION MODE,TG 58:4; [M+NH4]+@10.91,TG 58:4,218,19346.271525
AN001204:ME212156,AN001204,C18 POSITIVE ION MODE,TG 58:5; [M+NH4]+@10.77,TG 58:5,218,30432.088855
AN001204:ME212157,AN001204,C18 POSITIVE ION MODE,TG 58:6; [M+NH4]+@10.57,TG 58:6,218,48604.66772500001
AN001204:ME212158,AN001204,C18 POSITIVE ION MODE,TG 58:7; [M+NH4]+@10.44,TG 58:7,218,95991.755805
AN001204:ME212159,AN001204,C18 POSITIVE ION MODE,TG 58:8; [M+NH4]+@10.27,TG 58:8,218,137769.7477
AN001204:ME212160,AN001204,C18 POSITIVE ION MODE,TG 58:9; [M+NH4]+@10.12,TG 58:9,218,130779.56474999999
AN001204:ME212162,AN001204,C18 POSITIVE ION MODE,TG 60:10; [M+NH4]+@10.18,TG 60:10,218,21993.71251
AN001204:ME212163,AN001204,C18 POSITIVE ION MODE,TG 60:11; [M+NH4]+@10.01,TG 60:11,218,22502.91442
AN001204:ME212164,AN001204,C18 POSITIVE ION MODE,TG 60:12; [M+NH4]+@9.90,TG 60:12,218,15621.111365
AN001204:ME212165,AN001204,C18 POSITIVE ION MODE,TG 60:13; [M+NH4]+@9.70,TG 60:13,218,3542.6567640000003
AN001204:ME212161,AN001204,C18 POSITIVE ION MODE,TG 60:1; [M+NH4]+@11.79,TG 60:1,218,2764.8653305
AN001204:ME212166,AN001204,C18 POSITIVE ION MODE,TG 60:2; [M+NH4]+@11.51,TG 60:2,218,7762.6961725
AN001204:ME212167,AN001204,C18 POSITIVE ION MODE,TG 60:6; [M+NH4]+@10.78,TG 60:6,218,5176.5384305
AN001204:ME212168,AN001204,C18 POSITIVE ION MODE,TG 60:8; [M+NH4]+@10.51,TG 60:8,218,11198.622915
AN001204:ME212169,AN001204,C18 POSITIVE ION MODE,TG 60:9; [M+NH4]+@10.33,TG 60:9,218,17086.22552
AN001204:ME212170,AN001204,C18 POSITIVE ION MODE,TG 62:13; [M+NH4]+@9.92,TG 62:13,218,3906.5805885
AN001204:ME212171,AN001204,C18 POSITIVE ION MODE,TG 62:14; [M+NH4]+@9.82,TG 62:14,218,2463.7123764999997
AN001204:ME212172,AN001204,C18 POSITIVE ION MODE,TG 62:2; [M+NH4]+@11.78,TG 62:2,218,1408.190161
