Comparison,Genes,t (all),p (all),FDR (all),Up genes,t (up-in-disease half),FDR (up half),Down genes,t (down-in-disease half),FDR (down half),Set-level verdict
"Human vastus lateralis RNA, EE–CON 15–45 min",9,-0.9517939613701346,0.34121685185907846,0.47954800801816433,0,,,9,-0.9517939613701346,0.47954800801816433,no set-level shift
"Human vastus lateralis RNA, EE–CON 3.5–4 h",9,0.5368762270121307,0.5913610919379146,0.6833505951282568,0,,,9,0.5368762270121307,0.6833505951282568,no set-level shift
"Human vastus lateralis RNA, EE–CON 24 h",9,2.5552746706374365,0.010620200349871534,0.05522504181933198,0,,,9,2.5552746706374365,0.05522504181933198,no set-level shift
"Human vastus lateralis RNA, RE–CON 15–45 min",9,-1.0173502315268297,0.3090032899977839,0.44633808555235455,0,,,9,-1.0173502315268297,0.44633808555235455,no set-level shift
"Human vastus lateralis RNA, RE–CON 3.5–4 h",9,0.44205185314695816,0.658458069541525,0.7285068003438149,0,,,9,0.44205185314695816,0.7285068003438149,no set-level shift
"Human vastus lateralis RNA, RE–CON 24 h",9,0.5048893663007077,0.6136439753210475,0.6936844938411841,0,,,9,0.5048893663007077,0.6936844938411841,no set-level shift
"Human vastus lateralis protein, EE–CON 15–45 min",9,-0.19203491414621904,0.8477213597516994,0.8816302141417673,0,,,9,-0.19203491414621904,0.8816302141417673,no set-level shift
"Human vastus lateralis protein, EE–CON 3.5–4 h",9,-0.36429612434141684,0.7156497395562025,0.7594650297331129,0,,,9,-0.36429612434141684,0.7594650297331129,no set-level shift
"Human vastus lateralis protein, EE–CON 24 h",9,0.5385007202173956,0.5902513978087397,0.6833505951282568,0,,,9,0.5385007202173956,0.6833505951282568,no set-level shift
"Human vastus lateralis protein, RE–CON 15–45 min",9,-0.7809962520785328,0.43483553208041803,0.5950380965310984,0,,,9,-0.7809962520785328,0.5950380965310984,no set-level shift
"Human vastus lateralis protein, RE–CON 3.5–4 h",9,-1.4715137608441509,0.14120470825991743,0.23740469618929583,0,,,9,-1.4715137608441509,0.23740469618929583,no set-level shift
"Human vastus lateralis protein, RE–CON 24 h",9,-2.601979133670226,0.00929154371962686,0.05522504181933198,0,,,9,-2.601979133670226,0.05522504181933198,no set-level shift
"Rat gastrocnemius RNA, female 1 wk",9,-0.6157253643278279,0.5380870315094634,0.6662029913926689,0,,,9,-0.6157253643278279,0.6662029913926689,no set-level shift
"Rat gastrocnemius RNA, female 2 wk",9,0.3731253697149818,0.709061480352979,0.7594650297331129,0,,,9,0.3731253697149818,0.7594650297331129,no set-level shift
"Rat gastrocnemius RNA, female 4 wk",9,1.4702114635623291,0.14152972272823405,0.23740469618929583,0,,,9,1.4702114635623291,0.23740469618929583,no set-level shift
"Rat gastrocnemius RNA, female 8 wk",9,1.5368545746456115,0.12435429682548532,0.23740469618929583,0,,,9,1.5368545746456115,0.23740469618929583,no set-level shift
"Rat gastrocnemius RNA, male 1 wk",9,2.121479076164316,0.03390117300739787,0.12642992569768768,0,,,9,2.121479076164316,0.12642992569768768,no set-level shift
"Rat gastrocnemius RNA, male 2 wk",9,2.7946162248761026,0.0052040713319705355,0.0502730354823552,0,,,9,2.7946162248761026,0.0502730354823552,no set-level shift
"Rat gastrocnemius RNA, male 4 wk",9,1.9658144213989102,0.04934220176608638,0.13076661486554447,0,,,9,1.9658144213989102,0.13076661486554447,no set-level shift
"Rat gastrocnemius RNA, male 8 wk",9,1.560743324098879,0.11860970103603936,0.23740469618929583,0,,,9,1.560743324098879,0.23740469618929583,no set-level shift
"Rat gastrocnemius protein, female 1 wk",9,1.5113690202543468,0.13075096286634239,0.23740469618929583,0,,,9,1.5113690202543468,0.23740469618929583,no set-level shift
"Rat gastrocnemius protein, female 2 wk",9,1.6493991251801934,0.09912206096249095,0.22075871473017797,0,,,9,1.6493991251801934,0.22075871473017797,no set-level shift
"Rat gastrocnemius protein, female 4 wk",9,2.5777984263054394,0.009968562036409235,0.05522504181933198,0,,,9,2.5777984263054394,0.05522504181933198,no set-level shift
"Rat gastrocnemius protein, female 8 wk",9,2.7599001032595596,0.005800734863348677,0.0502730354823552,0,,,9,2.7599001032595596,0.0502730354823552,no set-level shift
"Rat gastrocnemius protein, male 1 wk",9,-0.0011240436445160902,0.9991031831637753,0.9991031831637753,0,,,9,-0.0011240436445160902,0.9991031831637753,no set-level shift
"Rat gastrocnemius protein, male 2 wk",9,0.5620646021389233,0.5740945041526739,0.6833505951282568,0,,,9,0.5620646021389233,0.6833505951282568,no set-level shift
"Rat gastrocnemius protein, male 4 wk",9,1.7744068070669292,0.0760502132401693,0.17975504947676382,0,,,9,1.7744068070669292,0.17975504947676382,no set-level shift
"Rat gastrocnemius protein, male 8 wk",9,2.055757727235038,0.039852142004603706,0.12890793320344748,0,,,9,2.055757727235038,0.12890793320344748,no set-level shift
"Rat vastus lateralis RNA, female 1 wk",9,2.3393319255698795,0.019333808283425645,0.0913961846125576,0,,,9,2.3393319255698795,0.0913961846125576,no set-level shift
"Rat vastus lateralis RNA, female 2 wk",9,1.3408174453442434,0.18000390586308104,0.27530009132000627,0,,,9,1.3408174453442434,0.27530009132000627,no set-level shift
"Rat vastus lateralis RNA, female 4 wk",9,3.0089462638201945,0.00262673991269965,0.03414761886509545,0,,,9,3.0089462638201945,0.03414761886509545,opposed
"Rat vastus lateralis RNA, female 8 wk",9,3.9042904266347547,9.499501412640978e-05,0.002469870367286654,0,,,9,3.9042904266347547,0.002469870367286654,opposed
"Rat vastus lateralis RNA, male 1 wk",9,2.1892274049568936,0.028598613852946347,0.12392732669610083,0,,,9,2.1892274049568936,0.12392732669610083,no set-level shift
"Rat vastus lateralis RNA, male 2 wk",9,2.1198427693618456,0.03403882614937745,0.12642992569768768,0,,,9,2.1198427693618456,0.12642992569768768,no set-level shift
"Rat vastus lateralis RNA, male 4 wk",9,2.023648077858003,0.04302746830707345,0.12890793320344748,0,,,9,2.023648077858003,0.12890793320344748,no set-level shift
"Rat vastus lateralis RNA, male 8 wk",9,1.9149754225091589,0.055518285104814366,0.13747384883096891,0,,,9,1.9149754225091589,0.13747384883096891,no set-level shift
"Rat heart RNA, female 1 wk",9,1.493161176425832,0.13541927027274883,0.23740469618929583,0,,,9,1.493161176425832,0.23740469618929583,no set-level shift
"Rat heart RNA, female 2 wk",9,0.7599181395894947,0.44731730056522634,0.5964230674203017,0,,,9,0.7599181395894947,0.5964230674203017,no set-level shift
"Rat heart RNA, female 4 wk",9,1.4087180098521468,0.15894248932104552,0.258281545146699,0,,,9,1.4087180098521468,0.258281545146699,no set-level shift
"Rat heart RNA, female 8 wk",9,1.3907052406061933,0.16433863768366805,0.2589578533197193,0,,,9,1.3907052406061933,0.2589578533197193,no set-level shift
"Rat heart RNA, male 1 wk",9,1.6358813594025217,0.10188863756777446,0.22075871473017797,0,,,9,1.6358813594025217,0.22075871473017797,no set-level shift
"Rat heart RNA, male 2 wk",9,0.6692268559330262,0.5033626663002775,0.6543714661903608,0,,,9,0.6692268559330262,0.6543714661903608,no set-level shift
"Rat heart RNA, male 4 wk",9,-0.15165682297845687,0.879459967087682,0.8967042801678327,0,,,9,-0.15165682297845687,0.8967042801678327,no set-level shift
"Rat heart RNA, male 8 wk",9,-1.138229518780944,0.2550456363341265,0.37892494541070226,0,,,9,-1.138229518780944,0.37892494541070226,no set-level shift
"Rat heart protein, female 1 wk",9,2.612914745101863,0.008993314351066355,0.05522504181933198,0,,,9,2.612914745101863,0.05522504181933198,no set-level shift
"Rat heart protein, female 2 wk",9,3.094813670258894,0.0019758204582712583,0.03414761886509545,0,,,9,3.094813670258894,0.03414761886509545,opposed
"Rat heart protein, female 4 wk",9,5.152562487945538,2.62776641594716e-07,1.3664385362925232e-05,0,,,9,5.152562487945538,1.3664385362925232e-05,opposed
"Rat heart protein, female 8 wk",9,1.95772837430954,0.050294851871363254,0.13076661486554447,0,,,9,1.95772837430954,0.13076661486554447,no set-level shift
"Rat heart protein, male 1 wk",9,1.477357887923532,0.13961710241702036,0.23740469618929583,0,,,9,1.477357887923532,0.23740469618929583,no set-level shift
"Rat heart protein, male 2 wk",9,2.084189787428378,0.03717295642324887,0.1288662489339294,0,,,9,2.084189787428378,0.1288662489339294,no set-level shift
"Rat heart protein, male 4 wk",9,2.008500542309294,0.04462197687811644,0.12890793320344748,0,,,9,2.008500542309294,0.12890793320344748,no set-level shift
"Rat heart protein, male 8 wk",9,0.6394446729038181,0.5225510789146766,0.6627477098430045,0,,,9,0.6394446729038181,0.6627477098430045,no set-level shift
