Comparison,GO:BP set,"t, disease","BH q, disease","t, exercise","BH q, exercise",Direction
"Human vastus lateralis RNA, EE–CON 15–45 min",GOBP_CYTOPLASMIC_TRANSLATION,-8.167942424018985,1.7235795552793784e-12,-2.7313023385883843,0.038062732290117945,same direction
"Human vastus lateralis protein, RE–CON 3.5–4 h",GOBP_CYTOPLASMIC_TRANSLATION,-8.167942424018985,1.7235795552793784e-12,5.1345829132505765,0.00030287170918952587,opposite direction
"Human vastus lateralis protein, RE–CON 15–45 min",GOBP_CYTOPLASMIC_TRANSLATION,-8.167942424018985,1.7235795552793784e-12,-5.881645629806588,2.4866589611120933e-06,same direction
"Human vastus lateralis RNA, RE–CON 3.5–4 h",GOBP_CYTOPLASMIC_TRANSLATION,-8.167942424018985,1.7235795552793784e-12,4.28681389009823,0.005990144087228417,opposite direction
"Human vastus lateralis protein, EE–CON 15–45 min",GOBP_CYTOPLASMIC_TRANSLATION,-8.167942424018985,1.7235795552793784e-12,-4.146596096572488,0.003044795273765466,same direction
"Human blood RNA, EE–CON 40 min during",GOBP_CYTOPLASMIC_TRANSLATION,-8.167942424018985,1.7235795552793784e-12,-4.299490329664258,0.004654031513737561,same direction
"Human blood RNA, EE–CON 10 min",GOBP_CYTOPLASMIC_TRANSLATION,-8.167942424018985,1.7235795552793784e-12,-3.8360167935999026,0.01793381856725132,same direction
"Human subcutaneous adipose RNA, RE–CON 3.5–4 h",GOBP_CYTOPLASMIC_TRANSLATION,-8.167942424018985,1.7235795552793784e-12,4.531651024719472,0.0035526716609118477,opposite direction
"Human blood RNA, EE–CON 15–45 min",GOBP_CYTOPLASMIC_TRANSLATION,-8.167942424018985,1.7235795552793784e-12,-4.047470736446967,0.0038815952316209844,same direction
"Human blood RNA, EE–CON 3.5–4 h",GOBP_CYTOPLASMIC_TRANSLATION,-8.167942424018985,1.7235795552793784e-12,-9.925511305824203,1.7137038810433467e-19,same direction
"Rat heart RNA, male 8 wk",GOBP_CYTOPLASMIC_TRANSLATION,-8.167942424018985,1.7235795552793784e-12,-4.161759124301857,0.038858461223700104,same direction
"Rat heart protein, male 8 wk",GOBP_CYTOPLASMIC_TRANSLATION,-8.167942424018985,1.7235795552793784e-12,-5.013375891444593,0.00022702419592180714,same direction
"Rat heart protein, male 4 wk",GOBP_CYTOPLASMIC_TRANSLATION,-8.167942424018985,1.7235795552793784e-12,-5.036855212726316,4.411189456728042e-05,same direction
"Rat heart RNA, female 2 wk",GOBP_CYTOPLASMIC_TRANSLATION,-8.167942424018985,1.7235795552793784e-12,-7.300584202034253,1.4113074009701066e-09,same direction
"Human blood RNA, RE–CON 3.5–4 h",GOBP_CYTOPLASMIC_TRANSLATION,-8.167942424018985,1.7235795552793784e-12,-9.522992959347693,8.74867248613644e-18,same direction
"Human blood RNA, RE–CON 15–45 min",GOBP_CYTOPLASMIC_TRANSLATION,-8.167942424018985,1.7235795552793784e-12,-4.604246790890702,0.00017418791709543398,same direction
"Rat heart RNA, male 2 wk",GOBP_CYTOPLASMIC_TRANSLATION,-8.167942424018985,1.7235795552793784e-12,-3.9408049621833574,0.008248554827084835,same direction
"Rat vastus lateralis RNA, female 4 wk",GOBP_CYTOPLASMIC_TRANSLATION,-8.167942424018985,1.7235795552793784e-12,-4.55773563161917,0.0005189971678504775,same direction
"Rat vastus lateralis RNA, female 2 wk",GOBP_CYTOPLASMIC_TRANSLATION,-8.167942424018985,1.7235795552793784e-12,-5.078893122608104,0.0004306211436851016,same direction
"Rat heart RNA, male 4 wk",GOBP_CYTOPLASMIC_TRANSLATION,-8.167942424018985,1.7235795552793784e-12,-4.9571840993563345,0.0033706131483173907,same direction
"Rat heart protein, female 4 wk",GOBP_CYTOPLASMIC_TRANSLATION,-8.167942424018985,1.7235795552793784e-12,-3.2953700438057165,0.02697272713111945,same direction
"Rat vastus lateralis RNA, female 1 wk",GOBP_CYTOPLASMIC_TRANSLATION,-8.167942424018985,1.7235795552793784e-12,-4.845033877853284,0.0003613157727085737,same direction
"Rat vastus lateralis RNA, male 2 wk",GOBP_CYTOPLASMIC_TRANSLATION,-8.167942424018985,1.7235795552793784e-12,3.573343258090965,0.019024505099625846,opposite direction
"Rat vastus lateralis RNA, male 1 wk",GOBP_CYTOPLASMIC_TRANSLATION,-8.167942424018985,1.7235795552793784e-12,3.750994086075253,0.023796383177159163,opposite direction
"Rat heart RNA, female 8 wk",GOBP_CYTOPLASMIC_TRANSLATION,-8.167942424018985,1.7235795552793784e-12,-3.8003537218935146,0.02502475777088432,same direction
"Rat gastrocnemius protein, female 2 wk",GOBP_OXYGEN_TRANSPORT,5.905057032540179,9.286520827616661e-06,-4.797035644849874,0.000707812788168043,opposite direction
"Human blood RNA, EE–CON 15–45 min",GOBP_OXYGEN_TRANSPORT,5.905057032540179,9.286520827616661e-06,3.222602632251513,0.021584483491118394,same direction
"Human blood RNA, EE–CON 40 min during",GOBP_OXYGEN_TRANSPORT,5.905057032540179,9.286520827616661e-06,-5.364864975214008,4.7150242834789814e-05,opposite direction
"Human blood RNA, EE–CON 20 min during",GOBP_OXYGEN_TRANSPORT,5.905057032540179,9.286520827616661e-06,-3.935737080736011,0.017177952681264638,opposite direction
"Rat gastrocnemius protein, female 8 wk",GOBP_OXYGEN_TRANSPORT,5.905057032540179,9.286520827616661e-06,-3.2531559968893595,0.03549599608269061,opposite direction
"Human blood RNA, EE–CON 40 min during",GOBP_GAS_TRANSPORT,5.780094724865844,1.3094355929547978e-05,-5.503605909133554,2.4784890581226436e-05,opposite direction
"Human vastus lateralis protein, RE–CON 15–45 min",GOBP_GAS_TRANSPORT,5.780094724865844,1.3094355929547978e-05,3.087730464471513,0.04125091267571342,same direction
"Human blood RNA, EE–CON 20 min during",GOBP_GAS_TRANSPORT,5.780094724865844,1.3094355929547978e-05,-4.465977182777357,0.0036868378689274704,opposite direction
"Human blood RNA, EE–CON 15–45 min",GOBP_GAS_TRANSPORT,5.780094724865844,1.3094355929547978e-05,3.650932675205051,0.009265344289959234,same direction
"Rat gastrocnemius protein, female 2 wk",GOBP_GAS_TRANSPORT,5.780094724865844,1.3094355929547978e-05,-5.070557167854632,0.0004093005612563125,opposite direction
"Human blood RNA, EE–CON 40 min during",GOBP_HYDROGEN_PEROXIDE_CATABOLIC_PROCESS,4.977453205727793,0.0008418870897996161,-5.583541767402105,1.8328842419137847e-05,opposite direction
"Rat vastus lateralis RNA, female 4 wk",GOBP_HYDROGEN_PEROXIDE_CATABOLIC_PROCESS,4.977453205727793,0.0008418870897996161,3.8569481130212098,0.008796053303193227,same direction
"Rat gastrocnemius protein, female 2 wk",GOBP_HYDROGEN_PEROXIDE_CATABOLIC_PROCESS,4.977453205727793,0.0008418870897996161,-4.138219414810702,0.004437933772313876,opposite direction
"Human blood RNA, EE–CON 40 min during",GOBP_CARBON_DIOXIDE_TRANSPORT,4.886219413645035,0.0010739439894016582,-4.893278138463135,0.00038330554858734164,opposite direction
"Human blood RNA, EE–CON 20 min during",GOBP_CARBON_DIOXIDE_TRANSPORT,4.886219413645035,0.0010739439894016582,-3.914805903590816,0.017177952681264638,opposite direction
"Human blood RNA, EE–CON 15–45 min",GOBP_CARBON_DIOXIDE_TRANSPORT,4.886219413645035,0.0010739439894016582,2.8084998116268327,0.04925109492575655,same direction
"Human blood RNA, RE–CON 3.5–4 h",GOBP_COMPLEMENT_RECEPTOR_MEDIATED_SIGNALING_PATHWAY,4.5926095730882865,0.003804846626724119,3.1464456839635515,0.023927180742253622,same direction
"Human blood RNA, RE–CON 15–45 min",GOBP_COMPLEMENT_RECEPTOR_MEDIATED_SIGNALING_PATHWAY,4.5926095730882865,0.003804846626724119,2.709418431634237,0.02897492979986213,same direction
"Human blood RNA, RE–CON 15–45 min",GOBP_ALPHA_BETA_T_CELL_DIFFERENTIATION,-4.554813684211623,0.003905614298703902,3.63760922068555,0.003078827188103562,opposite direction
"Human vastus lateralis RNA, RE–CON 15–45 min",GOBP_ALPHA_BETA_T_CELL_DIFFERENTIATION,-4.554813684211623,0.003905614298703902,4.53476232679561,0.00014392534737329171,opposite direction
"Human blood RNA, RE–CON 10 min",GOBP_ALPHA_BETA_T_CELL_DIFFERENTIATION,-4.554813684211623,0.003905614298703902,3.777217451226708,0.011989652691911426,opposite direction
"Human vastus lateralis RNA, EE–CON 15–45 min",GOBP_ALPHA_BETA_T_CELL_DIFFERENTIATION,-4.554813684211623,0.003905614298703902,4.652954793898569,0.00016128006810232993,opposite direction
"Human blood RNA, RE–CON 3.5–4 h",GOBP_PROTEIN_RNA_COMPLEX_ORGANIZATION,-4.460485027781499,0.005327423724385658,-2.8083114306838417,0.04927990361439279,same direction
"Human blood RNA, RE–CON 15–45 min",GOBP_PROTEIN_RNA_COMPLEX_ORGANIZATION,-4.460485027781499,0.005327423724385658,-2.6289699049009156,0.034438307172540164,same direction
"Human subcutaneous adipose RNA, EE–CON 15–45 min",GOBP_REGULATION_OF_MRNA_SPLICING_VIA_SPLICEOSOME,-4.1493705997156,0.01246754184585995,4.819249467805744,0.0023367915573176386,opposite direction
"Human blood RNA, EE–CON 3.5–4 h",GOBP_RIBOSOME_ASSEMBLY,-4.127002184162568,0.01246754184585995,-5.94634970422712,2.1414657858860837e-06,same direction
"Human blood RNA, RE–CON 10 min",GOBP_PLATELET_ACTIVATION,4.117319593826769,0.01246754184585995,3.3420062583505747,0.030025466823167108,same direction
"Human blood RNA, EE–CON 15–45 min",GOBP_PLATELET_ACTIVATION,4.117319593826769,0.01246754184585995,4.28282201832036,0.0021319953577250738,same direction
"Human subcutaneous adipose RNA, EE–CON 15–45 min",GOBP_RNA_SPLICING,-4.140261119009633,0.01246754184585995,4.636979412828392,0.0032163339774634037,opposite direction
"Human blood RNA, EE–CON 15–45 min",GOBP_RIBOSOME_ASSEMBLY,-4.127002184162568,0.01246754184585995,-4.140156834237362,0.00317621200034853,same direction
"Human subcutaneous adipose RNA, RE–CON 15–45 min",GOBP_REGULATION_OF_MRNA_SPLICING_VIA_SPLICEOSOME,-4.1493705997156,0.01246754184585995,4.2462662194659115,0.030008878546516148,opposite direction
"Human vastus lateralis RNA, RE–CON 3.5–4 h",GOBP_REGULATION_OF_MRNA_SPLICING_VIA_SPLICEOSOME,-4.1493705997156,0.01246754184585995,6.0462327065800014,6.979565437777267e-06,opposite direction
"Human vastus lateralis RNA, RE–CON 15–45 min",GOBP_POSITIVE_REGULATION_OF_CD4_POSITIVE_ALPHA_BETA_T_CELL_ACTIVATION,-4.22431592967083,0.01246754184585995,3.02779316248379,0.018009994402992766,opposite direction
"Human vastus lateralis RNA, RE–CON 15–45 min",GOBP_PLATELET_ACTIVATION,4.117319593826769,0.01246754184585995,2.7587581955409335,0.03455453512669419,same direction
"Human vastus lateralis RNA, EE–CON 15–45 min",GOBP_PLATELET_ACTIVATION,4.117319593826769,0.01246754184585995,2.9004877656004173,0.02595502249257139,same direction
"Human vastus lateralis RNA, EE–CON 15–45 min",GOBP_POSITIVE_REGULATION_OF_INTERLEUKIN_2_PRODUCTION,-4.23220381461871,0.01246754184585995,3.0338142039999725,0.018915694295237838,opposite direction
"Human vastus lateralis RNA, EE–CON 15–45 min",GOBP_POSITIVE_REGULATION_OF_CD4_POSITIVE_ALPHA_BETA_T_CELL_ACTIVATION,-4.22431592967083,0.01246754184585995,3.453702373393271,0.006438097689939935,opposite direction
"Human vastus lateralis RNA, RE–CON 15–45 min",GOBP_B_CELL_APOPTOTIC_PROCESS,-4.119836950862935,0.01246754184585995,2.6923364496407847,0.04057221388157022,opposite direction
"Human vastus lateralis RNA, RE–CON 3.5–4 h",GOBP_RIBOSOME_ASSEMBLY,-4.127002184162568,0.01246754184585995,3.791278618314142,0.019217337889782964,opposite direction
"Human blood RNA, RE–CON 15–45 min",GOBP_PLATELET_ACTIVATION,4.117319593826769,0.01246754184585995,5.767571977500289,2.506985952459137e-06,same direction
"Human blood RNA, RE–CON 15–45 min",GOBP_RIBOSOME_ASSEMBLY,-4.127002184162568,0.01246754184585995,-5.047169723623062,3.7181633281064546e-05,same direction
"Human blood RNA, RE–CON 15–45 min",GOBP_POSITIVE_REGULATION_OF_INTERLEUKIN_2_PRODUCTION,-4.23220381461871,0.01246754184585995,2.488980490797228,0.04617793624601194,opposite direction
"Human blood RNA, RE–CON 15–45 min",GOBP_POSITIVE_REGULATION_OF_CD4_POSITIVE_ALPHA_BETA_T_CELL_ACTIVATION,-4.22431592967083,0.01246754184585995,2.762546664671403,0.025844774762387192,opposite direction
"Human blood RNA, RE–CON 3.5–4 h",GOBP_RIBOSOME_ASSEMBLY,-4.127002184162568,0.01246754184585995,-5.820758675837359,3.4201021440789776e-06,same direction
"Human blood RNA, RE–CON 15–45 min",GOBP_REGULATION_OF_MRNA_SPLICING_VIA_SPLICEOSOME,-4.1493705997156,0.01246754184585995,2.7447653941506953,0.02681420728430145,opposite direction
"Rat gastrocnemius RNA, female 8 wk",GOBP_REGULATION_OF_MRNA_SPLICING_VIA_SPLICEOSOME,-4.1493705997156,0.01246754184585995,-4.491853333338403,0.0012499982310282508,same direction
"Rat gastrocnemius protein, female 2 wk",GOBP_PLATELET_ACTIVATION,4.117319593826769,0.01246754184585995,-3.446890293691745,0.03426385916163928,opposite direction
"Rat heart protein, female 4 wk",GOBP_RNA_SPLICING,-4.140261119009633,0.01246754184585995,-4.739534560186391,0.00014054199124266067,same direction
"Rat heart protein, female 4 wk",GOBP_REGULATION_OF_MRNA_SPLICING_VIA_SPLICEOSOME,-4.1493705997156,0.01246754184585995,-3.424971295328599,0.019601947904215815,same direction
"Rat vastus lateralis RNA, male 2 wk",GOBP_RIBOSOME_ASSEMBLY,-4.127002184162568,0.01246754184585995,3.16577200609458,0.049214688799921594,opposite direction
"Rat heart RNA, female 4 wk",GOBP_PLATELET_ACTIVATION,4.117319593826769,0.01246754184585995,-4.331390158999929,0.003157994558776627,opposite direction
"Rat gastrocnemius RNA, female 8 wk",GOBP_RNA_SPLICING,-4.140261119009633,0.01246754184585995,-3.912173152687395,0.012712039003968932,same direction
"Human subcutaneous adipose RNA, EE–CON 15–45 min",GOBP_MRNA_SPLICE_SITE_RECOGNITION,-3.977582489697549,0.014485385806298105,3.416957416722265,0.04784126619532563,opposite direction
"Human blood RNA, RE–CON 10 min",GOBP_CD4_POSITIVE_ALPHA_BETA_T_CELL_DIFFERENTIATION,-4.025078151908937,0.014485385806298105,3.6661129039993585,0.014822736607259352,opposite direction
"Human vastus lateralis RNA, EE–CON 15–45 min",GOBP_REGULATION_OF_CD4_POSITIVE_ALPHA_BETA_T_CELL_DIFFERENTIATION,-4.014323731731983,0.014485385806298105,5.222277228157287,1.752160544601226e-05,opposite direction
"Human blood RNA, RE–CON 10 min",GOBP_REGULATION_OF_CD4_POSITIVE_ALPHA_BETA_T_CELL_DIFFERENTIATION,-4.014323731731983,0.014485385806298105,4.345001466679914,0.001750285081172877,opposite direction
"Human blood RNA, RE–CON 15–45 min",GOBP_CD4_POSITIVE_ALPHA_BETA_T_CELL_DIFFERENTIATION,-4.025078151908937,0.014485385806298105,3.6540561570571124,0.0029308852433917337,opposite direction
"Rat heart protein, female 4 wk",GOBP_RNA_SPLICING_VIA_TRANSESTERIFICATION_REACTIONS,-4.0463796607120495,0.014485385806298105,-4.702539476499306,0.00016564371164369275,same direction
"Rat heart protein, female 8 wk",GOBP_RNA_SPLICING_VIA_TRANSESTERIFICATION_REACTIONS,-4.0463796607120495,0.014485385806298105,-4.2730421559873735,0.0054873154035419425,same direction
"Rat gastrocnemius RNA, female 8 wk",GOBP_RNA_SPLICING_VIA_TRANSESTERIFICATION_REACTIONS,-4.0463796607120495,0.014485385806298105,-4.190863756537462,0.004254974380795743,same direction
"Human blood RNA, RE–CON 15–45 min",GOBP_POSITIVE_REGULATION_OF_MONOCYTE_CHEMOTAXIS,3.992190822181862,0.014485385806298105,3.2039335694972686,0.009261159234542788,same direction
"Human blood RNA, RE–CON 15–45 min",GOBP_HYDROGEN_PEROXIDE_METABOLIC_PROCESS,4.018263280685516,0.014485385806298105,2.69217895359076,0.030115287307869252,same direction
"Human blood RNA, RE–CON 15–45 min",GOBP_REGULATION_OF_RNA_SPLICING,-3.9848624786622167,0.014485385806298105,2.792924633095411,0.02425182462760784,opposite direction
"Rat gastrocnemius protein, female 2 wk",GOBP_HYDROGEN_PEROXIDE_METABOLIC_PROCESS,4.018263280685516,0.014485385806298105,-3.348055049097062,0.04235755430061045,opposite direction
"Rat heart protein, female 4 wk",GOBP_REGULATION_OF_RNA_SPLICING,-3.9848624786622167,0.014485385806298105,-3.2996768265822514,0.026758068298781756,same direction
"Human blood RNA, RE–CON 15–45 min",GOBP_RIBONUCLEOPROTEIN_COMPLEX_BIOGENESIS,-4.049905557844575,0.014485385806298105,-6.106723563836759,6.822534076957413e-07,same direction
"Human blood RNA, RE–CON 15–45 min",GOBP_REGULATION_OF_NUCLEAR_TRANSCRIBED_MRNA_CATABOLIC_PROCESS_DEADENYLATION_DEPENDENT_DECAY,-4.007081289915153,0.014485385806298105,3.278705460842508,0.007684087749957176,opposite direction
"Human blood RNA, RE–CON 15–45 min",GOBP_REGULATION_OF_CD4_POSITIVE_ALPHA_BETA_T_CELL_DIFFERENTIATION,-4.014323731731983,0.014485385806298105,3.8280705144334526,0.0018051891224583662,opposite direction
"Human blood RNA, RE–CON 3.5–4 h",GOBP_RIBONUCLEOPROTEIN_COMPLEX_BIOGENESIS,-4.049905557844575,0.014485385806298105,-5.072866152495509,7.913133267186794e-05,same direction
"Rat gastrocnemius RNA, female 8 wk",GOBP_REGULATION_OF_RNA_SPLICING,-3.9848624786622167,0.014485385806298105,-3.9541723604219103,0.011009304241691907,same direction
"Human blood RNA, RE–CON 10 min",GOBP_RIBONUCLEOPROTEIN_COMPLEX_BIOGENESIS,-4.049905557844575,0.014485385806298105,-3.565302006365773,0.018610543146916528,same direction
"Human vastus lateralis RNA, RE–CON 15–45 min",GOBP_REGULATION_OF_NUCLEAR_TRANSCRIBED_MRNA_CATABOLIC_PROCESS_DEADENYLATION_DEPENDENT_DECAY,-4.007081289915153,0.014485385806298105,4.916388135125119,3.337231688028694e-05,opposite direction
"Human vastus lateralis RNA, RE–CON 15–45 min",GOBP_CD4_POSITIVE_ALPHA_BETA_T_CELL_DIFFERENTIATION,-4.025078151908937,0.014485385806298105,4.778237935938233,5.8629893308263763e-05,opposite direction
"Human vastus lateralis RNA, EE–CON 15–45 min",GOBP_REGULATION_OF_NUCLEAR_TRANSCRIBED_MRNA_CATABOLIC_PROCESS_DEADENYLATION_DEPENDENT_DECAY,-4.007081289915153,0.014485385806298105,3.277972512506431,0.010273822952907685,opposite direction
"Human vastus lateralis RNA, EE–CON 15–45 min",GOBP_CD4_POSITIVE_ALPHA_BETA_T_CELL_DIFFERENTIATION,-4.025078151908937,0.014485385806298105,4.776099828018121,0.00010116781597626231,opposite direction
"Human vastus lateralis RNA, RE–CON 3.5–4 h",GOBP_REGULATION_OF_RNA_SPLICING,-3.9848624786622167,0.014485385806298105,4.764849640782965,0.001461926153565967,opposite direction
"Human vastus lateralis RNA, RE–CON 15–45 min",GOBP_REGULATION_OF_CD4_POSITIVE_ALPHA_BETA_T_CELL_DIFFERENTIATION,-4.014323731731983,0.014485385806298105,5.540250360670117,2.1077582170140335e-06,opposite direction
"Human blood RNA, EE–CON 20 min during",GOBP_REGULATION_OF_NUCLEAR_TRANSCRIBED_MRNA_CATABOLIC_PROCESS_DEADENYLATION_DEPENDENT_DECAY,-4.007081289915153,0.014485385806298105,-4.338428892592413,0.005992252400453451,same direction
"Human subcutaneous adipose RNA, EE–CON 15–45 min",GOBP_REGULATION_OF_RNA_SPLICING,-3.9848624786622167,0.014485385806298105,4.395977537918214,0.004864914529393585,opposite direction
"Human blood RNA, EE–CON 15–45 min",GOBP_RIBONUCLEOPROTEIN_COMPLEX_BIOGENESIS,-4.049905557844575,0.014485385806298105,-4.759911223061375,0.00047235981606259163,same direction
"Human subcutaneous adipose RNA, EE–CON 15–45 min",GOBP_REGULATION_OF_NUCLEAR_TRANSCRIBED_MRNA_CATABOLIC_PROCESS_DEADENYLATION_DEPENDENT_DECAY,-4.007081289915153,0.014485385806298105,3.829872147565796,0.025861178473588455,opposite direction
"Human subcutaneous adipose RNA, EE–CON 15–45 min",GOBP_RNA_SPLICING_VIA_TRANSESTERIFICATION_REACTIONS,-4.0463796607120495,0.014485385806298105,5.147701105877198,0.0012860224535891239,opposite direction
"Human blood RNA, EE–CON 3.5–4 h",GOBP_RIBONUCLEOPROTEIN_COMPLEX_BIOGENESIS,-4.049905557844575,0.014485385806298105,-5.16826678024117,0.00010982308557498957,same direction
"Human vastus lateralis RNA, EE–CON 3.5–4 h",GOBP_CIRCADIAN_REGULATION_OF_GENE_EXPRESSION,-3.9447618495392645,0.015387282033222646,3.9826332656912338,0.015743123485428955,opposite direction
"Human blood RNA, RE–CON 15–45 min",GOBP_CD4_POSITIVE_ALPHA_BETA_T_CELL_ACTIVATION,-3.950651938352307,0.015387282033222646,3.464870369727045,0.00480668205731007,opposite direction
"Human blood RNA, RE–CON 10 min",GOBP_CD4_POSITIVE_ALPHA_BETA_T_CELL_ACTIVATION,-3.950651938352307,0.015387282033222646,4.352633994855183,0.001750285081172877,opposite direction
"Human vastus lateralis RNA, EE–CON 15–45 min",GOBP_CD4_POSITIVE_ALPHA_BETA_T_CELL_ACTIVATION,-3.950651938352307,0.015387282033222646,4.140042813808936,0.0008539152794474552,opposite direction
"Human vastus lateralis RNA, RE–CON 15–45 min",GOBP_CIRCADIAN_REGULATION_OF_GENE_EXPRESSION,-3.9447618495392645,0.015387282033222646,4.540692979336141,0.0001412058905038389,opposite direction
"Human vastus lateralis RNA, EE–CON 15–45 min",GOBP_CIRCADIAN_REGULATION_OF_GENE_EXPRESSION,-3.9447618495392645,0.015387282033222646,4.652018189380821,0.00016128006810232993,opposite direction
"Human vastus lateralis RNA, RE–CON 15–45 min",GOBP_CD4_POSITIVE_ALPHA_BETA_T_CELL_ACTIVATION,-3.950651938352307,0.015387282033222646,4.2190077045485115,0.00048391318350024846,opposite direction
"Human vastus lateralis RNA, RE–CON 15–45 min",GOBP_NEGATIVE_REGULATION_OF_NUCLEAR_TRANSCRIBED_MRNA_CATABOLIC_PROCESS_DEADENYLATION_DEPENDENT_DECAY,-3.894766460640407,0.01825519823025621,3.780168616248307,0.002090768659060242,opposite direction
"Human subcutaneous adipose RNA, EE–CON 15–45 min",GOBP_NEGATIVE_REGULATION_OF_NUCLEAR_TRANSCRIBED_MRNA_CATABOLIC_PROCESS_DEADENYLATION_DEPENDENT_DECAY,-3.894766460640407,0.01825519823025621,3.9896640766528817,0.017844455844019468,opposite direction
"Human vastus lateralis RNA, RE–CON 3.5–4 h",GOBP_NEGATIVE_REGULATION_OF_NUCLEAR_TRANSCRIBED_MRNA_CATABOLIC_PROCESS_DEADENYLATION_DEPENDENT_DECAY,-3.894766460640407,0.01825519823025621,3.780195361178309,0.019549414211733746,opposite direction
"Human blood RNA, EE–CON 15–45 min",GOBP_RIBOSOMAL_LARGE_SUBUNIT_BIOGENESIS,-3.8856121957344167,0.01830280411642481,-5.8729502518833945,2.505406903068176e-06,same direction
"Human blood RNA, RE–CON 10 min",GOBP_RIBOSOMAL_LARGE_SUBUNIT_BIOGENESIS,-3.8856121957344167,0.01830280411642481,-4.645308018881925,0.0006551563675145526,same direction
"Rat vastus lateralis RNA, male 2 wk",GOBP_RIBOSOMAL_LARGE_SUBUNIT_BIOGENESIS,-3.8856121957344167,0.01830280411642481,3.6232135310266145,0.016901783329382424,opposite direction
"Human subcutaneous adipose RNA, RE–CON 3.5–4 h",GOBP_RIBOSOMAL_LARGE_SUBUNIT_BIOGENESIS,-3.8856121957344167,0.01830280411642481,3.8590282341075004,0.02755768863900533,opposite direction
"Human blood RNA, EE–CON 3.5–4 h",GOBP_RIBOSOMAL_LARGE_SUBUNIT_BIOGENESIS,-3.8856121957344167,0.01830280411642481,-6.633911512074717,3.869619294245697e-08,same direction
"Human blood RNA, EE–CON 10 min",GOBP_RIBOSOMAL_LARGE_SUBUNIT_BIOGENESIS,-3.8856121957344167,0.01830280411642481,-3.722780144992434,0.02455480152126146,same direction
"Human blood RNA, RE–CON 3.5–4 h",GOBP_RIBOSOMAL_LARGE_SUBUNIT_BIOGENESIS,-3.8856121957344167,0.01830280411642481,-6.792711102474835,1.74184919375002e-08,same direction
"Human blood RNA, RE–CON 15–45 min",GOBP_RIBOSOMAL_LARGE_SUBUNIT_BIOGENESIS,-3.8856121957344167,0.01830280411642481,-7.714935921992581,2.9353148556298125e-11,same direction
"Human vastus lateralis RNA, RE–CON 3.5–4 h",GOBP_RIBOSOMAL_LARGE_SUBUNIT_BIOGENESIS,-3.8856121957344167,0.01830280411642481,3.641538633486038,0.02660261986866196,opposite direction
"Human vastus lateralis RNA, EE–CON 15–45 min",GOBP_REGULATION_OF_CD4_POSITIVE_ALPHA_BETA_T_CELL_ACTIVATION,-3.8713271370346685,0.0187616960704116,4.576521726139567,0.0001992066275229883,opposite direction
"Human blood RNA, RE–CON 15–45 min",GOBP_REGULATION_OF_CD4_POSITIVE_ALPHA_BETA_T_CELL_ACTIVATION,-3.8713271370346685,0.0187616960704116,3.5226485682361433,0.004206911279166423,opposite direction
"Human blood RNA, RE–CON 10 min",GOBP_REGULATION_OF_CD4_POSITIVE_ALPHA_BETA_T_CELL_ACTIVATION,-3.8713271370346685,0.0187616960704116,4.701936591684137,0.0005426042222999909,opposite direction
"Human vastus lateralis RNA, RE–CON 15–45 min",GOBP_REGULATION_OF_CD4_POSITIVE_ALPHA_BETA_T_CELL_ACTIVATION,-3.8713271370346685,0.0187616960704116,4.898563251313588,3.523658411271166e-05,opposite direction
"Human vastus lateralis RNA, RE–CON 3.5–4 h",GOBP_TRANSLATIONAL_INITIATION,-3.822134816975427,0.020843562142229394,4.440460268979367,0.004157020092847509,opposite direction
"Rat heart protein, male 4 wk",GOBP_HEMOSTASIS,3.8360179044771616,0.020843562142229394,-4.660681794712909,0.00023040285822339686,opposite direction
"Rat gastrocnemius protein, female 2 wk",GOBP_HEMOSTASIS,3.8360179044771616,0.020843562142229394,-4.382807794284272,0.0019295325040620545,opposite direction
"Human vastus lateralis protein, RE–CON 24 h",GOBP_TRANSLATIONAL_INITIATION,-3.822134816975427,0.020843562142229394,3.435677012900126,0.028086202955027176,opposite direction
"Human vastus lateralis protein, RE–CON 15–45 min",GOBP_HEMOSTASIS,3.8360179044771616,0.020843562142229394,3.292960483160837,0.028495895856783412,same direction
"Human blood RNA, EE–CON 15–45 min",GOBP_HEMOSTASIS,3.8360179044771616,0.020843562142229394,4.310914274280925,0.0019774567564488556,same direction
"Human blood RNA, RE–CON 15–45 min",GOBP_HEMOSTASIS,3.8360179044771616,0.020843562142229394,5.564400956195774,4.625514210113562e-06,same direction
"Rat gastrocnemius protein, female 1 wk",GOBP_HEMOSTASIS,3.8360179044771616,0.020843562142229394,-3.681078571968836,0.011159977789995067,opposite direction
"Human blood RNA, RE–CON 15–45 min",GOBP_T_CELL_DIFFERENTIATION,-3.7573588171435426,0.025502420606202947,2.7817126848869274,0.0248563053818159,opposite direction
"Human vastus lateralis RNA, EE–CON 15–45 min",GOBP_T_CELL_DIFFERENTIATION,-3.7573588171435426,0.025502420606202947,3.424871763691077,0.006937896928524572,opposite direction
"Human vastus lateralis RNA, EE–CON 24 h",GOBP_T_CELL_DIFFERENTIATION,-3.7573588171435426,0.025502420606202947,-3.1680370407065155,0.04040469704043582,same direction
"Human vastus lateralis RNA, RE–CON 15–45 min",GOBP_T_CELL_DIFFERENTIATION,-3.7573588171435426,0.025502420606202947,3.2454344811488376,0.010100917425782452,opposite direction
"Human blood RNA, RE–CON 15–45 min",GOBP_ALPHA_BETA_T_CELL_ACTIVATION,-3.720524258951993,0.027192327324752998,3.521098137863108,0.0042225457276809635,opposite direction
"Human blood RNA, RE–CON 10 min",GOBP_ALPHA_BETA_T_CELL_ACTIVATION,-3.720524258951993,0.027192327324752998,4.32865999689998,0.0017780423689275657,opposite direction
"Human subcutaneous adipose RNA, EE–CON 15–45 min",GOBP_NUCLEAR_TRANSCRIBED_MRNA_CATABOLIC_PROCESS_DEADENYLATION_DEPENDENT_DECAY,-3.722411662885772,0.027192327324752998,4.4100313664895605,0.004864914529393585,opposite direction
"Human vastus lateralis RNA, EE–CON 15–45 min",GOBP_ALPHA_BETA_T_CELL_ACTIVATION,-3.720524258951993,0.027192327324752998,3.9360462283438085,0.0016350331899704475,opposite direction
"Human vastus lateralis RNA, RE–CON 15–45 min",GOBP_NUCLEAR_TRANSCRIBED_MRNA_CATABOLIC_PROCESS_DEADENYLATION_DEPENDENT_DECAY,-3.722411662885772,0.027192327324752998,3.5134142284575316,0.004689877451950683,opposite direction
"Human vastus lateralis RNA, RE–CON 15–45 min",GOBP_ALPHA_BETA_T_CELL_ACTIVATION,-3.720524258951993,0.027192327324752998,3.4293298152828227,0.005872899258839057,opposite direction
"Human blood RNA, RE–CON 3.5–4 h",GOBP_REGULATION_OF_TRANSCRIPTION_FROM_RNA_POLYMERASE_II_PROMOTER_IN_RESPONSE_TO_STRESS,-3.6984969875086326,0.02749168281089553,3.6165666434541173,0.007319422377858054,opposite direction
"Rat vastus lateralis RNA, male 1 wk",GOBP_RIBOSOMAL_SMALL_SUBUNIT_BIOGENESIS,-3.7006842800658384,0.02749168281089553,3.9925649974352173,0.01156151794755468,opposite direction
"Rat heart protein, female 4 wk",GOBP_SPLICEOSOMAL_COMPLEX_ASSEMBLY,-3.703421406961024,0.02749168281089553,-3.7464801522934126,0.007174093978987148,same direction
"Human blood RNA, RE–CON 15–45 min",GOBP_REGULATION_OF_TRANSCRIPTION_FROM_RNA_POLYMERASE_II_PROMOTER_IN_RESPONSE_TO_STRESS,-3.6984969875086326,0.02749168281089553,4.602393166552233,0.00017418791709543398,opposite direction
"Human blood RNA, RE–CON 15–45 min",GOBP_RIBOSOMAL_SMALL_SUBUNIT_BIOGENESIS,-3.7006842800658384,0.02749168281089553,-7.333352019593652,3.5937976253610683e-10,same direction
"Human blood RNA, RE–CON 3.5–4 h",GOBP_RIBOSOMAL_SMALL_SUBUNIT_BIOGENESIS,-3.7006842800658384,0.02749168281089553,-7.276338062139221,8.22649095500117e-10,same direction
"Human blood RNA, RE–CON 10 min",GOBP_REGULATION_OF_TRANSCRIPTION_FROM_RNA_POLYMERASE_II_PROMOTER_IN_RESPONSE_TO_STRESS,-3.6984969875086326,0.02749168281089553,3.399026944951838,0.026178496714869243,opposite direction
"Human blood RNA, RE–CON 10 min",GOBP_RIBOSOMAL_SMALL_SUBUNIT_BIOGENESIS,-3.7006842800658384,0.02749168281089553,-4.603380173589216,0.000740135603442605,same direction
"Human subcutaneous adipose RNA, EE–CON 15–45 min",GOBP_REGULATION_OF_TRANSCRIPTION_FROM_RNA_POLYMERASE_II_PROMOTER_IN_RESPONSE_TO_STRESS,-3.6984969875086326,0.02749168281089553,3.8044804382071225,0.027514453488304173,opposite direction
"Rat gastrocnemius RNA, female 8 wk",GOBP_SPLICEOSOMAL_COMPLEX_ASSEMBLY,-3.703421406961024,0.02749168281089553,-3.484690207721921,0.04903154001692009,same direction
"Rat vastus lateralis RNA, male 2 wk",GOBP_RIBOSOMAL_SMALL_SUBUNIT_BIOGENESIS,-3.7006842800658384,0.02749168281089553,4.080993798627063,0.005574192576779548,opposite direction
"Human vastus lateralis RNA, RE–CON 3.5–4 h",GOBP_RIBOSOMAL_SMALL_SUBUNIT_BIOGENESIS,-3.7006842800658384,0.02749168281089553,3.5119037429525926,0.036637801320407566,opposite direction
"Human blood RNA, EE–CON 15–45 min",GOBP_REGULATION_OF_TRANSCRIPTION_FROM_RNA_POLYMERASE_II_PROMOTER_IN_RESPONSE_TO_STRESS,-3.6984969875086326,0.02749168281089553,4.022863011092244,0.004082943866044497,opposite direction
"Human vastus lateralis RNA, EE–CON 15–45 min",GOBP_REGULATION_OF_TRANSCRIPTION_FROM_RNA_POLYMERASE_II_PROMOTER_IN_RESPONSE_TO_STRESS,-3.6984969875086326,0.02749168281089553,4.322330028962936,0.00047111053998959374,opposite direction
"Human vastus lateralis RNA, RE–CON 15–45 min",GOBP_REGULATION_OF_TRANSCRIPTION_FROM_RNA_POLYMERASE_II_PROMOTER_IN_RESPONSE_TO_STRESS,-3.6984969875086326,0.02749168281089553,5.891757664579926,4.078747682031924e-07,opposite direction
"Human blood RNA, EE–CON 10 min",GOBP_RIBOSOMAL_SMALL_SUBUNIT_BIOGENESIS,-3.7006842800658384,0.02749168281089553,-3.8529737455521977,0.01793381856725132,same direction
"Human blood RNA, EE–CON 3.5–4 h",GOBP_RIBOSOMAL_SMALL_SUBUNIT_BIOGENESIS,-3.7006842800658384,0.02749168281089553,-7.065945283257712,3.808291073322674e-09,same direction
"Human subcutaneous adipose RNA, RE–CON 3.5–4 h",GOBP_RIBOSOMAL_SMALL_SUBUNIT_BIOGENESIS,-3.7006842800658384,0.02749168281089553,4.4521397908642975,0.004126982729388648,opposite direction
"Human blood RNA, EE–CON 15–45 min",GOBP_RIBOSOMAL_SMALL_SUBUNIT_BIOGENESIS,-3.7006842800658384,0.02749168281089553,-6.054592507641125,1.6515385452090528e-06,same direction
"Human vastus lateralis RNA, EE–CON 15–45 min",GOBP_REGULATION_OF_CELLULAR_RESPONSE_TO_HEAT,-3.672169813403343,0.029757737064974237,3.0766774308455758,0.017248624354779134,opposite direction
"Human blood RNA, RE–CON 15–45 min",GOBP_REGULATION_OF_CELLULAR_RESPONSE_TO_HEAT,-3.672169813403343,0.029757737064974237,2.7265331659780645,0.02788724824418065,opposite direction
"Human blood RNA, EE–CON 15–45 min",GOBP_REGULATION_OF_CELLULAR_RESPONSE_TO_HEAT,-3.672169813403343,0.029757737064974237,4.348781667486277,0.0019176982545317232,opposite direction
"Human vastus lateralis RNA, EE–CON 15–45 min",GOBP_REGULATION_OF_TRANSLATION_IN_RESPONSE_TO_ENDOPLASMIC_RETICULUM_STRESS,-3.659227438192121,0.03043167171596275,4.331050498655905,0.00045785427610171934,opposite direction
"Human vastus lateralis RNA, RE–CON 15–45 min",GOBP_REGULATION_OF_TRANSLATION_IN_RESPONSE_TO_ENDOPLASMIC_RETICULUM_STRESS,-3.659227438192121,0.03043167171596275,2.8519015310152414,0.02802464873414403,opposite direction
"Human vastus lateralis RNA, EE–CON 15–45 min",GOBP_REGULATION_OF_DNA_TEMPLATED_TRANSCRIPTION_IN_RESPONSE_TO_STRESS,-3.6545131503017565,0.03043167171596275,5.441562779591039,7.047478807930313e-06,opposite direction
"Human blood RNA, RE–CON 10 min",GOBP_REGULATION_OF_DNA_TEMPLATED_TRANSCRIPTION_IN_RESPONSE_TO_STRESS,-3.6545131503017565,0.03043167171596275,3.5381235969679343,0.019968265333503803,opposite direction
"Human blood RNA, RE–CON 15–45 min",GOBP_REGULATION_OF_TRANSLATION_IN_RESPONSE_TO_ENDOPLASMIC_RETICULUM_STRESS,-3.659227438192121,0.03043167171596275,3.6639253940130767,0.0028483222872048453,opposite direction
"Human blood RNA, RE–CON 3.5–4 h",GOBP_REGULATION_OF_TRANSLATION_IN_RESPONSE_TO_ENDOPLASMIC_RETICULUM_STRESS,-3.659227438192121,0.03043167171596275,2.8786808919998537,0.04283610621020016,opposite direction
"Human blood RNA, RE–CON 3.5–4 h",GOBP_REGULATION_OF_DNA_TEMPLATED_TRANSCRIPTION_IN_RESPONSE_TO_STRESS,-3.6545131503017565,0.03043167171596275,4.592904859271048,0.00040468633444943247,opposite direction
"Human blood RNA, RE–CON 15–45 min",GOBP_REGULATION_OF_DNA_TEMPLATED_TRANSCRIPTION_IN_RESPONSE_TO_STRESS,-3.6545131503017565,0.03043167171596275,5.210550193959471,1.9454837894009435e-05,opposite direction
"Human vastus lateralis RNA, RE–CON 3.5–4 h",GOBP_REGULATION_OF_TRANSLATION_IN_RESPONSE_TO_ENDOPLASMIC_RETICULUM_STRESS,-3.659227438192121,0.03043167171596275,3.9151906435180175,0.016045810012862965,opposite direction
"Human blood RNA, EE–CON 15–45 min",GOBP_REGULATION_OF_TRANSLATION_IN_RESPONSE_TO_ENDOPLASMIC_RETICULUM_STRESS,-3.659227438192121,0.03043167171596275,4.313242067205571,0.0019774567564488556,opposite direction
"Human blood RNA, EE–CON 15–45 min",GOBP_REGULATION_OF_DNA_TEMPLATED_TRANSCRIPTION_IN_RESPONSE_TO_STRESS,-3.6545131503017565,0.03043167171596275,4.53031110063009,0.0010093900004335484,opposite direction
"Human blood RNA, EE–CON 3.5–4 h",GOBP_REGULATION_OF_TRANSLATION_IN_RESPONSE_TO_ENDOPLASMIC_RETICULUM_STRESS,-3.659227438192121,0.03043167171596275,3.2620054840800674,0.024375383343269393,opposite direction
"Human blood RNA, EE–CON 3.5–4 h",GOBP_REGULATION_OF_DNA_TEMPLATED_TRANSCRIPTION_IN_RESPONSE_TO_STRESS,-3.6545131503017565,0.03043167171596275,3.702600661196182,0.009282028863269676,opposite direction
"Human vastus lateralis RNA, RE–CON 15–45 min",GOBP_REGULATION_OF_DNA_TEMPLATED_TRANSCRIPTION_IN_RESPONSE_TO_STRESS,-3.6545131503017565,0.03043167171596275,6.378860512085735,3.5184206636060657e-08,opposite direction
"Human subcutaneous adipose RNA, EE–CON 15–45 min",GOBP_REGULATION_OF_TRANSLATION_IN_RESPONSE_TO_ENDOPLASMIC_RETICULUM_STRESS,-3.659227438192121,0.03043167171596275,4.527774497676103,0.0032163339774634037,opposite direction
"Human subcutaneous adipose RNA, RE–CON 15–45 min",GOBP_REGULATION_OF_MRNA_PROCESSING,-3.6392518178830477,0.030887777741919767,4.594434055961171,0.021080425972873143,opposite direction
"Rat gastrocnemius RNA, female 8 wk",GOBP_REGULATION_OF_MRNA_PROCESSING,-3.6392518178830477,0.030887777741919767,-4.471511497129613,0.00132390320631794,same direction
"Human blood RNA, RE–CON 15–45 min",GOBP_REGULATION_OF_MRNA_PROCESSING,-3.6392518178830477,0.030887777741919767,2.733505545669337,0.02746493420929447,opposite direction
"Rat heart protein, female 4 wk",GOBP_REGULATION_OF_MRNA_PROCESSING,-3.6392518178830477,0.030887777741919767,-3.614905917661336,0.010985182168583137,same direction
"Human subcutaneous adipose RNA, EE–CON 15–45 min",GOBP_REGULATION_OF_MRNA_PROCESSING,-3.6392518178830477,0.030887777741919767,4.968455474037012,0.0016433686526948395,opposite direction
"Human vastus lateralis RNA, RE–CON 3.5–4 h",GOBP_REGULATION_OF_MRNA_PROCESSING,-3.6392518178830477,0.030887777741919767,5.1352319041341135,0.0006559770478873782,opposite direction
"Human blood RNA, RE–CON 15–45 min",GOBP_ENDOPLASMIC_RETICULUM_UNFOLDED_PROTEIN_RESPONSE,-3.627422787483493,0.031648426518660906,2.631518831938694,0.03424101200570403,opposite direction
"Human blood RNA, RE–CON 10 min",GOBP_ENDOPLASMIC_RETICULUM_UNFOLDED_PROTEIN_RESPONSE,-3.627422787483493,0.031648426518660906,3.1191508366615746,0.04394663423887369,opposite direction
"Human vastus lateralis RNA, EE–CON 15–45 min",GOBP_REGULATION_OF_P38MAPK_CASCADE,-3.6101939494855357,0.033120602763069794,4.615031554809689,0.00017587508099279695,opposite direction
"Human vastus lateralis RNA, RE–CON 15–45 min",GOBP_REGULATION_OF_P38MAPK_CASCADE,-3.6101939494855357,0.033120602763069794,5.7876711516565065,6.694431387170015e-07,opposite direction
"Human blood RNA, RE–CON 15–45 min",GOBP_REGULATION_OF_P38MAPK_CASCADE,-3.6101939494855357,0.033120602763069794,2.7871382718833297,0.024596323204621306,opposite direction
"Human blood RNA, RE–CON 15–45 min",GOBP_POSITIVE_REGULATION_OF_CD4_POSITIVE_ALPHA_BETA_T_CELL_DIFFERENTIATION,-3.599408612239842,0.03381944245212319,3.0288125820717395,0.014323090012910674,opposite direction
"Human vastus lateralis RNA, RE–CON 15–45 min",GOBP_POSITIVE_REGULATION_OF_CD4_POSITIVE_ALPHA_BETA_T_CELL_DIFFERENTIATION,-3.599408612239842,0.03381944245212319,3.3485325021949586,0.007580289655473476,opposite direction
"Human vastus lateralis RNA, EE–CON 15–45 min",GOBP_POSITIVE_REGULATION_OF_CD4_POSITIVE_ALPHA_BETA_T_CELL_DIFFERENTIATION,-3.599408612239842,0.03381944245212319,3.650122317289291,0.0036981904168883707,opposite direction
"Human blood RNA, RE–CON 15–45 min",GOBP_NK_T_CELL_DIFFERENTIATION,-3.5878489300916345,0.03464628303587244,3.136638538445267,0.011112756580590012,opposite direction
"Human vastus lateralis RNA, EE–CON 15–45 min",GOBP_T_CELL_RECEPTOR_SIGNALING_PATHWAY,-3.5581676365629775,0.03709779272813,3.8417989615174037,0.0021852886590024317,opposite direction
"Human blood RNA, RE–CON 10 min",GOBP_T_CELL_RECEPTOR_SIGNALING_PATHWAY,-3.5581676365629775,0.03709779272813,3.904980156985973,0.008695430487739637,opposite direction
"Human blood RNA, RE–CON 15–45 min",GOBP_T_CELL_RECEPTOR_SIGNALING_PATHWAY,-3.5581676365629775,0.03709779272813,2.5161936055896867,0.04361661909356402,opposite direction
"Human subcutaneous adipose RNA, EE–CON 15–45 min",GOBP_RNA_DESTABILIZATION,-3.55258499563677,0.03709779272813,3.9762924222060083,0.017844455844019468,opposite direction
"Human vastus lateralis RNA, RE–CON 15–45 min",GOBP_T_CELL_RECEPTOR_SIGNALING_PATHWAY,-3.5581676365629775,0.03709779272813,3.068476434458472,0.016273281922175045,opposite direction
"Human blood RNA, RE–CON 15–45 min",GOBP_POSITIVE_REGULATION_OF_LEUKOCYTE_TETHERING_OR_ROLLING,3.5243741093270295,0.03937712611418356,2.789394680448967,0.024492935383967237,same direction
"Human blood RNA, RE–CON 10 min",GOBP_REGULATION_OF_ALPHA_BETA_T_CELL_DIFFERENTIATION,-3.5149618139625542,0.03939169442751984,4.438297546441531,0.0013527735683022389,opposite direction
"Human blood RNA, RE–CON 10 min",GOBP_T_CELL_DIFFERENTIATION_INVOLVED_IN_IMMUNE_RESPONSE,-3.517161441616559,0.03939169442751984,3.7419699503631048,0.012215294404091052,opposite direction
"Human vastus lateralis RNA, RE–CON 15–45 min",GOBP_T_CELL_DIFFERENTIATION_INVOLVED_IN_IMMUNE_RESPONSE,-3.517161441616559,0.03939169442751984,4.691126464210737,8.237545160184131e-05,opposite direction
"Human vastus lateralis RNA, RE–CON 15–45 min",GOBP_REGULATION_OF_ALPHA_BETA_T_CELL_DIFFERENTIATION,-3.5149618139625542,0.03939169442751984,4.561862243590643,0.00013054352858812786,opposite direction
"Human vastus lateralis RNA, EE–CON 15–45 min",GOBP_REGULATION_OF_ALPHA_BETA_T_CELL_DIFFERENTIATION,-3.5149618139625542,0.03939169442751984,4.556983848878358,0.0002147255425041792,opposite direction
"Human vastus lateralis RNA, EE–CON 15–45 min",GOBP_T_CELL_DIFFERENTIATION_INVOLVED_IN_IMMUNE_RESPONSE,-3.517161441616559,0.03939169442751984,4.65145188907049,0.00016128006810232993,opposite direction
"Human blood RNA, RE–CON 15–45 min",GOBP_REGULATION_OF_ALPHA_BETA_T_CELL_DIFFERENTIATION,-3.5149618139625542,0.03939169442751984,3.8896743211664213,0.0014842957617783004,opposite direction
"Human blood RNA, RE–CON 15–45 min",GOBP_T_CELL_DIFFERENTIATION_INVOLVED_IN_IMMUNE_RESPONSE,-3.517161441616559,0.03939169442751984,4.540468918119484,0.0002164530821940777,opposite direction
"Human blood RNA, RE–CON 3.5–4 h",GOBP_T_CELL_DIFFERENTIATION_INVOLVED_IN_IMMUNE_RESPONSE,-3.517161441616559,0.03939169442751984,2.8398529129803913,0.0464653400128616,opposite direction
"Human blood RNA, RE–CON 10 min",GOBP_PLATELET_AGGREGATION,3.4842312924855983,0.04203983019019402,3.1968470905422306,0.04023470445868603,same direction
"Human blood RNA, RE–CON 15–45 min",GOBP_PLATELET_AGGREGATION,3.4842312924855983,0.04203983019019402,5.953655855549465,9.537911769893936e-07,same direction
"Rat heart RNA, female 4 wk",GOBP_PLATELET_AGGREGATION,3.4842312924855983,0.04203983019019402,-4.948627649480821,0.0002934917601930867,opposite direction
"Rat gastrocnemius protein, female 2 wk",GOBP_PLATELET_AGGREGATION,3.4842312924855983,0.04203983019019402,-3.7456306130311905,0.015047617802578852,opposite direction
"Human blood RNA, EE–CON 15–45 min",GOBP_PLATELET_AGGREGATION,3.4842312924855983,0.04203983019019402,4.36709701153166,0.0018190751893515334,same direction
"Human subcutaneous adipose RNA, RE–CON 3.5–4 h",GOBP_RIBOSOME_BIOGENESIS,-3.45185717958585,0.04664005608877638,4.374518509336363,0.005368370410775202,opposite direction
"Human vastus lateralis RNA, RE–CON 15–45 min",GOBP_RIBOSOME_BIOGENESIS,-3.45185717958585,0.04664005608877638,-2.6799995482991843,0.0417861384017707,same direction
"Human vastus lateralis RNA, RE–CON 3.5–4 h",GOBP_RIBOSOME_BIOGENESIS,-3.45185717958585,0.04664005608877638,3.434455238885937,0.04241364853653679,opposite direction
"Rat vastus lateralis RNA, male 2 wk",GOBP_RIBOSOME_BIOGENESIS,-3.45185717958585,0.04664005608877638,3.4848655276535254,0.024050716476376965,opposite direction
"Human blood RNA, EE–CON 3.5–4 h",GOBP_RIBOSOME_BIOGENESIS,-3.45185717958585,0.04664005608877638,-6.665019896310001,3.869619294245697e-08,same direction
"Human blood RNA, EE–CON 10 min",GOBP_RIBOSOME_BIOGENESIS,-3.45185717958585,0.04664005608877638,-3.855758846477519,0.01793381856725132,same direction
"Human blood RNA, EE–CON 15–45 min",GOBP_RIBOSOME_BIOGENESIS,-3.45185717958585,0.04664005608877638,-6.221053404869331,1.6515385452090528e-06,same direction
"Human blood RNA, RE–CON 15–45 min",GOBP_RIBOSOME_BIOGENESIS,-3.45185717958585,0.04664005608877638,-7.9093066353729045,1.2622788266100301e-11,same direction
"Human blood RNA, RE–CON 3.5–4 h",GOBP_RIBOSOME_BIOGENESIS,-3.45185717958585,0.04664005608877638,-6.451785366012712,1.043572346626162e-07,same direction
"Human blood RNA, RE–CON 10 min",GOBP_RIBOSOME_BIOGENESIS,-3.45185717958585,0.04664005608877638,-4.656885139984483,0.0006463619383483444,same direction
"Human subcutaneous adipose RNA, EE–CON 15–45 min",GOBP_MRNA_PROCESSING,-3.4396359345760392,0.048021728137180544,4.620660104389033,0.0032163339774634037,opposite direction
"Rat gastrocnemius RNA, female 8 wk",GOBP_MRNA_PROCESSING,-3.4396359345760392,0.048021728137180544,-3.6342038033830657,0.03361008546182697,same direction
"Rat heart protein, female 4 wk",GOBP_MRNA_PROCESSING,-3.4396359345760392,0.048021728137180544,-4.546921077783524,0.0002995006691489961,same direction
"Rat heart protein, female 8 wk",GOBP_MRNA_PROCESSING,-3.4396359345760392,0.048021728137180544,-4.167170296415333,0.007774695949663323,same direction
