dataset,tissue,layer,time,kind,n_columns,n_measured,n_opposed,n_same,frac_opposed,frac_same,sign_p,n_fdrbh05,n_fdrbh05_opposed,n_fdrbh05_same,camera_t_mean,early_human_muscle,sign_q_bh,ranked,majority,unit_words
human_acute,VL,RNA,EE−CON 15-45m,exercise vs control,1,119,75,44,0.6302521008403361,0.3697478991596639,0.005726861906884234,2,2,0,1.5280107794289166,True,0.020699500868256268,True,opposed,Human VL RNA EE–CON 15-45m
human_acute,VL,RNA,EE−CON 3.5h,exercise vs control,1,119,54,65,0.453781512605042,0.5462184873949579,0.35935826390511194,7,4,3,-0.12198616472085459,False,0.5500381590384367,True,same,Human VL RNA EE–CON 3.5h
human_acute,VL,RNA,EE−CON 24h,exercise vs control,1,119,32,87,0.2689075630252101,0.7310924369747899,4.693404946065789e-07,38,0,38,-8.147574815816704,False,6.400097653726076e-06,True,same,Human VL RNA EE–CON 24h
human_acute,VL,RNA,RE−CON 15-45m,exercise vs control,1,119,79,40,0.6638655462184874,0.33613445378151263,0.00044531067691715805,3,2,1,1.9844967190243588,True,0.0024289673286390437,True,opposed,Human VL RNA RE–CON 15-45m
human_acute,VL,RNA,RE−CON 3.5h,exercise vs control,1,119,42,77,0.35294117647058826,0.6470588235294118,0.0017105290774106707,21,8,13,-1.0416667377234867,False,0.007437082945263785,True,same,Human VL RNA RE–CON 3.5h
human_acute,VL,RNA,RE−CON 24h,exercise vs control,1,119,46,73,0.3865546218487395,0.6134453781512605,0.016786329118478174,45,13,32,-2.8189121222085474,False,0.050867663995388404,True,same,Human VL RNA RE–CON 24h
human_acute,VL,RNA,EE post−pre 15-45m,exercise post−pre,1,119,83,36,0.6974789915966386,0.3025210084033613,1.9611841673751263e-05,6,4,2,1.399278898091709,True,0.00015483032900329944,True,opposed,Human VL RNA EE post–pre 15-45m
human_acute,VL,RNA,EE post−pre 3.5h,exercise post−pre,1,119,66,53,0.5546218487394958,0.44537815126050423,0.27124833775940455,25,13,12,-0.05102174669844072,False,0.45208056293234095,True,opposed,Human VL RNA EE post–pre 3.5h
human_acute,VL,RNA,EE post−pre 24h,exercise post−pre,1,119,40,79,0.33613445378151263,0.6638655462184874,0.00044531067691715805,57,10,47,-5.385707890698431,False,0.0024289673286390437,True,same,Human VL RNA EE post–pre 24h
human_acute,VL,RNA,RE post−pre 15-45m,exercise post−pre,1,119,83,36,0.6974789915966386,0.3025210084033613,1.9611841673751263e-05,16,13,3,1.854192299065408,True,0.00015483032900329944,True,opposed,Human VL RNA RE post–pre 15-45m
human_acute,VL,RNA,RE post−pre 3.5h,exercise post−pre,1,119,49,70,0.4117647058823529,0.5882352941176471,0.06629133125279607,41,17,24,-1.063097865149755,False,0.14104538564424696,True,same,Human VL RNA RE post–pre 3.5h
human_acute,VL,RNA,RE post−pre 24h,exercise post−pre,1,119,66,53,0.5546218487394958,0.44537815126050423,0.27124833775940455,71,35,36,-0.5297954339285049,False,0.45208056293234095,True,opposed,Human VL RNA RE post–pre 24h
human_acute,VL,RNA,CON post−pre 15-45m,reference (non-exercise),1,119,61,58,0.5126050420168067,0.48739495798319327,0.8546300421797669,0,0,0,-0.22022816840425352,True,0.9268825984235515,True,opposed,Human VL RNA CON post–pre 15-45m
human_acute,VL,RNA,CON post−pre 3.5h,reference (non-exercise),1,119,75,44,0.6302521008403361,0.3697478991596639,0.005726861906884234,4,2,2,0.23740829559836046,False,0.020699500868256268,True,opposed,Human VL RNA CON post–pre 3.5h
human_acute,VL,RNA,CON post−pre 24h,reference (non-exercise),1,119,87,32,0.7310924369747899,0.2689075630252101,4.693404946065789e-07,15,12,3,3.9986069089257814,False,6.400097653726076e-06,True,opposed,Human VL RNA CON post–pre 24h
human_acute,VL,RNA,EE−CON pre,reference (non-exercise),1,119,38,81,0.31932773109243695,0.680672268907563,0.00010057870133965107,0,0,0,-4.558046638634018,False,0.0006286168833728191,True,same,Human VL RNA EE–CON pre
human_acute,VL,RNA,EE−RE pre,reference (non-exercise),1,119,75,44,0.6302521008403361,0.3697478991596639,0.005726861906884234,0,0,0,2.180882703461362,False,0.020699500868256268,True,opposed,Human VL RNA EE–RE pre
human_acute,VL,RNA,EE−RE 15-45m,reference (non-exercise),1,119,60,59,0.5042016806722689,0.4957983193277311,1.0,1,0,1,-0.5473843967363545,True,1.0,True,opposed,Human VL RNA EE–RE 15-45m
human_acute,VL,RNA,EE−RE 3.5h,reference (non-exercise),1,119,77,42,0.6470588235294118,0.35294117647058826,0.0017105290774106707,14,10,4,1.2643128180171783,False,0.007437082945263785,True,opposed,Human VL RNA EE–RE 3.5h
human_acute,VL,RNA,EE−RE 24h,reference (non-exercise),1,119,34,85,0.2857142857142857,0.7142857142857143,3.2837572373979797e-06,36,7,29,-3.963155052681135,False,3.2837572373979794e-05,True,same,Human VL RNA EE–RE 24h
human_acute,VL,RNA,RE−CON pre,reference (non-exercise),1,119,26,93,0.2184873949579832,0.7815126050420168,4.937587209011744e-10,4,0,4,-5.0216095455376815,False,2.4687936045058724e-08,True,same,Human VL RNA RE–CON pre
human_acute,VL,PROT,EE−CON 15-45m,exercise vs control,1,121,77,44,0.6363636363636364,0.36363636363636365,0.0034509399701825403,1,0,1,1.5826055869151565,True,0.013104835329807114,True,opposed,Human VL PROT EE–CON 15-45m
human_acute,VL,PROT,EE−CON 3.5h,exercise vs control,1,121,54,67,0.4462809917355372,0.5537190082644629,0.27525333440239114,1,0,1,-0.9956112501589396,False,0.45622099624705714,True,same,Human VL PROT EE–CON 3.5h
human_acute,VL,PROT,EE−CON 24h,exercise vs control,1,121,59,62,0.48760330578512395,0.512396694214876,0.8558215992110791,0,0,0,0.5399727477452955,False,0.9268825984235515,True,same,Human VL PROT EE–CON 24h
human_acute,VL,PROT,RE−CON 15-45m,exercise vs control,1,121,74,47,0.6115702479338843,0.3884297520661157,0.017729521268970504,0,0,0,2.407049220189271,True,0.051639382336807295,True,opposed,Human VL PROT RE–CON 15-45m
human_acute,VL,PROT,RE−CON 3.5h,exercise vs control,1,121,81,40,0.6694214876033058,0.3305785123966942,0.00024421702449694416,0,0,0,2.3960387787637827,False,0.0014089443720977548,True,opposed,Human VL PROT RE–CON 3.5h
human_acute,VL,PROT,RE−CON 24h,exercise vs control,1,121,71,50,0.5867768595041323,0.4132231404958678,0.06859363812061413,0,0,0,2.0064171345963264,False,0.1439027373159737,True,opposed,Human VL PROT RE–CON 24h
human_acute,VL,PROT,EE post−pre 15-45m,exercise post−pre,1,121,69,52,0.5702479338842975,0.4297520661157025,0.14548652043450516,1,0,1,-0.2598960790227934,True,0.27516681302809437,True,opposed,Human VL PROT EE post–pre 15-45m
human_acute,VL,PROT,EE post−pre 3.5h,exercise post−pre,1,121,74,47,0.6115702479338843,0.3884297520661157,0.017729521268970504,1,0,1,1.2083353141415354,False,0.051639382336807295,True,opposed,Human VL PROT EE post–pre 3.5h
human_acute,VL,PROT,EE post−pre 24h,exercise post−pre,1,121,57,64,0.47107438016528924,0.5289256198347108,0.5856255178555011,0,0,0,0.8417946007264704,False,0.741298123867723,True,same,Human VL PROT EE post–pre 24h
human_acute,VL,PROT,RE post−pre 15-45m,exercise post−pre,1,121,74,47,0.6115702479338843,0.3884297520661157,0.017729521268970504,1,0,1,1.7781521389295958,True,0.051639382336807295,True,opposed,Human VL PROT RE post–pre 15-45m
human_acute,VL,PROT,RE post−pre 3.5h,exercise post−pre,1,121,90,31,0.743801652892562,0.256198347107438,7.480237585894541e-08,1,0,1,6.6300150905651405,False,1.4025445473552266e-06,True,opposed,Human VL PROT RE post–pre 3.5h
human_acute,VL,PROT,RE post−pre 24h,exercise post−pre,1,121,79,42,0.6528925619834711,0.34710743801652894,0.0009830284971268928,4,3,1,2.5618074651396006,False,0.004681088081556632,True,opposed,Human VL PROT RE post–pre 24h
human_acute,VL,PROT,CON post−pre 15-45m,reference (non-exercise),1,121,47,74,0.3884297520661157,0.6115702479338843,0.017729521268970504,0,0,0,-1.7564493708966635,True,0.051639382336807295,True,same,Human VL PROT CON post–pre 15-45m
human_acute,VL,PROT,CON post−pre 3.5h,reference (non-exercise),1,121,87,34,0.71900826446281,0.2809917355371901,1.5716537188665445e-06,0,0,0,2.3903968224287917,False,1.7462819098517162e-05,True,opposed,Human VL PROT CON post–pre 3.5h
human_acute,VL,PROT,CON post−pre 24h,reference (non-exercise),1,121,59,62,0.48760330578512395,0.512396694214876,0.8558215992110791,0,0,0,-0.08543444195030142,False,0.9268825984235515,True,same,Human VL PROT CON post–pre 24h
human_acute,VL,PROT,EE−CON pre,reference (non-exercise),1,121,39,82,0.32231404958677684,0.6776859504132231,0.00011547452744485298,0,0,0,-2.7340697367878395,False,0.0007069869027235896,True,same,Human VL PROT EE–CON pre
human_acute,VL,PROT,EE−RE pre,reference (non-exercise),1,121,63,58,0.5206611570247934,0.4793388429752066,0.716294114576641,10,9,1,0.9689401690919924,False,0.8561284237967821,True,opposed,Human VL PROT EE–RE pre
human_acute,VL,PROT,EE−RE 15-45m,reference (non-exercise),1,121,46,75,0.38016528925619836,0.6198347107438017,0.010611459925338256,0,0,0,-1.6564632362904055,True,0.032484060995933435,True,same,Human VL PROT EE–RE 15-45m
human_acute,VL,PROT,EE−RE 3.5h,reference (non-exercise),1,121,35,86,0.2892561983471074,0.7107438016528925,4.004113903707685e-06,0,0,0,-3.660217794436325,False,3.874948939071953e-05,True,same,Human VL PROT EE–RE 3.5h
human_acute,VL,PROT,EE−RE 24h,reference (non-exercise),1,121,43,78,0.35537190082644626,0.6446280991735537,0.0018730949300322214,0,0,0,-1.5497407800379213,False,0.00780456220846759,True,same,Human VL PROT EE–RE 24h
human_acute,VL,PROT,RE−CON pre,reference (non-exercise),1,121,34,87,0.2809917355371901,0.71900826446281,1.5716537188665445e-06,8,1,7,-3.201734170147601,False,1.7462819098517162e-05,True,same,Human VL PROT RE–CON pre
human_acute,VL,PHOSPHO,EE−CON 15-45m,exercise vs control,1,63,31,32,0.49206349206349204,0.5079365079365079,1.0,18,10,8,-0.6025735277961588,True,1.0,True,same,Human VL PHOSPHO EE–CON 15-45m
human_acute,VL,PHOSPHO,EE−CON 3.5h,exercise vs control,1,63,30,33,0.47619047619047616,0.5238095238095238,0.8013064925040663,2,0,2,-0.2882136664126055,False,0.8805565851693037,True,same,Human VL PHOSPHO EE–CON 3.5h
human_acute,VL,PHOSPHO,EE−CON 24h,exercise vs control,1,63,37,26,0.5873015873015873,0.4126984126984127,0.20736789985685422,0,0,0,1.1243213246663064,False,0.36311318753048444,True,opposed,Human VL PHOSPHO EE–CON 24h
human_acute,VL,PHOSPHO,RE−CON 15-45m,exercise vs control,1,63,34,29,0.5396825396825397,0.4603174603174603,0.6146550157654618,31,15,16,-0.6115170200403204,True,0.7715334925926298,True,opposed,Human VL PHOSPHO RE–CON 15-45m
human_acute,VL,PHOSPHO,RE−CON 3.5h,exercise vs control,1,63,35,28,0.5555555555555556,0.4444444444444444,0.44996253629022254,19,9,10,0.24840218561728486,False,0.6080574814732737,True,opposed,Human VL PHOSPHO RE–CON 3.5h
human_acute,VL,PHOSPHO,RE−CON 24h,exercise vs control,1,63,35,28,0.5555555555555556,0.4444444444444444,0.44996253629022254,11,8,3,1.7842554165268003,False,0.6080574814732737,True,opposed,Human VL PHOSPHO RE–CON 24h
human_acute,VL,PHOSPHO,EE post−pre 15-45m,exercise post−pre,1,63,32,31,0.5079365079365079,0.49206349206349204,1.0,22,14,8,0.25823812592643053,True,1.0,True,opposed,Human VL PHOSPHO EE post–pre 15-45m
human_acute,VL,PHOSPHO,EE post−pre 3.5h,exercise post−pre,1,63,33,30,0.5238095238095238,0.47619047619047616,0.8013064925040663,3,1,2,-0.24827294807694814,False,0.8805565851693037,True,opposed,Human VL PHOSPHO EE post–pre 3.5h
human_acute,VL,PHOSPHO,EE post−pre 24h,exercise post−pre,1,63,28,35,0.4444444444444444,0.5555555555555556,0.44996253629022254,0,0,0,-1.3938695877766223,False,0.6080574814732737,True,same,Human VL PHOSPHO EE post–pre 24h
human_acute,VL,PHOSPHO,RE post−pre 15-45m,exercise post−pre,1,63,35,28,0.5555555555555556,0.4444444444444444,0.44996253629022254,27,13,14,-1.0191287180854343,True,0.6080574814732737,True,opposed,Human VL PHOSPHO RE post–pre 15-45m
human_acute,VL,PHOSPHO,RE post−pre 3.5h,exercise post−pre,1,63,37,26,0.5873015873015873,0.4126984126984127,0.20736789985685422,28,16,12,0.248455407320508,False,0.36311318753048444,True,opposed,Human VL PHOSPHO RE post–pre 3.5h
human_acute,VL,PHOSPHO,RE post−pre 24h,exercise post−pre,1,63,35,28,0.5555555555555556,0.4444444444444444,0.44996253629022254,15,6,9,0.6450746632133839,False,0.6080574814732737,True,opposed,Human VL PHOSPHO RE post–pre 24h
human_acute,VL,PHOSPHO,CON post−pre 15-45m,reference (non-exercise),1,63,31,32,0.49206349206349204,0.5079365079365079,1.0,0,0,0,0.13038680739091382,True,1.0,True,same,Human VL PHOSPHO CON post–pre 15-45m
human_acute,VL,PHOSPHO,CON post−pre 3.5h,reference (non-exercise),1,63,33,30,0.5238095238095238,0.47619047619047616,0.8013064925040663,0,0,0,0.3304573996695854,False,0.8805565851693037,True,opposed,Human VL PHOSPHO CON post–pre 3.5h
human_acute,VL,PHOSPHO,CON post−pre 24h,reference (non-exercise),1,63,23,40,0.36507936507936506,0.6349206349206349,0.04295654552438921,0,0,0,-2.2400793159857217,False,0.1030957092585341,True,same,Human VL PHOSPHO CON post–pre 24h
human_acute,VL,PHOSPHO,EE−CON pre,reference (non-exercise),1,63,27,36,0.42857142857142855,0.5714285714285714,0.31350305329645284,4,1,3,-1.7046591743292454,False,0.4924131727169417,True,same,Human VL PHOSPHO EE–CON pre
human_acute,VL,PHOSPHO,EE−RE pre,reference (non-exercise),1,63,36,27,0.5714285714285714,0.42857142857142855,0.31350305329645284,13,9,4,2.572153292997835,False,0.4924131727169417,True,opposed,Human VL PHOSPHO EE–RE pre
human_acute,VL,PHOSPHO,EE−RE 15-45m,reference (non-exercise),1,63,26,37,0.4126984126984127,0.5873015873015873,0.20736789985685422,21,10,11,-0.7541791664853493,True,0.36311318753048444,True,same,Human VL PHOSPHO EE–RE 15-45m
human_acute,VL,PHOSPHO,EE−RE 3.5h,reference (non-exercise),1,63,25,38,0.3968253968253968,0.6031746031746031,0.12991792302255253,18,9,9,-0.6804909513214423,False,0.2514540445597791,True,same,Human VL PHOSPHO EE–RE 3.5h
human_acute,VL,PHOSPHO,EE−RE 24h,reference (non-exercise),1,63,24,39,0.38095238095238093,0.6190476190476191,0.07692583360960925,7,3,4,-1.3324959124197104,False,0.15699149716246785,True,same,Human VL PHOSPHO EE–RE 24h
human_acute,VL,PHOSPHO,RE−CON pre,reference (non-exercise),1,63,24,39,0.38095238095238093,0.6190476190476191,0.07692583360960925,15,3,12,-3.035426710022799,False,0.15699149716246785,True,same,Human VL PHOSPHO RE–CON pre
human_acute,ADIPOSE,RNA,EE−CON 15-45m,exercise vs control,1,117,40,77,0.3418803418803419,0.6581196581196581,0.0007995844433963236,0,0,0,-3.186954224361148,False,0.004135781603774088,True,same,Human ADIPOSE RNA EE–CON 15-45m
human_acute,ADIPOSE,RNA,EE−CON 3.5h,exercise vs control,1,117,42,75,0.358974358974359,0.6410256410256411,0.002928128340697184,0,0,0,-1.0812903389202264,False,0.011558401344857304,True,same,Human ADIPOSE RNA EE–CON 3.5h
human_acute,ADIPOSE,RNA,EE−CON 24h,exercise vs control,1,117,65,52,0.5555555555555556,0.4444444444444444,0.26718230499039586,0,0,0,0.8542418394734974,False,0.45030725560179075,True,opposed,Human ADIPOSE RNA EE–CON 24h
human_acute,ADIPOSE,RNA,RE−CON 15-45m,exercise vs control,1,117,66,51,0.5641025641025641,0.4358974358974359,0.19534905940457784,0,0,0,1.1484422688723273,False,0.3530404688034539,True,opposed,Human ADIPOSE RNA RE–CON 15-45m
human_acute,ADIPOSE,RNA,RE−CON 3.5h,exercise vs control,1,117,42,75,0.358974358974359,0.6410256410256411,0.002928128340697184,0,0,0,-2.08797048125878,False,0.011558401344857304,True,same,Human ADIPOSE RNA RE–CON 3.5h
human_acute,ADIPOSE,RNA,RE−CON 24h,exercise vs control,1,117,85,32,0.7264957264957265,0.27350427350427353,1.0128023232690837e-06,0,0,0,3.4898138275733452,False,1.3210465086118481e-05,True,opposed,Human ADIPOSE RNA RE–CON 24h
human_acute,ADIPOSE,RNA,EE post−pre 15-45m,exercise post−pre,1,117,41,76,0.3504273504273504,0.6495726495726496,0.0015572017627745842,5,2,3,-2.5625109753144844,False,0.0069725452064533615,True,same,Human ADIPOSE RNA EE post–pre 15-45m
human_acute,ADIPOSE,RNA,EE post−pre 3.5h,exercise post−pre,1,117,91,26,0.7777777777777778,0.2222222222222222,1.2129874896305887e-09,40,34,6,4.879640900552893,False,4.0432916321019626e-08,True,opposed,Human ADIPOSE RNA EE post–pre 3.5h
human_acute,ADIPOSE,RNA,EE post−pre 24h,exercise post−pre,1,117,61,56,0.5213675213675214,0.47863247863247865,0.7117032769279408,0,0,0,0.6165440509033834,False,0.8540439323135289,True,opposed,Human ADIPOSE RNA EE post–pre 24h
human_acute,ADIPOSE,RNA,RE post−pre 15-45m,exercise post−pre,1,117,71,46,0.6068376068376068,0.39316239316239315,0.02607556223566355,1,1,0,2.8537186024516377,False,0.07176760248347766,True,opposed,Human ADIPOSE RNA RE post–pre 15-45m
human_acute,ADIPOSE,RNA,RE post−pre 3.5h,exercise post−pre,1,117,81,36,0.6923076923076923,0.3076923076923077,3.866344408238963e-05,39,33,6,3.8283811652216273,False,0.00027282848722251274,True,opposed,Human ADIPOSE RNA RE post–pre 3.5h
human_acute,ADIPOSE,RNA,RE post−pre 24h,exercise post−pre,1,117,82,35,0.7008547008547008,0.29914529914529914,1.6504133479434384e-05,1,1,0,3.7138357141629177,False,0.0001375344456619532,True,opposed,Human ADIPOSE RNA RE post–pre 24h
human_acute,ADIPOSE,RNA,CON post−pre 15-45m,reference (non-exercise),1,117,69,48,0.5897435897435898,0.41025641025641024,0.0639959106467949,0,0,0,1.5518697973046045,False,0.13713409424313192,True,opposed,Human ADIPOSE RNA CON post–pre 15-45m
human_acute,ADIPOSE,RNA,CON post−pre 3.5h,reference (non-exercise),1,117,91,26,0.7777777777777778,0.2222222222222222,1.2129874896305887e-09,31,28,3,5.144522778437693,False,4.0432916321019626e-08,True,opposed,Human ADIPOSE RNA CON post–pre 3.5h
human_acute,ADIPOSE,RNA,CON post−pre 24h,reference (non-exercise),1,117,48,69,0.41025641025641024,0.5897435897435898,0.0639959106467949,1,1,0,-0.395466363618064,False,0.13713409424313192,True,same,Human ADIPOSE RNA CON post–pre 24h
human_acute,ADIPOSE,RNA,EE−CON pre,reference (non-exercise),1,117,73,44,0.6239316239316239,0.37606837606837606,0.009340760589436566,0,0,0,2.0060704210704294,False,0.030506434647933296,True,opposed,Human ADIPOSE RNA EE–CON pre
human_acute,ADIPOSE,RNA,EE−RE pre,reference (non-exercise),1,117,56,61,0.47863247863247865,0.5213675213675214,0.7117032769279408,0,0,0,-0.06379344448915757,False,0.8540439323135289,True,same,Human ADIPOSE RNA EE–RE pre
human_acute,ADIPOSE,RNA,EE−RE 15-45m,reference (non-exercise),1,117,34,83,0.2905982905982906,0.7094017094017094,6.775655653746717e-06,0,0,0,-5.0427866179303065,False,6.159686957951561e-05,True,same,Human ADIPOSE RNA EE–RE 15-45m
human_acute,ADIPOSE,RNA,EE−RE 3.5h,reference (non-exercise),1,117,70,47,0.5982905982905983,0.4017094017094017,0.041500788707988324,0,0,0,1.5138953944534996,False,0.10063083795972766,True,opposed,Human ADIPOSE RNA EE–RE 3.5h
human_acute,ADIPOSE,RNA,EE−RE 24h,reference (non-exercise),1,117,40,77,0.3418803418803419,0.6581196581196581,0.0007995844433963236,0,0,0,-2.957564158089985,False,0.004135781603774088,True,same,Human ADIPOSE RNA EE–RE 24h
human_acute,ADIPOSE,RNA,RE−CON pre,reference (non-exercise),1,117,71,46,0.6068376068376068,0.39316239316239315,0.02607556223566355,0,0,0,1.8327298669959775,False,0.07176760248347766,True,opposed,Human ADIPOSE RNA RE–CON pre
human_acute,ADIPOSE,PROT,EE−CON 3.5h,exercise vs control,1,112,49,63,0.4375,0.5625,0.2191311474977846,3,1,2,-0.9884466884287801,False,0.37565339571048784,True,same,Human ADIPOSE PROT EE–CON 3.5h
human_acute,ADIPOSE,PROT,RE−CON 3.5h,exercise vs control,1,112,60,52,0.5357142857142857,0.4642857142857143,0.5085131799736629,0,0,0,1.308400299793837,False,0.6661744715812177,True,opposed,Human ADIPOSE PROT RE–CON 3.5h
human_acute,ADIPOSE,PROT,EE post−pre 3.5h,exercise post−pre,1,112,44,68,0.39285714285714285,0.6071428571428571,0.029302222971632798,0,0,0,-2.160366446727238,False,0.07779351231406938,True,same,Human ADIPOSE PROT EE post–pre 3.5h
human_acute,ADIPOSE,PROT,RE post−pre 3.5h,exercise post−pre,1,112,70,42,0.625,0.375,0.01040920976712904,0,0,0,1.6885757429341575,False,0.03219343226947126,True,opposed,Human ADIPOSE PROT RE post–pre 3.5h
human_acute,ADIPOSE,PROT,CON post−pre 3.5h,reference (non-exercise),1,112,55,57,0.49107142857142855,0.5089285714285714,0.9247750936572267,4,0,4,-0.3338084279005006,False,0.987304370452555,True,same,Human ADIPOSE PROT CON post–pre 3.5h
human_acute,ADIPOSE,PROT,EE−CON pre,reference (non-exercise),1,112,72,40,0.6428571428571429,0.35714285714285715,0.003216939951651848,13,10,3,2.7412438070613043,False,0.012372845967891722,True,opposed,Human ADIPOSE PROT EE–CON pre
human_acute,ADIPOSE,PROT,EE−RE pre,reference (non-exercise),1,112,67,45,0.5982142857142857,0.4017857142857143,0.04673506819395992,9,4,5,1.6256530597885641,False,0.11039779888336988,True,opposed,Human ADIPOSE PROT EE–RE pre
human_acute,ADIPOSE,PROT,EE−RE 3.5h,reference (non-exercise),1,112,41,71,0.36607142857142855,0.6339285714285714,0.005890172980413241,0,0,0,-2.431969896764228,False,0.020788845813223204,True,same,Human ADIPOSE PROT EE–RE 3.5h
human_acute,ADIPOSE,PROT,RE−CON pre,reference (non-exercise),1,112,59,53,0.5267857142857143,0.4732142857142857,0.6367997716142331,0,0,0,1.39951572988398,False,0.7734410181549389,True,opposed,Human ADIPOSE PROT RE–CON pre
human_acute,ADIPOSE,PHOSPHO,EE−CON 3.5h,exercise vs control,1,26,11,15,0.4230769230769231,0.5769230769230769,0.557197093963623,3,2,1,0.03256267645407846,False,0.7083013906317241,True,same,Human ADIPOSE PHOSPHO EE–CON 3.5h
human_acute,ADIPOSE,PHOSPHO,RE−CON 3.5h,exercise vs control,1,26,19,7,0.7307692307692307,0.2692307692307692,0.028959274291992188,0,0,0,2.4393691930183468,False,0.07756948471069336,True,opposed,Human ADIPOSE PHOSPHO RE–CON 3.5h
human_acute,ADIPOSE,PHOSPHO,EE post−pre 3.5h,exercise post−pre,1,26,6,20,0.23076923076923078,0.7692307692307693,0.009355306625366211,2,1,1,-2.275970599128485,False,0.030506434647933296,True,same,Human ADIPOSE PHOSPHO EE post–pre 3.5h
human_acute,ADIPOSE,PHOSPHO,RE post−pre 3.5h,exercise post−pre,1,26,17,9,0.6538461538461539,0.34615384615384615,0.16863754391670227,1,1,0,1.4684218932917459,False,0.3122917479938931,True,opposed,Human ADIPOSE PHOSPHO RE post–pre 3.5h
human_acute,ADIPOSE,PHOSPHO,CON post−pre 3.5h,reference (non-exercise),1,26,11,15,0.4230769230769231,0.5769230769230769,0.557197093963623,3,1,2,-1.3122846925336047,False,0.7083013906317241,True,same,Human ADIPOSE PHOSPHO CON post–pre 3.5h
human_acute,ADIPOSE,PHOSPHO,EE−CON pre,reference (non-exercise),1,26,13,13,0.5,0.5,1.0,3,2,1,-0.5464986589028076,False,1.0,True,same,Human ADIPOSE PHOSPHO EE–CON pre
human_acute,ADIPOSE,PHOSPHO,EE−RE pre,reference (non-exercise),1,26,20,6,0.7692307692307693,0.23076923076923078,0.009355306625366211,4,4,0,2.1549331041313535,False,0.030506434647933296,True,opposed,Human ADIPOSE PHOSPHO EE–RE pre
human_acute,ADIPOSE,PHOSPHO,EE−RE 3.5h,reference (non-exercise),1,26,7,19,0.2692307692307692,0.7307692307692307,0.028959274291992188,1,0,1,-2.4380916590398214,False,0.07756948471069336,True,same,Human ADIPOSE PHOSPHO EE–RE 3.5h
human_acute,ADIPOSE,PHOSPHO,RE−CON pre,reference (non-exercise),1,26,7,19,0.2692307692307692,0.7307692307692307,0.028959274291992188,1,0,1,-2.8325122863419705,False,0.07756948471069336,True,same,Human ADIPOSE PHOSPHO RE–CON pre
human_acute,BLOOD,RNA,EE−CON 20m-during,exercise vs control,1,112,46,66,0.4107142857142857,0.5892857142857143,0.07212638623517523,13,4,9,-1.3771877441397782,False,0.14922700600381084,True,same,Human BLOOD RNA EE–CON 20m-during
human_acute,BLOOD,RNA,EE−CON 40m-during,exercise vs control,1,112,52,60,0.4642857142857143,0.5357142857142857,0.5085131799736629,8,3,5,-1.4883575971325205,False,0.6661744715812177,True,same,Human BLOOD RNA EE–CON 40m-during
human_acute,BLOOD,RNA,EE−CON 10m,exercise vs control,1,112,54,58,0.48214285714285715,0.5178571428571429,0.7769647513696718,0,0,0,-0.5763014154659615,False,0.8783637152777778,True,same,Human BLOOD RNA EE–CON 10m
human_acute,BLOOD,RNA,EE−CON 15-45m,exercise vs control,1,112,64,48,0.5714285714285714,0.42857142857142855,0.15606630199376736,5,3,2,0.1811906052522148,False,0.29167354579779736,True,opposed,Human BLOOD RNA EE–CON 15-45m
human_acute,BLOOD,RNA,EE−CON 3.5h,exercise vs control,1,112,70,42,0.625,0.375,0.01040920976712904,22,14,8,1.6999083461238405,False,0.03219343226947126,True,opposed,Human BLOOD RNA EE–CON 3.5h
human_acute,BLOOD,RNA,EE−CON 24h,exercise vs control,1,112,67,45,0.5982142857142857,0.4017857142857143,0.04673506819395992,0,0,0,2.0886408158158343,False,0.11039779888336988,True,opposed,Human BLOOD RNA EE–CON 24h
human_acute,BLOOD,RNA,RE−CON 10m,exercise vs control,1,112,56,56,0.5,0.5,1.0,3,2,1,-1.2433751405018216,False,1.0,True,same,Human BLOOD RNA RE–CON 10m
human_acute,BLOOD,RNA,RE−CON 15-45m,exercise vs control,1,112,60,52,0.5357142857142857,0.4642857142857143,0.5085131799736629,11,5,6,-0.4727445639996504,False,0.6661744715812177,True,opposed,Human BLOOD RNA RE–CON 15-45m
human_acute,BLOOD,RNA,RE−CON 3.5h,exercise vs control,1,112,71,41,0.6339285714285714,0.36607142857142855,0.005890172980413241,32,19,13,1.6875914575221118,False,0.020788845813223204,True,opposed,Human BLOOD RNA RE–CON 3.5h
human_acute,BLOOD,RNA,RE−CON 24h,exercise vs control,1,112,65,47,0.5803571428571429,0.41964285714285715,0.10778227965475437,0,0,0,1.0310690672671143,False,0.2113378032446164,True,opposed,Human BLOOD RNA RE–CON 24h
human_acute,BLOOD,RNA,EE post−pre 20m-during,exercise post−pre,1,112,47,65,0.41964285714285715,0.5803571428571429,0.10778227965475437,22,11,11,-0.5488299281924438,False,0.2113378032446164,True,same,Human BLOOD RNA EE post–pre 20m-during
human_acute,BLOOD,RNA,EE post−pre 40m-during,exercise post−pre,1,112,53,59,0.4732142857142857,0.5267857142857143,0.6367997716142331,22,10,12,-0.17396524088307574,False,0.7734410181549389,True,same,Human BLOOD RNA EE post–pre 40m-during
human_acute,BLOOD,RNA,EE post−pre 10m,exercise post−pre,1,112,76,36,0.6785714285714286,0.32142857142857145,0.00019823699855458433,29,20,9,1.3580049488589199,False,0.001166099991497555,True,opposed,Human BLOOD RNA EE post–pre 10m
human_acute,BLOOD,RNA,EE post−pre 15-45m,exercise post−pre,1,112,78,34,0.6964285714285714,0.30357142857142855,3.910541650189349e-05,55,38,17,2.0303323448497994,False,0.00027282848722251274,True,opposed,Human BLOOD RNA EE post–pre 15-45m
human_acute,BLOOD,RNA,EE post−pre 3.5h,exercise post−pre,1,112,79,33,0.7053571428571429,0.29464285714285715,1.6356858141740275e-05,51,37,14,1.756884711439762,False,0.0001375344456619532,True,opposed,Human BLOOD RNA EE post–pre 3.5h
human_acute,BLOOD,RNA,EE post−pre 24h,exercise post−pre,1,112,74,38,0.6607142857142857,0.3392857142857143,0.0008605684481792975,0,0,0,1.6646171171558721,False,0.004232303843504742,True,opposed,Human BLOOD RNA EE post–pre 24h
human_acute,BLOOD,RNA,RE post−pre 10m,exercise post−pre,1,112,70,42,0.625,0.375,0.01040920976712904,39,23,16,0.5830199331028003,False,0.03219343226947126,True,opposed,Human BLOOD RNA RE post–pre 10m
human_acute,BLOOD,RNA,RE post−pre 15-45m,exercise post−pre,1,112,74,38,0.6607142857142857,0.3392857142857143,0.0008605684481792975,62,43,19,1.2624883534474554,False,0.004232303843504742,True,opposed,Human BLOOD RNA RE post–pre 15-45m
human_acute,BLOOD,RNA,RE post−pre 3.5h,exercise post−pre,1,112,79,33,0.7053571428571429,0.29464285714285715,1.6356858141740275e-05,69,49,20,1.6809141404329118,False,0.0001375344456619532,True,opposed,Human BLOOD RNA RE post–pre 3.5h
human_acute,BLOOD,RNA,RE post−pre 24h,exercise post−pre,1,112,62,50,0.5535714285714286,0.44642857142857145,0.29859285283284626,6,1,5,0.32103614293267213,False,0.4764779566481589,True,opposed,Human BLOOD RNA RE post–pre 24h
human_acute,BLOOD,RNA,CON post−pre 20m-during,reference (non-exercise),1,112,72,40,0.6428571428571429,0.35714285714285715,0.003216939951651848,0,0,0,2.0734456568050628,False,0.012372845967891722,True,opposed,Human BLOOD RNA CON post–pre 20m-during
human_acute,BLOOD,RNA,CON post−pre 40m-during,reference (non-exercise),1,112,65,47,0.5803571428571429,0.41964285714285715,0.10778227965475437,2,2,0,2.2928965107097263,False,0.2113378032446164,True,opposed,Human BLOOD RNA CON post–pre 40m-during
human_acute,BLOOD,RNA,CON post−pre 10m,reference (non-exercise),1,112,74,38,0.6607142857142857,0.3392857142857143,0.0008605684481792975,0,0,0,2.983476529210559,False,0.004232303843504742,True,opposed,Human BLOOD RNA CON post–pre 10m
human_acute,BLOOD,RNA,CON post−pre 15-45m,reference (non-exercise),1,112,83,29,0.7410714285714286,0.25892857142857145,3.290846169775185e-07,1,1,0,3.6789461411627666,False,4.936269254662777e-06,True,opposed,Human BLOOD RNA CON post–pre 15-45m
human_acute,BLOOD,RNA,CON post−pre 3.5h,reference (non-exercise),1,112,60,52,0.5357142857142857,0.4642857142857143,0.5085131799736629,0,0,0,0.7210897434505711,False,0.6661744715812177,True,opposed,Human BLOOD RNA CON post–pre 3.5h
human_acute,BLOOD,RNA,CON post−pre 24h,reference (non-exercise),1,112,54,58,0.48214285714285715,0.5178571428571429,0.7769647513696718,0,0,0,-0.9680652940928872,False,0.8783637152777778,True,same,Human BLOOD RNA CON post–pre 24h
human_acute,BLOOD,RNA,EE−CON pre,reference (non-exercise),1,112,59,53,0.5267857142857143,0.4732142857142857,0.6367997716142331,0,0,0,0.31060538637247104,False,0.7734410181549389,True,opposed,Human BLOOD RNA EE–CON pre
human_acute,BLOOD,RNA,EE−RE pre,reference (non-exercise),1,112,62,50,0.5535714285714286,0.44642857142857145,0.29859285283284626,0,0,0,0.6084872480858301,False,0.4764779566481589,True,opposed,Human BLOOD RNA EE–RE pre
human_acute,BLOOD,RNA,EE−RE 10m,reference (non-exercise),1,112,62,50,0.5535714285714286,0.44642857142857145,0.29859285283284626,0,0,0,1.3185494773068565,False,0.4764779566481589,True,opposed,Human BLOOD RNA EE–RE 10m
human_acute,BLOOD,RNA,EE−RE 15-45m,reference (non-exercise),1,112,59,53,0.5267857142857143,0.4732142857142857,0.6367997716142331,0,0,0,1.1654443769456644,False,0.7734410181549389,True,opposed,Human BLOOD RNA EE–RE 15-45m
human_acute,BLOOD,RNA,EE−RE 3.5h,reference (non-exercise),1,112,53,59,0.4732142857142857,0.5267857142857143,0.6367997716142331,0,0,0,-0.5447021438471598,False,0.7734410181549389,True,same,Human BLOOD RNA EE–RE 3.5h
human_acute,BLOOD,RNA,EE−RE 24h,reference (non-exercise),1,112,52,60,0.4642857142857143,0.5357142857142857,0.5085131799736629,0,0,0,0.8546353842594787,False,0.6661744715812177,True,same,Human BLOOD RNA EE–RE 24h
human_acute,BLOOD,RNA,RE−CON pre,reference (non-exercise),1,112,50,62,0.44642857142857145,0.5535714285714286,0.29859285283284626,0,0,0,-0.22636615269048757,False,0.4764779566481589,True,same,Human BLOOD RNA RE–CON pre
human_acute,BLOOD,PROT_OLINK,EE−CON 20m-during,exercise vs control,1,14,5,9,0.35714285714285715,0.6428571428571429,0.4239501953125,0,0,0,-3.436381286189229,False,0.5861062608006913,True,same,Human BLOOD PROT_OLINK EE–CON 20m-during
human_acute,BLOOD,PROT_OLINK,EE−CON 40m-during,exercise vs control,1,14,6,8,0.42857142857142855,0.5714285714285714,0.79052734375,0,0,0,-3.653155344564668,False,0.8783637152777778,True,same,Human BLOOD PROT_OLINK EE–CON 40m-during
human_acute,BLOOD,PROT_OLINK,EE−CON 10m,exercise vs control,1,14,9,5,0.6428571428571429,0.35714285714285715,0.4239501953125,0,0,0,0.5576587456425145,False,0.5861062608006913,True,opposed,Human BLOOD PROT_OLINK EE–CON 10m
human_acute,BLOOD,PROT_OLINK,EE−CON 15-45m,exercise vs control,1,14,3,11,0.21428571428571427,0.7857142857142857,0.057373046875,0,0,0,-2.0716767539215395,False,0.1265581916360294,True,same,Human BLOOD PROT_OLINK EE–CON 15-45m
human_acute,BLOOD,PROT_OLINK,EE−CON 3.5h,exercise vs control,1,14,11,3,0.7857142857142857,0.21428571428571427,0.057373046875,0,0,0,2.5837140681702744,False,0.1265581916360294,True,opposed,Human BLOOD PROT_OLINK EE–CON 3.5h
human_acute,BLOOD,PROT_OLINK,EE−CON 24h,exercise vs control,1,14,3,11,0.21428571428571427,0.7857142857142857,0.057373046875,0,0,0,-1.7708635330154359,False,0.1265581916360294,True,same,Human BLOOD PROT_OLINK EE–CON 24h
human_acute,BLOOD,PROT_OLINK,RE−CON 10m,exercise vs control,1,14,5,9,0.35714285714285715,0.6428571428571429,0.4239501953125,0,0,0,-1.8532290144526526,False,0.5861062608006913,True,same,Human BLOOD PROT_OLINK RE–CON 10m
human_acute,BLOOD,PROT_OLINK,RE−CON 15-45m,exercise vs control,1,14,3,11,0.21428571428571427,0.7857142857142857,0.057373046875,1,1,0,-0.77473008299166,False,0.1265581916360294,True,same,Human BLOOD PROT_OLINK RE–CON 15-45m
human_acute,BLOOD,PROT_OLINK,RE−CON 3.5h,exercise vs control,1,14,9,5,0.6428571428571429,0.35714285714285715,0.4239501953125,1,1,0,1.9412770804793762,False,0.5861062608006913,True,opposed,Human BLOOD PROT_OLINK RE–CON 3.5h
human_acute,BLOOD,PROT_OLINK,RE−CON 24h,exercise vs control,1,14,5,9,0.35714285714285715,0.6428571428571429,0.4239501953125,0,0,0,0.24660979780967168,False,0.5861062608006913,True,same,Human BLOOD PROT_OLINK RE–CON 24h
human_acute,BLOOD,PROT_OLINK,EE post−pre 20m-during,exercise post−pre,1,14,7,7,0.5,0.5,1.0,1,1,0,-4.2328408450504345,False,1.0,True,same,Human BLOOD PROT_OLINK EE post–pre 20m-during
human_acute,BLOOD,PROT_OLINK,EE post−pre 40m-during,exercise post−pre,1,14,5,9,0.35714285714285715,0.6428571428571429,0.4239501953125,2,1,1,-3.90017631092939,False,0.5861062608006913,True,same,Human BLOOD PROT_OLINK EE post–pre 40m-during
human_acute,BLOOD,PROT_OLINK,EE post−pre 10m,exercise post−pre,1,14,9,5,0.6428571428571429,0.35714285714285715,0.4239501953125,0,0,0,0.43256748926937194,False,0.5861062608006913,True,opposed,Human BLOOD PROT_OLINK EE post–pre 10m
human_acute,BLOOD,PROT_OLINK,EE post−pre 15-45m,exercise post−pre,1,14,5,9,0.35714285714285715,0.6428571428571429,0.4239501953125,0,0,0,-0.1841638904284573,False,0.5861062608006913,True,same,Human BLOOD PROT_OLINK EE post–pre 15-45m
human_acute,BLOOD,PROT_OLINK,EE post−pre 3.5h,exercise post−pre,1,14,13,1,0.9285714285714286,0.07142857142857142,0.0018310546875,0,0,0,2.8197630046142725,False,0.007736850792253521,True,opposed,Human BLOOD PROT_OLINK EE post–pre 3.5h
human_acute,BLOOD,PROT_OLINK,EE post−pre 24h,exercise post−pre,1,14,5,9,0.35714285714285715,0.6428571428571429,0.4239501953125,0,0,0,-1.1445280601783667,False,0.5861062608006913,True,same,Human BLOOD PROT_OLINK EE post–pre 24h
human_acute,BLOOD,PROT_OLINK,RE post−pre 10m,exercise post−pre,1,14,5,9,0.35714285714285715,0.6428571428571429,0.4239501953125,5,2,3,-2.3189099686487076,False,0.5861062608006913,True,same,Human BLOOD PROT_OLINK RE post–pre 10m
human_acute,BLOOD,PROT_OLINK,RE post−pre 15-45m,exercise post−pre,1,14,5,9,0.35714285714285715,0.6428571428571429,0.4239501953125,1,1,0,1.3038520333459658,False,0.5861062608006913,True,same,Human BLOOD PROT_OLINK RE post–pre 15-45m
human_acute,BLOOD,PROT_OLINK,RE post−pre 3.5h,exercise post−pre,1,14,10,4,0.7142857142857143,0.2857142857142857,0.1795654296875,0,0,0,2.2291166919815466,False,0.3264825994318182,True,opposed,Human BLOOD PROT_OLINK RE post–pre 3.5h
human_acute,BLOOD,PROT_OLINK,RE post−pre 24h,exercise post−pre,1,14,7,7,0.5,0.5,1.0,0,0,0,1.4962235526029226,False,1.0,True,same,Human BLOOD PROT_OLINK RE post–pre 24h
human_acute,BLOOD,PROT_OLINK,CON post−pre 20m-during,reference (non-exercise),1,14,9,5,0.6428571428571429,0.35714285714285715,0.4239501953125,0,0,0,-0.6309419661389801,False,0.5861062608006913,True,opposed,Human BLOOD PROT_OLINK CON post–pre 20m-during
human_acute,BLOOD,PROT_OLINK,CON post−pre 40m-during,reference (non-exercise),1,14,5,9,0.35714285714285715,0.6428571428571429,0.4239501953125,0,0,0,0.22901267701012298,False,0.5861062608006913,True,same,Human BLOOD PROT_OLINK CON post–pre 40m-during
human_acute,BLOOD,PROT_OLINK,CON post−pre 10m,reference (non-exercise),1,14,9,5,0.6428571428571429,0.35714285714285715,0.4239501953125,0,0,0,-0.285918012751636,False,0.5861062608006913,True,opposed,Human BLOOD PROT_OLINK CON post–pre 10m
human_acute,BLOOD,PROT_OLINK,CON post−pre 15-45m,reference (non-exercise),1,14,10,4,0.7142857142857143,0.2857142857142857,0.1795654296875,0,0,0,2.76851486853427,False,0.3264825994318182,True,opposed,Human BLOOD PROT_OLINK CON post–pre 15-45m
human_acute,BLOOD,PROT_OLINK,CON post−pre 3.5h,reference (non-exercise),1,14,8,6,0.5714285714285714,0.42857142857142855,0.79052734375,1,0,1,-0.4676838539473954,False,0.8783637152777778,True,opposed,Human BLOOD PROT_OLINK CON post–pre 3.5h
human_acute,BLOOD,PROT_OLINK,CON post−pre 24h,reference (non-exercise),1,14,9,5,0.6428571428571429,0.35714285714285715,0.4239501953125,0,0,0,0.8601084996123605,False,0.5861062608006913,True,opposed,Human BLOOD PROT_OLINK CON post–pre 24h
human_acute,BLOOD,PROT_OLINK,EE−CON pre,reference (non-exercise),1,14,6,8,0.42857142857142855,0.5714285714285714,0.79052734375,0,0,0,-0.1270523961820272,False,0.8783637152777778,True,same,Human BLOOD PROT_OLINK EE–CON pre
human_acute,BLOOD,PROT_OLINK,EE−RE pre,reference (non-exercise),1,14,8,6,0.5714285714285714,0.42857142857142855,0.79052734375,0,0,0,1.1489941465370463,False,0.8783637152777778,True,opposed,Human BLOOD PROT_OLINK EE–RE pre
human_acute,BLOOD,PROT_OLINK,EE−RE 10m,reference (non-exercise),1,14,10,4,0.7142857142857143,0.2857142857142857,0.1795654296875,0,0,0,2.3699146067278654,False,0.3264825994318182,True,opposed,Human BLOOD PROT_OLINK EE–RE 10m
human_acute,BLOOD,PROT_OLINK,EE−RE 15-45m,reference (non-exercise),1,14,6,8,0.42857142857142855,0.5714285714285714,0.79052734375,0,0,0,-1.5788133064886631,False,0.8783637152777778,True,same,Human BLOOD PROT_OLINK EE–RE 15-45m
human_acute,BLOOD,PROT_OLINK,EE−RE 3.5h,reference (non-exercise),1,14,11,3,0.7857142857142857,0.21428571428571427,0.057373046875,0,0,0,0.6887715300793517,False,0.1265581916360294,True,opposed,Human BLOOD PROT_OLINK EE–RE 3.5h
human_acute,BLOOD,PROT_OLINK,EE−RE 24h,reference (non-exercise),1,14,5,9,0.35714285714285715,0.6428571428571429,0.4239501953125,0,0,0,-1.790165769286747,False,0.5861062608006913,True,same,Human BLOOD PROT_OLINK EE–RE 24h
human_acute,BLOOD,PROT_OLINK,RE−CON pre,reference (non-exercise),1,14,8,6,0.5714285714285714,0.42857142857142855,0.79052734375,0,0,0,-1.1023702536246538,False,0.8783637152777778,True,opposed,Human BLOOD PROT_OLINK RE–CON pre
rat_train,SKM-GN,RNA,1w,training vs sedentary,2,234,80,154,0.3418803418803419,0.6581196581196581,1.505285779534548e-06,4,0,4,-3.9659555767581045,False,1.7462819098517162e-05,True,same,Rat SKM-GN RNA 1w
rat_train,SKM-GN,RNA,2w,training vs sedentary,2,234,85,149,0.36324786324786323,0.6367521367521367,3.435623641284969e-05,1,0,1,-2.9030299042342795,False,0.00025138709570377823,True,same,Rat SKM-GN RNA 2w
rat_train,SKM-GN,RNA,4w,training vs sedentary,2,234,69,165,0.2948717948717949,0.7051282051282052,2.9988548479234694e-10,4,0,4,-4.857672099319704,False,2.249141135942602e-08,True,same,Rat SKM-GN RNA 4w
rat_train,SKM-GN,RNA,8w,training vs sedentary,2,234,75,159,0.32051282051282054,0.6794871794871795,4.169800332747068e-08,10,1,9,-4.26154808947728,False,8.905481570154219e-07,True,same,Rat SKM-GN RNA 8w
rat_train,SKM-GN,PROT,1w,training vs sedentary,2,224,87,137,0.38839285714285715,0.6116071428571429,0.0010162281955814574,1,0,1,-2.836831403541443,False,0.004763569666788082,True,same,Rat SKM-GN PROT 1w
rat_train,SKM-GN,PROT,2w,training vs sedentary,2,224,70,154,0.3125,0.6875,2.0193611047552493e-08,4,0,4,-4.042734098925788,False,5.048402761888123e-07,True,same,Rat SKM-GN PROT 2w
rat_train,SKM-GN,PROT,4w,training vs sedentary,2,224,72,152,0.32142857142857145,0.6785714285714286,9.62367260576124e-08,31,0,31,-5.779334336850234,False,1.6982951657225719e-06,True,same,Rat SKM-GN PROT 4w
rat_train,SKM-GN,PROT,8w,training vs sedentary,2,224,61,163,0.27232142857142855,0.7276785714285714,6.449946371905928e-12,62,3,59,-6.811453327456537,False,9.67491955785889e-10,True,same,Rat SKM-GN PROT 8w
rat_train,SKM-GN,PHOSPHO,1w,training vs sedentary,2,134,57,77,0.4253731343283582,0.5746268656716418,0.10036570149746177,0,0,0,-1.0744860689484943,False,0.20073140299492354,True,same,Rat SKM-GN PHOSPHO 1w
rat_train,SKM-GN,PHOSPHO,2w,training vs sedentary,2,134,49,85,0.3656716417910448,0.6343283582089553,0.002371823546444494,1,0,1,-2.1456942274031046,False,0.009615500863964167,True,same,Rat SKM-GN PHOSPHO 2w
rat_train,SKM-GN,PHOSPHO,4w,training vs sedentary,2,134,58,76,0.43283582089552236,0.5671641791044776,0.1416617498127738,0,0,0,-1.4788257217313427,False,0.2706912416804595,True,same,Rat SKM-GN PHOSPHO 4w
rat_train,SKM-GN,PHOSPHO,8w,training vs sedentary,2,134,56,78,0.417910447761194,0.582089552238806,0.06925958718203146,23,14,9,-1.605035837263659,False,0.14429080662923222,True,same,Rat SKM-GN PHOSPHO 8w
rat_train,SKM-VL,RNA,1w,training vs sedentary,2,238,65,173,0.27310924369747897,0.726890756302521,1.6710744316491597e-12,0,0,0,-3.667720501394271,False,5.013223294947479e-10,True,same,Rat SKM-VL RNA 1w
rat_train,SKM-VL,RNA,2w,training vs sedentary,2,238,75,163,0.31512605042016806,0.6848739495798319,1.1747767176767093e-08,1,0,1,-2.8465507790007325,False,3.2039365027546616e-07,True,same,Rat SKM-VL RNA 2w
rat_train,SKM-VL,RNA,4w,training vs sedentary,2,238,68,170,0.2857142857142857,0.7142857142857143,2.936981897899471e-11,18,0,18,-5.1974186093969665,False,2.936981897899471e-09,True,same,Rat SKM-VL RNA 4w
rat_train,SKM-VL,RNA,8w,training vs sedentary,2,238,71,167,0.29831932773109243,0.7016806722689075,4.30547490129826e-10,23,1,22,-4.848652448283427,False,2.4687936045058724e-08,True,same,Rat SKM-VL RNA 8w
rat_train,HEART,RNA,1w,training vs sedentary,2,230,86,144,0.3739130434782609,0.6260869565217392,0.00015888714032847573,1,0,1,-2.5607295180335887,False,0.0009533228419708543,True,same,Rat HEART RNA 1w
rat_train,HEART,RNA,2w,training vs sedentary,2,230,85,145,0.3695652173913043,0.6304347826086957,9.200713177789856e-05,8,2,6,-2.325641447839152,False,0.000587279564539778,True,same,Rat HEART RNA 2w
rat_train,HEART,RNA,4w,training vs sedentary,2,230,70,160,0.30434782608695654,0.6956521739130435,2.7856840908303207e-09,6,1,5,-3.075900833393054,False,8.357052272490962e-08,True,same,Rat HEART RNA 4w
rat_train,HEART,RNA,8w,training vs sedentary,2,230,95,135,0.41304347826086957,0.5869565217391305,0.009970063452442373,11,1,10,-2.730859233097133,False,0.03181935144396502,True,same,Rat HEART RNA 8w
rat_train,HEART,PROT,1w,training vs sedentary,2,224,94,130,0.41964285714285715,0.5803571428571429,0.019157338863390175,1,0,1,-1.2415291236285877,False,0.055261554413625506,True,same,Rat HEART PROT 1w
rat_train,HEART,PROT,2w,training vs sedentary,2,224,71,153,0.3169642857142857,0.6830357142857143,4.4527407850771095e-08,7,1,6,-3.7775943023604226,False,8.905481570154219e-07,True,same,Rat HEART PROT 2w
rat_train,HEART,PROT,4w,training vs sedentary,2,224,66,158,0.29464285714285715,0.7053571428571429,6.966167944987518e-10,14,2,12,-4.534816161904574,False,2.985500547851793e-08,True,same,Rat HEART PROT 4w
rat_train,HEART,PROT,8w,training vs sedentary,2,224,76,148,0.3392857142857143,0.6607142857142857,1.724477197546606e-06,26,7,19,-3.2418811455147605,False,1.8086391834594362e-05,True,same,Rat HEART PROT 8w
rat_train,HEART,PHOSPHO,1w,training vs sedentary,2,180,77,103,0.42777777777777776,0.5722222222222222,0.062106765852985156,0,0,0,-0.5371480355710839,False,0.13600021719631786,True,same,Rat HEART PHOSPHO 1w
rat_train,HEART,PHOSPHO,2w,training vs sedentary,2,180,67,113,0.37222222222222223,0.6277777777777778,0.0007506289280746455,4,1,3,-2.1013296660903515,False,0.004021226400399886,True,same,Rat HEART PHOSPHO 2w
rat_train,HEART,PHOSPHO,4w,training vs sedentary,2,180,69,111,0.38333333333333336,0.6166666666666667,0.0021551075525304084,3,1,2,-1.3720053040210494,False,0.008856606380261953,True,same,Rat HEART PHOSPHO 4w
rat_train,HEART,PHOSPHO,8w,training vs sedentary,2,180,80,100,0.4444444444444444,0.5555555555555556,0.15653146957815126,5,3,2,-0.19681143778420834,False,0.29167354579779736,True,same,Rat HEART PHOSPHO 8w
rat_train,WAT-SC,RNA,1w,training vs sedentary,2,236,125,111,0.5296610169491526,0.4703389830508475,0.3974739210988298,5,2,3,0.4486185007922236,False,0.5861062608006913,True,opposed,Rat WAT-SC RNA 1w
rat_train,WAT-SC,RNA,2w,training vs sedentary,2,232,124,108,0.5344827586206896,0.46551724137931033,0.32472941294248503,3,3,0,0.5354681114843137,False,0.4995837122192078,True,opposed,Rat WAT-SC RNA 2w
rat_train,WAT-SC,RNA,4w,training vs sedentary,2,238,91,147,0.38235294117647056,0.6176470588235294,0.00034355945267942553,0,0,0,-1.5908323768360069,False,0.001944676147242031,True,same,Rat WAT-SC RNA 4w
rat_train,WAT-SC,RNA,8w,training vs sedentary,2,232,104,128,0.4482758620689655,0.5517241379310345,0.1308602884591639,4,1,3,-0.759058310457539,False,0.2516544008830075,True,same,Rat WAT-SC RNA 8w
rat_train,WAT-SC,PROT,1w,training vs sedentary,2,228,135,93,0.5921052631578947,0.40789473684210525,0.006494941022553726,0,0,0,1.4557965530439467,False,0.022656771008908345,True,opposed,Rat WAT-SC PROT 1w
rat_train,WAT-SC,PROT,2w,training vs sedentary,2,228,115,113,0.5043859649122807,0.4956140350877193,0.9472167120692364,0,0,0,0.0829521672702754,False,0.9935839637089893,True,opposed,Rat WAT-SC PROT 2w
rat_train,WAT-SC,PROT,4w,training vs sedentary,2,228,117,111,0.5131578947368421,0.4868421052631579,0.7406259302520628,5,0,5,-0.37627793811362253,False,0.8624593675185547,True,opposed,Rat WAT-SC PROT 4w
rat_train,WAT-SC,PROT,8w,training vs sedentary,2,228,75,153,0.32894736842105265,0.6710526315789473,2.631469292986143e-07,5,0,5,-3.3712480307967203,False,4.385782154976906e-06,True,same,Rat WAT-SC PROT 8w
rat_train,WAT-SC,PHOSPHO,1w,training vs sedentary,2,106,46,60,0.4339622641509434,0.5660377358490566,0.20649820735970997,0,0,0,-0.7406235360137146,False,0.36311318753048444,True,same,Rat WAT-SC PHOSPHO 1w
rat_train,WAT-SC,PHOSPHO,2w,training vs sedentary,2,106,47,59,0.44339622641509435,0.5566037735849056,0.28528442186565844,0,0,0,-1.0562030461956842,False,0.4702490470313051,True,same,Rat WAT-SC PHOSPHO 2w
rat_train,WAT-SC,PHOSPHO,4w,training vs sedentary,2,106,50,56,0.4716981132075472,0.5283018867924528,0.6274309770786343,1,1,0,-0.627805557867322,False,0.7734410181549389,True,same,Rat WAT-SC PHOSPHO 4w
rat_train,WAT-SC,PHOSPHO,8w,training vs sedentary,2,106,44,62,0.41509433962264153,0.5849056603773585,0.09824250442243818,3,0,3,-1.9574746894882336,False,0.19780370017940574,True,same,Rat WAT-SC PHOSPHO 8w
rat_train,LIVER,RNA,1w,training vs sedentary,2,220,86,134,0.39090909090909093,0.6090909090909091,0.0014739117171347258,0,0,0,-1.1471135930788785,False,0.006699598714248754,True,same,Rat LIVER RNA 1w
rat_train,LIVER,RNA,2w,training vs sedentary,2,220,120,100,0.5454545454545454,0.45454545454545453,0.20009222902827126,0,0,0,0.6334816158714051,False,0.3594471180148585,True,opposed,Rat LIVER RNA 2w
rat_train,LIVER,RNA,4w,training vs sedentary,2,220,107,113,0.4863636363636364,0.5136363636363637,0.7361275190186886,0,0,0,-0.6994247652185008,False,0.8624593675185547,True,same,Rat LIVER RNA 4w
rat_train,LIVER,RNA,8w,training vs sedentary,2,220,111,109,0.5045454545454545,0.4954545454545455,0.9462677277802577,0,0,0,-0.0973290694529867,False,0.9935839637089893,True,opposed,Rat LIVER RNA 8w
rat_train,LIVER,PROT,1w,training vs sedentary,2,212,76,136,0.3584905660377358,0.6415094339622641,4.5539695631785355e-05,0,0,0,-1.3645358527924247,False,0.0003104979247621729,True,same,Rat LIVER PROT 1w
rat_train,LIVER,PROT,2w,training vs sedentary,2,212,71,141,0.33490566037735847,0.6650943396226415,1.748351210677455e-06,0,0,0,-2.831014956314055,False,1.8086391834594362e-05,True,same,Rat LIVER PROT 2w
rat_train,LIVER,PROT,4w,training vs sedentary,2,212,89,123,0.419811320754717,0.5801886792452831,0.02319764812818535,0,0,0,-1.27489954756524,False,0.06627899465195815,True,same,Rat LIVER PROT 4w
rat_train,LIVER,PROT,8w,training vs sedentary,2,212,82,130,0.3867924528301887,0.6132075471698113,0.0011947074203354266,30,14,16,-2.0308663314588866,False,0.0055140342477019684,True,same,Rat LIVER PROT 8w
rat_train,LIVER,PHOSPHO,1w,training vs sedentary,2,154,89,65,0.577922077922078,0.42207792207792205,0.06347521517753671,0,0,0,1.0565977385546677,False,0.13713409424313192,True,opposed,Rat LIVER PHOSPHO 1w
rat_train,LIVER,PHOSPHO,2w,training vs sedentary,2,154,84,70,0.5454545454545454,0.45454545454545453,0.29481351399329186,0,0,0,1.2354144042800654,False,0.4764779566481589,True,opposed,Rat LIVER PHOSPHO 2w
rat_train,LIVER,PHOSPHO,4w,training vs sedentary,2,154,94,60,0.6103896103896104,0.38961038961038963,0.0076282882472326835,0,0,0,1.840386920616603,False,0.02630444223183684,True,opposed,Rat LIVER PHOSPHO 4w
rat_train,LIVER,PHOSPHO,8w,training vs sedentary,2,154,77,77,0.5,0.5,1.0,6,1,5,-0.8353715641896742,False,1.0,True,same,Rat LIVER PHOSPHO 8w
rat_train,KIDNEY,RNA,1w,training vs sedentary,2,228,98,130,0.4298245614035088,0.5701754385964912,0.039835497565788316,4,1,3,-1.5341912792953512,False,0.10011277647564762,True,same,Rat KIDNEY RNA 1w
rat_train,KIDNEY,RNA,2w,training vs sedentary,2,228,90,138,0.39473684210526316,0.6052631578947368,0.001792073701536992,2,1,1,-2.3440929791709606,False,0.007680315863729966,True,same,Rat KIDNEY RNA 2w
rat_train,KIDNEY,RNA,4w,training vs sedentary,2,228,109,119,0.4780701754385965,0.5219298245614035,0.5512435649994097,0,0,0,-0.6055003969728434,False,0.7067225192300125,True,same,Rat KIDNEY RNA 4w
rat_train,KIDNEY,RNA,8w,training vs sedentary,2,228,117,111,0.5131578947368421,0.4868421052631579,0.7406259302520628,3,1,2,0.03037625524749557,False,0.8624593675185547,True,opposed,Rat KIDNEY RNA 8w
rat_train,KIDNEY,PROT,1w,training vs sedentary,2,214,90,124,0.4205607476635514,0.5794392523364486,0.023855223962952143,0,0,0,-1.0699843208543953,False,0.06751478480080794,True,same,Rat KIDNEY PROT 1w
rat_train,KIDNEY,PROT,2w,training vs sedentary,2,214,91,123,0.4252336448598131,0.5747663551401869,0.03383644997039047,0,0,0,-0.5752910650150702,False,0.08676012812920633,True,same,Rat KIDNEY PROT 2w
rat_train,KIDNEY,PROT,4w,training vs sedentary,2,214,110,104,0.514018691588785,0.48598130841121495,0.7325958519969549,0,0,0,-0.12805503866855505,False,0.8624593675185547,True,opposed,Rat KIDNEY PROT 4w
rat_train,KIDNEY,PROT,8w,training vs sedentary,2,214,100,114,0.4672897196261682,0.5327102803738317,0.37422524579214106,3,2,1,-1.6665610502680717,False,0.5698861611047833,True,same,Rat KIDNEY PROT 8w
rat_train,KIDNEY,PHOSPHO,1w,training vs sedentary,2,114,46,68,0.40350877192982454,0.5964912280701754,0.04872468639868177,0,0,0,-1.2800802517420928,False,0.1141984837469104,True,same,Rat KIDNEY PHOSPHO 1w
rat_train,KIDNEY,PHOSPHO,2w,training vs sedentary,2,114,57,57,0.5,0.5,1.0,0,0,0,0.29980233276351576,False,1.0,True,same,Rat KIDNEY PHOSPHO 2w
rat_train,KIDNEY,PHOSPHO,4w,training vs sedentary,2,114,55,59,0.4824561403508772,0.5175438596491229,0.7788760920027011,0,0,0,-0.8315201000713446,False,0.8783637152777778,True,same,Rat KIDNEY PHOSPHO 4w
rat_train,KIDNEY,PHOSPHO,8w,training vs sedentary,2,114,51,63,0.4473684210526316,0.5526315789473685,0.302877552630325,0,0,0,-1.3739828293271459,False,0.4807580200481349,True,same,Rat KIDNEY PHOSPHO 8w
rat_train,LUNG,RNA,1w,training vs sedentary,2,232,133,99,0.5732758620689655,0.4267241379310345,0.03004861067359706,5,3,2,1.2121350896928547,False,0.07907529124630806,True,opposed,Rat LUNG RNA 1w
rat_train,LUNG,RNA,2w,training vs sedentary,2,232,132,100,0.5689655172413793,0.43103448275862066,0.04159407969002076,6,5,1,1.2118679620723831,False,0.10063083795972766,True,opposed,Rat LUNG RNA 2w
rat_train,LUNG,RNA,4w,training vs sedentary,2,232,131,101,0.5646551724137931,0.4353448275862069,0.05668320751346569,4,2,2,1.3867300424321833,False,0.1265581916360294,True,opposed,Rat LUNG RNA 4w
rat_train,LUNG,RNA,8w,training vs sedentary,2,232,116,116,0.5,0.5,1.0,0,0,0,-0.042529673050628436,False,1.0,True,same,Rat LUNG RNA 8w
rat_train,LUNG,PROT,1w,training vs sedentary,2,220,115,105,0.5227272727272727,0.4772727272727273,0.544094407891442,0,0,0,0.9782238295633411,False,0.7035703550320371,True,opposed,Rat LUNG PROT 1w
rat_train,LUNG,PROT,2w,training vs sedentary,2,220,127,93,0.5772727272727273,0.42272727272727273,0.02586635613503217,0,0,0,0.9964669121488996,False,0.07176760248347766,True,opposed,Rat LUNG PROT 2w
rat_train,LUNG,PROT,4w,training vs sedentary,2,220,124,96,0.5636363636363636,0.43636363636363634,0.0684640313347148,0,0,0,1.8861574452214023,False,0.1439027373159737,True,opposed,Rat LUNG PROT 4w
rat_train,LUNG,PROT,8w,training vs sedentary,2,220,130,90,0.5909090909090909,0.4090909090909091,0.008405451752681932,2,1,1,1.514532749074013,False,0.028654949156870224,True,opposed,Rat LUNG PROT 8w
rat_train,LUNG,PHOSPHO,1w,training vs sedentary,2,96,52,44,0.5416666666666666,0.4583333333333333,0.47515204998657373,0,0,0,1.4918244508315124,False,0.6363643526605898,True,opposed,Rat LUNG PHOSPHO 1w
rat_train,LUNG,PHOSPHO,2w,training vs sedentary,2,96,52,44,0.5416666666666666,0.4583333333333333,0.47515204998657373,0,0,0,0.586209223057716,False,0.6363643526605898,True,opposed,Rat LUNG PHOSPHO 2w
rat_train,LUNG,PHOSPHO,4w,training vs sedentary,2,96,57,39,0.59375,0.40625,0.08219306855694346,0,0,0,1.5327915092511093,False,0.16660757139920973,True,opposed,Rat LUNG PHOSPHO 4w
rat_train,LUNG,PHOSPHO,8w,training vs sedentary,2,96,59,37,0.6145833333333334,0.3854166666666667,0.03154812025373351,0,0,0,1.648337963525766,False,0.08229944414017439,True,opposed,Rat LUNG PHOSPHO 8w
rat_train,CORTEX,RNA,1w,training vs sedentary,2,230,99,131,0.43043478260869567,0.5695652173913044,0.0407125291000967,0,0,0,-0.661857015426883,False,0.10011277647564762,True,same,Rat CORTEX RNA 1w
rat_train,CORTEX,RNA,2w,training vs sedentary,2,230,123,107,0.5347826086956522,0.4652173913043478,0.32263335979354757,1,1,0,0.9825444992317685,False,0.49891756669105297,True,opposed,Rat CORTEX RNA 2w
rat_train,CORTEX,RNA,4w,training vs sedentary,2,230,99,131,0.43043478260869567,0.5695652173913044,0.0407125291000967,0,0,0,-1.3015675711315153,False,0.10011277647564762,True,same,Rat CORTEX RNA 4w
rat_train,CORTEX,RNA,8w,training vs sedentary,2,230,112,118,0.48695652173913045,0.5130434782608696,0.741715056065957,0,0,0,0.3360044303134532,False,0.8624593675185547,True,same,Rat CORTEX RNA 8w
rat_train,CORTEX,PROT,1w,training vs sedentary,2,214,112,102,0.5233644859813084,0.4766355140186916,0.5385040002283765,0,0,0,-0.311801480417766,False,0.699355844452437,True,opposed,Rat CORTEX PROT 1w
rat_train,CORTEX,PROT,2w,training vs sedentary,2,214,107,107,0.5,0.5,1.0,0,0,0,-0.10413766640559724,False,1.0,True,same,Rat CORTEX PROT 2w
rat_train,CORTEX,PROT,4w,training vs sedentary,2,214,109,105,0.5093457943925234,0.49065420560747663,0.8375731060432168,0,0,0,-0.22245282255337662,False,0.9170508460327191,True,opposed,Rat CORTEX PROT 4w
rat_train,CORTEX,PROT,8w,training vs sedentary,2,214,103,111,0.48130841121495327,0.5186915887850467,0.6323902913164321,0,0,0,-0.4383950179223928,False,0.7734410181549389,True,same,Rat CORTEX PROT 8w
rat_train,CORTEX,PHOSPHO,1w,training vs sedentary,2,94,48,46,0.5106382978723404,0.48936170212765956,0.917923067315743,0,0,0,-0.09907703016682709,False,0.9834890006954389,True,opposed,Rat CORTEX PHOSPHO 1w
rat_train,CORTEX,PHOSPHO,2w,training vs sedentary,2,94,45,49,0.4787234042553192,0.5212765957446809,0.7571890741424067,3,0,3,-0.45426793013805056,False,0.8770529816321312,True,same,Rat CORTEX PHOSPHO 2w
rat_train,CORTEX,PHOSPHO,4w,training vs sedentary,2,94,48,46,0.5106382978723404,0.48936170212765956,0.917923067315743,1,0,1,-0.5689189652689431,False,0.9834890006954389,True,opposed,Rat CORTEX PHOSPHO 4w
rat_train,CORTEX,PHOSPHO,8w,training vs sedentary,2,94,48,46,0.5106382978723404,0.48936170212765956,0.917923067315743,0,0,0,-0.030603940049200848,False,0.9834890006954389,True,opposed,Rat CORTEX PHOSPHO 8w
rat_train,ADRNL,RNA,1w,training vs sedentary,2,230,100,130,0.43478260869565216,0.5652173913043478,0.05561357778139264,56,12,44,-1.7754656642078752,False,0.1265581916360294,True,same,Rat ADRNL RNA 1w
rat_train,ADRNL,RNA,2w,training vs sedentary,2,230,122,108,0.5304347826086957,0.46956521739130436,0.3913839030786506,42,38,4,1.9519761125021713,False,0.5861062608006913,True,opposed,Rat ADRNL RNA 2w
rat_train,ADRNL,RNA,4w,training vs sedentary,2,229,126,103,0.5502183406113537,0.4497816593886463,0.14583841090489003,0,0,0,2.4125393554955084,False,0.27516681302809437,True,opposed,Rat ADRNL RNA 4w
rat_train,ADRNL,RNA,8w,training vs sedentary,2,230,127,103,0.5521739130434783,0.44782608695652176,0.12919367225164413,37,32,5,1.890424393846593,False,0.2514540445597791,True,opposed,Rat ADRNL RNA 8w
rat_train,BAT,RNA,1w,training vs sedentary,2,235,138,97,0.5872340425531914,0.4127659574468085,0.008929511193608554,0,0,0,1.5001645262182166,False,0.030099475933511977,True,opposed,Rat BAT RNA 1w
rat_train,BAT,RNA,2w,training vs sedentary,2,238,145,93,0.6092436974789915,0.3907563025210084,0.0009081891284418302,0,0,0,1.320439482957323,False,0.004394463524718534,True,opposed,Rat BAT RNA 2w
rat_train,BAT,RNA,4w,training vs sedentary,2,238,141,97,0.592436974789916,0.40756302521008403,0.00520671372233914,1,1,0,2.015787914272616,False,0.019525176458771776,True,opposed,Rat BAT RNA 4w
rat_train,BAT,RNA,8w,training vs sedentary,2,234,159,75,0.6794871794871795,0.32051282051282054,4.169800332747068e-08,63,54,9,5.273695953814196,False,8.905481570154219e-07,True,opposed,Rat BAT RNA 8w
rat_train,BLOOD,RNA,1w,training vs sedentary,2,211,103,108,0.4881516587677725,0.5118483412322274,0.7831087298262331,12,1,11,-0.9194310702626086,False,0.8783637152777778,True,same,Rat BLOOD RNA 1w
rat_train,BLOOD,RNA,2w,training vs sedentary,2,211,103,108,0.4881516587677725,0.5118483412322274,0.7831087298262331,10,1,9,-1.5361362277348762,False,0.8783637152777778,True,same,Rat BLOOD RNA 2w
rat_train,BLOOD,RNA,4w,training vs sedentary,2,212,103,109,0.4858490566037736,0.5141509433962265,0.7313867550206434,1,0,1,-1.2986652201385651,False,0.8624593675185547,True,same,Rat BLOOD RNA 4w
rat_train,BLOOD,RNA,8w,training vs sedentary,2,210,89,121,0.4238095238095238,0.5761904761904761,0.03217260969957721,29,3,26,-3.129691861019544,False,0.08320502508511349,True,same,Rat BLOOD RNA 8w
rat_train,COLON,RNA,1w,training vs sedentary,2,230,135,95,0.5869565217391305,0.41304347826086957,0.009970063452442373,4,4,0,1.8901199435216145,False,0.03181935144396502,True,opposed,Rat COLON RNA 1w
rat_train,COLON,RNA,2w,training vs sedentary,2,230,154,76,0.6695652173913044,0.33043478260869563,2.9790137432371465e-07,1,1,0,2.763329509020707,False,4.703705910374442e-06,True,opposed,Rat COLON RNA 2w
rat_train,COLON,RNA,4w,training vs sedentary,2,230,105,125,0.45652173913043476,0.5434782608695652,0.21017672762224351,0,0,0,-0.7258391366252066,False,0.364468313795798,True,same,Rat COLON RNA 4w
rat_train,COLON,RNA,8w,training vs sedentary,2,230,78,152,0.3391304347826087,0.6608695652173913,1.2122453400939634e-06,1,0,1,-4.1990152696250735,False,1.5153066751174543e-05,True,same,Rat COLON RNA 8w
rat_train,HIPPOC,RNA,1w,training vs sedentary,2,224,115,109,0.5133928571428571,0.48660714285714285,0.7384057149811339,0,0,0,-0.22263479506188505,False,0.8624593675185547,True,opposed,Rat HIPPOC RNA 1w
rat_train,HIPPOC,RNA,2w,training vs sedentary,2,224,103,121,0.45982142857142855,0.5401785714285714,0.25596461781212193,0,0,0,-0.20964126444827652,False,0.4363033258161169,True,same,Rat HIPPOC RNA 2w
rat_train,HIPPOC,RNA,4w,training vs sedentary,2,224,108,116,0.48214285714285715,0.5178571428571429,0.6400920474779092,0,0,0,-0.884434082803722,False,0.7743048961426321,True,same,Rat HIPPOC RNA 4w
rat_train,HIPPOC,RNA,8w,training vs sedentary,2,224,113,111,0.5044642857142857,0.4955357142857143,0.9467485607342832,0,0,0,-0.011824858201015337,False,0.9935839637089893,True,opposed,Rat HIPPOC RNA 8w
rat_train,HYPOTH,RNA,1w,training vs sedentary,2,226,112,114,0.49557522123893805,0.504424778761062,0.9469841865717428,0,0,0,-0.15420209040824984,False,0.9935839637089893,True,same,Rat HYPOTH RNA 1w
rat_train,HYPOTH,RNA,2w,training vs sedentary,2,226,108,118,0.4778761061946903,0.5221238938053098,0.5494876579470018,0,0,0,-0.3585597658529727,False,0.7067225192300125,True,same,Rat HYPOTH RNA 2w
rat_train,HYPOTH,RNA,4w,training vs sedentary,2,226,112,114,0.49557522123893805,0.504424778761062,0.9469841865717428,0,0,0,-0.2909002798426408,False,0.9935839637089893,True,same,Rat HYPOTH RNA 4w
rat_train,HYPOTH,RNA,8w,training vs sedentary,2,226,105,121,0.4646017699115044,0.5353982300884956,0.31838536941388396,0,0,0,-0.05545715064095602,False,0.49747713970919366,True,same,Rat HYPOTH RNA 8w
rat_train,OVARY,RNA,1w,training vs sedentary,1,116,53,63,0.45689655172413796,0.5431034482758621,0.4034696996553114,3,1,2,-0.9359547270060151,False,0.5861062608006913,True,same,Rat OVARY RNA 1w
rat_train,OVARY,RNA,2w,training vs sedentary,1,116,54,62,0.46551724137931033,0.5344827586206896,0.5159130749957949,1,0,1,-1.994163773936723,False,0.672930097820602,True,same,Rat OVARY RNA 2w
rat_train,OVARY,RNA,4w,training vs sedentary,1,116,35,81,0.3017241379310345,0.6982758620689655,2.332238289572831e-05,0,0,0,-2.4982909966394278,False,0.00017491787171796232,True,same,Rat OVARY RNA 4w
rat_train,OVARY,RNA,8w,training vs sedentary,1,116,58,58,0.5,0.5,1.0,0,0,0,-0.9924435248848061,False,1.0,True,same,Rat OVARY RNA 8w
rat_train,SMLINT,RNA,1w,training vs sedentary,2,228,104,124,0.45614035087719296,0.543859649122807,0.2081848941841444,24,10,14,-0.7301449204392545,False,0.36311318753048444,True,same,Rat SMLINT RNA 1w
rat_train,SMLINT,RNA,2w,training vs sedentary,2,228,114,114,0.5,0.5,1.0,0,0,0,-0.4625283737417271,False,1.0,True,same,Rat SMLINT RNA 2w
rat_train,SMLINT,RNA,4w,training vs sedentary,2,228,145,83,0.6359649122807017,0.36403508771929827,4.843544745277168e-05,0,0,0,1.9903573845011093,False,0.0003229029830184779,True,opposed,Rat SMLINT RNA 4w
rat_train,SMLINT,RNA,8w,training vs sedentary,2,228,105,123,0.4605263157894737,0.5394736842105263,0.26018223025239634,0,0,0,-0.8941175220404021,False,0.44098683093626495,True,same,Rat SMLINT RNA 8w
rat_train,SPLEEN,RNA,1w,training vs sedentary,2,230,99,131,0.43043478260869567,0.5695652173913044,0.0407125291000967,0,0,0,-1.4380927935204282,False,0.10011277647564762,True,same,Rat SPLEEN RNA 1w
rat_train,SPLEEN,RNA,2w,training vs sedentary,2,230,99,131,0.43043478260869567,0.5695652173913044,0.0407125291000967,0,0,0,-1.7713993052174521,False,0.10011277647564762,True,same,Rat SPLEEN RNA 2w
rat_train,SPLEEN,RNA,4w,training vs sedentary,2,230,123,107,0.5347826086956522,0.4652173913043478,0.32263335979354757,0,0,0,0.5746023506953053,False,0.49891756669105297,True,opposed,Rat SPLEEN RNA 4w
rat_train,SPLEEN,RNA,8w,training vs sedentary,2,230,85,145,0.3695652173913043,0.6304347826086957,9.200713177789856e-05,7,2,5,-2.862818601536433,False,0.000587279564539778,True,same,Rat SPLEEN RNA 8w
rat_train,TESTES,RNA,1w,training vs sedentary,1,112,63,49,0.5625,0.4375,0.2191311474977846,0,0,0,1.5283148879842277,False,0.37565339571048784,True,opposed,Rat TESTES RNA 1w
rat_train,TESTES,RNA,2w,training vs sedentary,1,112,50,62,0.44642857142857145,0.5535714285714286,0.29859285283284626,0,0,0,-0.05165458487723236,False,0.4764779566481589,True,same,Rat TESTES RNA 2w
rat_train,TESTES,RNA,4w,training vs sedentary,1,112,61,51,0.5446428571428571,0.45535714285714285,0.3951933573578236,0,0,0,0.977458944626985,False,0.5861062608006913,True,opposed,Rat TESTES RNA 4w
rat_train,TESTES,RNA,8w,training vs sedentary,1,112,59,53,0.5267857142857143,0.4732142857142857,0.6367997716142331,0,0,0,0.7412594636737011,False,0.7734410181549389,True,opposed,Rat TESTES RNA 8w
rat_train,VENACV,RNA,4w,training vs sedentary,2,236,83,153,0.3516949152542373,0.6483050847457628,6.099553696307587e-06,0,0,0,-2.4910846041967947,False,5.718331590288363e-05,True,same,Rat VENACV RNA 4w
rat_train,VENACV,RNA,8w,training vs sedentary,2,239,115,124,0.4811715481171548,0.5188284518828452,0.604916208688432,0,0,0,-0.12605758228771494,False,0.7624994227165108,True,same,Rat VENACV RNA 8w
rat_train,VENACV,RNA,1w,training vs sedentary,1,116,35,81,0.3017241379310345,0.6982758620689655,2.332238289572831e-05,3,2,1,-2.4318968011982474,False,0.00017491787171796232,True,same,Rat VENACV RNA 1w
rat_train,VENACV,RNA,2w,training vs sedentary,1,118,48,70,0.4067796610169492,0.5932203389830508,0.05274834967739157,0,0,0,-0.7302286979067992,False,0.12267058064509669,True,same,Rat VENACV RNA 2w
