gene,layer,x,time,series,logFC,se,lo,hi,fdr_min,significant
ALAS2,RNA,0,15–45 min,EE,0.114788331721328,0.5948354326597305,-1.0510891162917437,1.2806657797343999,0.9611814451603564,False
BPGM,RNA,0,15–45 min,EE,0.0044956236098925,0.09423224040059036,-0.1801995675752646,0.1891908147950496,0.9907935951286432,False
FECH,RNA,0,15–45 min,EE,-0.0618097672167863,0.04614455582545451,-0.15225309663467712,0.028633562201104537,0.5516884632857819,False
GLRX5,RNA,0,15–45 min,EE,-0.0436625586600412,0.04891937999215311,-0.1395445434446613,0.052219426124578895,0.7315640658445471,False
GSPT1,RNA,0,15–45 min,EE,-0.0349320266149657,0.04446400883359133,-0.12208148392880469,0.052217430698873295,0.7714307108662031,False
HBA2,RNA,0,15–45 min,EE,-0.0091388391187956,0.5041742070440177,-0.9973202849250704,0.9790426066874791,0.9965359559229124,False
HBB,RNA,0,15–45 min,EE,0.0057327696343604,0.5261630170118468,-1.0255467437088592,1.0370122829775799,0.998541038998681,False
SELENBP1,RNA,0,15–45 min,EE,-0.202423310145452,0.07508040604227513,-0.34958090598831126,-0.05526571430259275,0.0955823372961238,False
SLC25A37,RNA,0,15–45 min,EE,-0.0938276472967576,0.061648168684792476,-0.21465805791895087,0.02700276332543565,0.4726247676843826,False
TMCC2,RNA,0,15–45 min,EE,-0.033009926754346,0.14068379044238385,-0.30875015602141836,0.24273030251272637,0.9512928489923964,False
TSPAN5,RNA,0,15–45 min,EE,0.150145980869576,0.26419037601037737,-0.3676671561107636,0.6679591178499156,0.8503605253346155,False
ALAS2,RNA,1,3.5–4 h,EE,-0.23039244355929503,0.5988338719525755,-1.404106832586343,0.943321945467753,0.8702558883267463,False
BPGM,RNA,1,3.5–4 h,EE,-0.0627853677894743,0.09723048861405285,-0.2533571254730179,0.1277863898940693,0.7602925992653687,False
FECH,RNA,1,3.5–4 h,EE,-0.0774150456886966,0.0484991433578315,-0.17247336667004634,0.017643275292653138,0.3290188827015415,False
GLRX5,RNA,1,3.5–4 h,EE,-0.0798285022387626,0.051565719912615014,-0.18089731326748804,0.021240308789962817,0.3474984709962037,False
GSPT1,RNA,1,3.5–4 h,EE,0.0474453169808999,0.04675555598081217,-0.04419557274149196,0.13908620670329175,0.5912559526591188,False
HBA2,RNA,1,3.5–4 h,EE,-0.094126017333481,0.5095522000507667,-1.0928483294329838,0.9045962947660218,0.9421371106304666,False
HBB,RNA,1,3.5–4 h,EE,-0.0142501628149797,0.5437427547954499,-1.0799859622140613,1.051485636584102,0.992332600050438,False
SELENBP1,RNA,1,3.5–4 h,EE,-0.240145053685827,0.07889124295989643,-0.394771889887224,-0.08551821748443,0.0239028810316047,True
SLC25A37,RNA,1,3.5–4 h,EE,0.0544418000284725,0.06476954914275794,-0.07250651629133305,0.18139011634827806,0.6729551572133625,False
TMCC2,RNA,1,3.5–4 h,EE,-0.738310343249438,0.14969412779344682,-1.0317108337245937,-0.44490985277428224,4.6456167912916776e-05,True
TSPAN5,RNA,1,3.5–4 h,EE,0.158459324040406,0.23663707686697533,-0.3053493466188656,0.6222679946996776,0.7519195440442084,False
ALAS2,RNA,2,24 h,EE,0.892851284130481,0.5513270593664117,-0.18774975222768586,1.9734523204886478,0.3786039136831478,False
BPGM,RNA,2,24 h,EE,0.376360878338073,0.09130195398004767,0.19740904853717958,0.5553127081389665,0.0021431539212903,True
FECH,RNA,2,24 h,EE,0.0032802393430451,0.04501309835692726,-0.08494543343653232,0.09150591212262252,0.986379721297992,False
GLRX5,RNA,2,24 h,EE,0.139946692517974,0.04772304308104116,0.046409528079133344,0.23348385695681467,0.0477710414224937,True
GSPT1,RNA,2,24 h,EE,-0.0437477819635639,0.04350356782543686,-0.12901477490142013,0.041519210974292335,0.6496049048117695,False
HBA2,RNA,2,24 h,EE,0.593655333536614,0.4812379626938629,-0.34957107334335713,1.536881740416585,0.5499168542575066,False
HBB,RNA,2,24 h,EE,0.407134157944651,0.5118762018639993,-0.5961431977087877,1.4104115135980897,0.7388043228690679,False
SELENBP1,RNA,2,24 h,EE,-0.0759380141757386,0.07341786527364492,-0.21983703011208267,0.06796100176060545,0.6376562264270685,False
SLC25A37,RNA,2,24 h,EE,0.0574490186584029,0.06000329542456789,-0.06015744037375017,0.17505547769055596,0.6679022702758399,False
TMCC2,RNA,2,24 h,EE,-0.12244522581930699,0.1380074568448207,-0.3929398412351555,0.14804938959654151,0.7007320720537402,False
TSPAN5,RNA,2,24 h,EE,0.361360697396661,0.24989464762018282,-0.12843281193889733,0.8511542067322193,0.4510896100592094,False
ALAS2,RNA,0,15–45 min,RE,0.120114212812477,0.5764742517354262,-1.0097753205889584,1.2500037462139124,0.9521134102358292,False
BPGM,RNA,0,15–45 min,RE,0.00542295365643,0.09125322613869837,-0.1734333695754188,0.1842792768882788,0.9870362899744208,False
FECH,RNA,0,15–45 min,RE,-0.101122760574203,0.04472507227597742,-0.18878390223511873,-0.01346161891328726,0.2098065385494948,False
GLRX5,RNA,0,15–45 min,RE,-0.065571587868253,0.04738202722152288,-0.15844036122243782,0.027297185485931838,0.5328385563470521,False
GSPT1,RNA,0,15–45 min,RE,-0.0487325521811002,0.04309417514646764,-0.1331971354681768,0.03573203110597638,0.6371421904087103,False
HBA2,RNA,0,15–45 min,RE,-0.182072875018652,0.4998084784454915,-1.161697492771815,0.7975517427345112,0.910039894632941,False
HBB,RNA,0,15–45 min,RE,-0.332389950733531,0.5230731798663225,-1.3576133832715231,0.692833481804461,0.8267899974671375,False
SELENBP1,RNA,0,15–45 min,RE,-0.151349308615023,0.07277374847772493,-0.2939858556313638,-0.008712761598682145,0.2676099545928763,False
SLC25A37,RNA,0,15–45 min,RE,-0.0450606753965017,0.05966400614381655,-0.16200212743838213,0.07188077664537873,0.7866014294484869,False
TMCC2,RNA,0,15–45 min,RE,-0.248809936560518,0.1370262520689197,-0.5173813906156006,0.01976151749456459,0.3622590465325666,False
TSPAN5,RNA,0,15–45 min,RE,-0.0251532636723977,0.2554468385458266,-0.5258290672222178,0.47552253987742243,0.9786480865623028,False
ALAS2,RNA,1,3.5–4 h,RE,-1.16911857506481,0.5761199239268096,-2.298313625961357,-0.03992352416826339,0.1060972327157751,False
BPGM,RNA,1,3.5–4 h,RE,-0.0718074147550176,0.093123486250368,-0.25432944780573885,0.11071461829570366,0.6011926007602966,False
FECH,RNA,1,3.5–4 h,RE,-0.0970357678204046,0.04653737345475442,-0.18824901979172326,-0.005822515849085941,0.0956348744296966,False
GLRX5,RNA,1,3.5–4 h,RE,-0.0231616002996438,0.04929498495144699,-0.11977977080447991,0.0734565702051923,0.7662990878433403,False
GSPT1,RNA,1,3.5–4 h,RE,0.13173411146542896,0.044738692874713576,0.04404627343099035,0.21942194949986757,0.0134350160890057,True
HBA2,RNA,1,3.5–4 h,RE,-0.357756128176955,0.5150350601861882,-1.3672248461418839,0.6517125897879739,0.6434438267503884,False
HBB,RNA,1,3.5–4 h,RE,-0.642249066978309,0.553216129977933,-1.7265526817350576,0.44205454777843967,0.3991609177457444,False
SELENBP1,RNA,1,3.5–4 h,RE,-0.246603751372626,0.07571778855953523,-0.39501061694931505,-0.09819688579593694,0.0057243255026084,True
SLC25A37,RNA,1,3.5–4 h,RE,-0.0075889753252278,0.06201901306288806,-0.1291462409284884,0.11396829027803279,0.9435179660631884,False
TMCC2,RNA,1,3.5–4 h,RE,-1.02638065161369,0.14487340977061608,-1.3103325347640975,-0.7424287684632824,3.392051817918633e-10,True
TSPAN5,RNA,1,3.5–4 h,RE,0.547144643145678,0.22442248641089382,0.10727656978032613,0.9870127165110298,0.046352386374353,True
ALAS2,RNA,2,24 h,RE,0.38673403441407,0.5627802377131449,-0.716315231503694,1.489783300331834,0.7141041211940596,False
BPGM,RNA,2,24 h,RE,0.531103515624805,0.08877104798824417,0.35711226156784637,0.7050947696817635,3.589342175077862e-07,True
FECH,RNA,2,24 h,RE,-0.15984101904132,0.0440984157596722,-0.24627391393027753,-0.07340812415236249,0.0033077577178314,True
GLRX5,RNA,2,24 h,RE,-0.0370989901068048,0.046634750087797244,-0.1285031002788874,0.054305120065277795,0.662460109864089,False
GSPT1,RNA,2,24 h,RE,0.027986091718053,0.04257638210460065,-0.05546361720696427,0.11143580064307027,0.7291755823093126,False
HBA2,RNA,2,24 h,RE,0.0435909105346058,0.49951095633707276,-0.9354505638860567,1.0226323849552683,0.9723943734800587,False
HBB,RNA,2,24 h,RE,-0.0200621320431016,0.5302616757638681,-1.0593750165402829,1.0192507524540797,0.98761117402897,False
SELENBP1,RNA,2,24 h,RE,-0.293411912913778,0.07190947388801823,-0.4343544817342937,-0.15246934409326227,0.0007781415655872,True
SLC25A37,RNA,2,24 h,RE,0.23675708333391401,0.05856650231372921,0.12196673879900477,0.35154742786882326,0.0008818815357491,True
TMCC2,RNA,2,24 h,RE,-0.0892987719066123,0.1339720073685401,-0.35188390634895084,0.17328636253572627,0.7243789993636327,False
TSPAN5,RNA,2,24 h,RE,0.358356748016178,0.24641436046967816,-0.12461539850439118,0.8413288945367472,0.3433332842706604,False
AHSP,PROT,0,15–45 min,EE,0.328137478957074,0.30945349120940685,-0.2783913638133634,0.9346663217275114,0.9976662116187048,False
BPGM,PROT,0,15–45 min,EE,0.20731781237235,0.19121616277101053,-0.16746586665883065,0.5821014914035306,0.9976662116187048,False
CA1,PROT,0,15–45 min,EE,0.504465416305386,0.33937228747813086,-0.16070426715175046,1.1696350997625224,0.9976662116187048,False
EPB42,PROT,0,15–45 min,EE,0.32504836492499,0.26014180394502123,-0.1848295708072516,0.8349263006572316,0.9976662116187048,False
FECH,PROT,0,15–45 min,EE,-0.0869656906732959,0.04751178763148081,-0.1800887944309983,0.006157413084406482,0.9976662116187048,False
GLRX5,PROT,0,15–45 min,EE,-0.0789531111902566,0.045799083009799214,-0.16871931388946304,0.010813091508949865,0.9976662116187048,False
GSPT1,PROT,0,15–45 min,EE,0.0061700316531774,0.02848391556012341,-0.04965844284466449,0.06199850615101929,0.9976662116187048,False
HBB,PROT,0,15–45 min,EE,0.374778908273708,0.3533986940590749,-0.3178825320820788,1.0674403486294948,0.9976662116187048,False
HBD,PROT,0,15–45 min,EE,0.295248977033851,0.3320581750546314,-0.3555850460732266,0.9460830001409286,0.9976662116187048,False
HBM,PROT,0,15–45 min,EE,0.153987146310544,0.27833828162005697,-0.3915558856647676,0.6995301782858556,0.9976662116187048,False
HBQ1,PROT,0,15–45 min,EE,0.106615489492463,0.24241318471651352,-0.36851435255190346,0.5817453315368295,0.9976662116187048,False
MYL4,PROT,0,15–45 min,EE,0.0113593057549202,0.166046704109822,-0.3140922343003309,0.33681084581017134,0.9976662116187048,False
SELENBP1,PROT,0,15–45 min,EE,0.0466080626225854,0.08383496564440546,-0.11770847004044929,0.2109245952856201,0.9976662116187048,False
SNCA,PROT,0,15–45 min,EE,0.363401665250987,0.2840304214649563,-0.1932979608203273,0.9201012913223012,0.9976662116187048,False
AHSP,PROT,1,3.5–4 h,EE,0.0832155843136632,0.33797528517409914,-0.5792159746275711,0.7456471432548974,0.9992395295828024,False
BPGM,PROT,1,3.5–4 h,EE,-0.114706133263239,0.21006992068242125,-0.5264431778007846,0.2970309112743067,0.9992395295828024,False
CA1,PROT,1,3.5–4 h,EE,-0.182875547072008,0.3728341186185083,-0.9136304195642843,0.5478793254202682,0.9992395295828024,False
EPB42,PROT,1,3.5–4 h,EE,-0.111853208178174,0.2857915739390493,-0.6720046930987107,0.44829827674236267,0.9992395295828024,False
FECH,PROT,1,3.5–4 h,EE,0.0053268358064028,0.05275579202501868,-0.09807451656263382,0.1087281881754394,0.9992395295828024,False
GLRX5,PROT,1,3.5–4 h,EE,-0.014365041436325202,0.050892216055883455,-0.11411378490585677,0.08538370203320636,0.9992395295828024,False
GSPT1,PROT,1,3.5–4 h,EE,0.0389775382052353,0.031518493319324166,-0.02279870870064006,0.10075378511111066,0.9992395295828024,False
HBB,PROT,1,3.5–4 h,EE,-0.0175133579052906,0.38824351746439206,-0.778470652135499,0.7434439363249178,0.9992395295828024,False
HBD,PROT,1,3.5–4 h,EE,-0.0136146201474165,0.36479884066709745,-0.7286203478549276,0.7013911075600945,0.9992395295828024,False
HBM,PROT,1,3.5–4 h,EE,-0.103528266139308,0.30602286959588565,-0.7033330905472438,0.4962765582686278,0.9992395295828024,False
HBQ1,PROT,1,3.5–4 h,EE,-0.252416598672997,0.26481006089778236,-0.7714443180326505,0.26661112068665643,0.9992395295828024,False
MYL4,PROT,1,3.5–4 h,EE,0.15183153570972802,0.1827995582541942,-0.2064555984684926,0.5101186698879486,0.9992395295828024,False
SELENBP1,PROT,1,3.5–4 h,EE,0.0440707180625987,0.09290270621503684,-0.13801858611887352,0.2261600222440709,0.9992395295828024,False
SNCA,PROT,1,3.5–4 h,EE,-0.134263014629207,0.3120355896901407,-0.7458527704218828,0.47732674116346885,0.9992395295828024,False
AHSP,PROT,2,24 h,EE,0.0801543767312001,0.2994829738354319,-0.5068322519862464,0.6671410054486465,0.963823525889336,False
BPGM,PROT,2,24 h,EE,0.3146099129614491,0.18627369016223777,-0.05048651975653695,0.6797063456794351,0.6974170731265167,False
CA1,PROT,2,24 h,EE,0.304602518455318,0.3306003394862348,-0.34337414693770224,0.9525791838483382,0.848699451091728,False
EPB42,PROT,2,24 h,EE,0.24358467528717,0.2534177711971471,-0.2531141562592383,0.7402835068335784,0.8420314703955107,False
FECH,PROT,2,24 h,EE,-0.053864051657768,0.04580525929843594,-0.14364235988270244,0.03591425656716643,0.7897288744062139,False
GLRX5,PROT,2,24 h,EE,-0.0435056332344159,0.044044906778333295,-0.12983365051994916,0.04282238405111736,0.8340097386981494,False
GSPT1,PROT,2,24 h,EE,0.025767804247736698,0.027600958671093228,-0.02833007474760603,0.07986568324307942,0.8483688345474533,False
HBB,PROT,2,24 h,EE,0.313481694607021,0.34426419758110205,-0.36127613265193903,0.9882395218659811,0.8506283324316517,False
HBD,PROT,2,24 h,EE,0.330965081872649,0.3234752790747961,-0.30304646511395134,0.9649766288592494,0.8257414125491135,False
HBM,PROT,2,24 h,EE,0.396533770708805,0.27255109409457134,-0.13766637371655477,0.9307339151341648,0.7532082268600881,False
HBQ1,PROT,2,24 h,EE,0.136440203694106,0.2388190826311122,-0.33164519826287386,0.6045256056510859,0.9160851099362618,False
MYL4,PROT,2,24 h,EE,-0.182652363564393,0.16155278084623842,-0.49929581402302026,0.1339910868942343,0.7987364457446084,False
SELENBP1,PROT,2,24 h,EE,0.073493157260048,0.08109967097404545,-0.08546219784908109,0.23244851236917707,0.8523026738537774,False
SNCA,PROT,2,24 h,EE,0.237685757904059,0.2766889260714421,-0.3046245371959675,0.7799960530040855,0.8624389292131367,False
AHSP,PROT,0,15–45 min,RE,0.258159297003121,0.30167739273072264,-0.33312839274909534,0.8494469867553374,0.8683828398350464,False
BPGM,PROT,0,15–45 min,RE,0.214173759224423,0.18869288058602482,-0.15566428672418564,0.5840118051730316,0.8100150710513055,False
CA1,PROT,0,15–45 min,RE,0.4922844415684479,0.33489394195199135,-0.16410768465745512,1.148676567794351,0.8067779026272052,False
EPB42,PROT,0,15–45 min,RE,0.320528880673196,0.256708981269615,-0.18262072261524936,0.8236784839616413,0.8069674612887112,False
FECH,PROT,0,15–45 min,RE,-0.09611741558997641,0.04676882702734711,-0.18778431656357675,-0.004450514616376078,0.8067779026272052,False
GLRX5,PROT,0,15–45 min,RE,-0.111986491989661,0.0450394616210981,-0.20026383676701326,-0.023709147212308726,0.8067779026272052,False
GSPT1,PROT,0,15–45 min,RE,-0.0161632124805285,0.028085494812227104,-0.07121078231249363,0.038884357351436624,0.9128028076442752,False
HBB,PROT,0,15–45 min,RE,0.518171334154687,0.34873525653374277,-0.1653497686514488,1.2016924369608226,0.8067779026272052,False
HBD,PROT,0,15–45 min,RE,0.4433432937515939,0.32767634631509296,-0.1989023450259883,1.085588932529176,0.8067779026272052,False
HBM,PROT,0,15–45 min,RE,0.139446793811866,0.2759879000143087,-0.40148949021617897,0.6803830778399109,0.921015495009132,False
HBQ1,PROT,0,15–45 min,RE,0.181500539939439,0.23902939389224226,-0.2869970720893558,0.6499981519682339,0.8811385680542834,False
MYL4,PROT,0,15–45 min,RE,0.12136713708609201,0.16384543761078835,-0.19976992063105317,0.4425041948032372,0.8839900245377683,False
SELENBP1,PROT,0,15–45 min,RE,0.0629278043792208,0.08262195016975035,-0.09901121795348988,0.22486682671193148,0.880669527448527,False
SNCA,PROT,0,15–45 min,RE,0.337545671377793,0.28028236537968254,-0.21180776476638474,0.8868991075219708,0.8077205365761873,False
AHSP,PROT,1,3.5–4 h,RE,-0.229989912711909,0.3254653290451492,-0.8679019576404015,0.4079221322165834,0.9999070318892754,False
BPGM,PROT,1,3.5–4 h,RE,-0.279044899647674,0.20363360578263137,-0.6781667669816315,0.12007696768628351,0.9999070318892754,False
CA1,PROT,1,3.5–4 h,RE,-0.320974637213822,0.36141088493984297,-1.0293399716959142,0.38739069726827013,0.9999070318892754,False
EPB42,PROT,1,3.5–4 h,RE,-0.340159398861716,0.2770352295771224,-0.8831484488328759,0.20282965110944395,0.9999070318892754,False
FECH,PROT,1,3.5–4 h,RE,0.0162608607489728,0.05123264918726917,-0.08415513165807477,0.11667685315602037,0.9999070318892754,False
GLRX5,PROT,1,3.5–4 h,RE,-0.0633976274453155,0.049484128498976515,-0.16038651930330947,0.033591264412678457,0.9999070318892754,False
GSPT1,PROT,1,3.5–4 h,RE,0.0440219984419407,0.030560030119195006,-0.015875660591681516,0.10391965747556292,0.9999070318892754,False
HBB,PROT,1,3.5–4 h,RE,-0.19216227805985,0.376348156490842,-0.9298046647819004,0.5454801086622004,0.9999070318892754,False
HBD,PROT,1,3.5–4 h,RE,-0.243123422421794,0.3536217992040279,-0.9362221488616886,0.4499753040181007,0.9999070318892754,False
HBM,PROT,1,3.5–4 h,RE,-0.137442732130052,0.29647848978267227,-0.7185405721040896,0.44365510784398565,0.9999070318892754,False
HBQ1,PROT,1,3.5–4 h,RE,-0.334690967124106,0.25647853537518156,-0.8373888964594618,0.16800696221124983,0.9999070318892754,False
MYL4,PROT,1,3.5–4 h,RE,0.121918258549091,0.1771882215665427,-0.2253706557213327,0.4692071728195147,0.9999070318892754,False
SELENBP1,PROT,1,3.5–4 h,RE,-0.0300756738689515,0.090111174946864,-0.20669357676480493,0.14654222902690195,0.9999070318892754,False
SNCA,PROT,1,3.5–4 h,RE,-0.299039129924152,0.3024751571033948,-0.8918904378468058,0.29381217799850173,0.9999070318892754,False
AHSP,PROT,2,24 h,RE,0.09962666433060502,0.289555715271419,-0.4679025376013762,0.6671558662625863,0.9606152912239292,False
BPGM,PROT,2,24 h,RE,0.119148359000061,0.18057148773743745,-0.23477175696531638,0.47306847496543836,0.9049818964841596,False
CA1,PROT,2,24 h,RE,0.230878495409033,0.3204800156991436,-0.39726233536128847,0.8590193261793544,0.8975224639361541,False
EPB42,PROT,2,24 h,RE,0.19710635541473,0.2456601569675201,-0.2843875522416094,0.6786002630710695,0.8852304735128086,False
FECH,PROT,2,24 h,RE,-0.0898011799636087,0.044304960010200886,-0.17663890158360243,-0.002963458343614972,0.5573744382284216,False
GLRX5,PROT,2,24 h,RE,-0.102842400430445,0.04259135168112483,-0.18632144972544967,-0.01936335113544034,0.441735899736719,False
GSPT1,PROT,2,24 h,RE,0.04747657228704131,0.02672109618695864,-0.004896776239397625,0.09984992081348024,0.6279914561930028,False
HBB,PROT,2,24 h,RE,0.23773604445748303,0.3337255963405877,-0.41636612437006887,0.8918382132850349,0.8990929155227164,False
HBD,PROT,2,24 h,RE,0.245496084546722,0.3135730673394904,-0.36910712743867924,0.8600992965321232,0.8863109109124518,False
HBM,PROT,2,24 h,RE,0.171183751355168,0.2670723238608184,-0.35227800341203613,0.6946455061223722,0.9063295737815956,False
HBQ1,PROT,2,24 h,RE,0.0514332048779856,0.23119309020127676,-0.40170525191651685,0.504571661672488,0.9783505612536252,False
MYL4,PROT,2,24 h,RE,-0.31996396838302,0.15655578736398468,-0.62681331161643,-0.013114625149610037,0.5573744382284216,False
SELENBP1,PROT,2,24 h,RE,0.0256613164221225,0.07848698271080037,-0.12817316969104622,0.1794958025352912,0.9610722454083191,False
SNCA,PROT,2,24 h,RE,0.209786950479169,0.26821893622056336,-0.3159221645131352,0.7354960654714733,0.8865351659664326,False
